packet_checksum,packet_name,packet_year,question_id,pair_id,question_type,question_style,category,question_text,question_text_stripped,word_count,correct_answer,options_json,source
9f3637017a1faee9f783a0689f6bcfb59988a3e772d87ea4d28a272e3c2fe14d,DOUBLE ELIMINATION 1,2026,1,1,TOSSUP,SHORT_ANSWER,BIOLOGY,"Casey is doing some field work, and is currently investigating a corn plantation. Corn seeds have what type of modified cotyledon that transports nutrients to the embryo during germination?","Casey is doing some field work, and is currently investigating a corn plantation. Corn seeds have what type of modified cotyledon that transports nutrients to the embryo during germination?",29,"""Scutellum""",[],DASONI_2
9f3637017a1faee9f783a0689f6bcfb59988a3e772d87ea4d28a272e3c2fe14d,DOUBLE ELIMINATION 1,2026,2,1,BONUS,SHORT_ANSWER,BIOLOGY,Which specialized cells found at the micropylar end of the embryo sac help guide the pollen tube and facilitate the release of sperm cells into the egg?,Which specialized cells found at the micropylar end of the embryo sac help guide the pollen tube and facilitate the release of sperm cells into the egg?,27,"""Synergids""",[],DASONI_2
9f3637017a1faee9f783a0689f6bcfb59988a3e772d87ea4d28a272e3c2fe14d,DOUBLE ELIMINATION 1,2026,3,2,TOSSUP,SHORT_ANSWER,PHYSICS,Neutrinos are hypothesized to be what type of fermion which is its own antiparticle?,Neutrinos are hypothesized to be what type of fermion which is its own antiparticle?,14,"""Majorana fermion""",[],DASONI_2
9f3637017a1faee9f783a0689f6bcfb59988a3e772d87ea4d28a272e3c2fe14d,DOUBLE ELIMINATION 1,2026,4,2,BONUS,SHORT_ANSWER,PHYSICS,"Filip has a circuit with two 6 ohm resistors connected in parallel, both of which are connected in series to a 5 ohm resistor. If a battery with an EMF of 12 Volts connected to this circuit, what is the voltage in Volts across one of the 6 Ohm resistors?","Filip has a circuit with two 6 ohm resistors connected in parallel, both of which are connected in series to a 5 ohm resistor. If a battery with an EMF of 12 Volts connected to this circuit, what is the voltage in Volts across one of the 6 Ohm resistors?",50,"""4.5 Volts""",[],DASONI_2
9f3637017a1faee9f783a0689f6bcfb59988a3e772d87ea4d28a272e3c2fe14d,DOUBLE ELIMINATION 1,2026,5,3,TOSSUP,RANK,CHEMISTRY,Order the following 3 elements by increasing first ionization energy: 1) Nitrogen 2) Oxygen 3) Fluorine,Order the following 3 elements by increasing first ionization energy: 1) Nitrogen 2) Oxygen 3) Fluorine,16,"""2 1 3""",[],DASONI_2
9f3637017a1faee9f783a0689f6bcfb59988a3e772d87ea4d28a272e3c2fe14d,DOUBLE ELIMINATION 1,2026,6,3,BONUS,MULTIPLE_CHOICE,CHEMISTRY,"Given that the reaction N2 + 3H2 goes to 2NH3 is exothermic, which of the following conditions will push the reaction farthest to the right?","Given that the reaction N2 + 3H2 goes to 2NH3 is exothermic, which of the following conditions will push the reaction farthest to the right?",25,"""X""","[""high temperature, high pressure"", ""low temperature, high pressure"", ""high temperature, low pressure"", ""low temperature, low pressure""]",DASONI_2
9f3637017a1faee9f783a0689f6bcfb59988a3e772d87ea4d28a272e3c2fe14d,DOUBLE ELIMINATION 1,2026,7,4,TOSSUP,MULTIPLE_CHOICE,EARTH_SPACE,Which of the following types of topography would likely form through glacial processes?,Which of the following types of topography would likely form through glacial processes?,13,"""X""","[""Karst"", ""Knob and Kettle"", ""Basin and range"", ""Floodplain""]",DASONI_2
9f3637017a1faee9f783a0689f6bcfb59988a3e772d87ea4d28a272e3c2fe14d,DOUBLE ELIMINATION 1,2026,8,4,BONUS,IDENTIFY_ALL,EARTH_SPACE,"By name or number, identify all of the following four effects that are typical of a standard La Nina: 1. Stronger Walker Circulation, 2. Low pressure in the Eastern Pacific Ocean, 3. Colder Sea Surface temperatures in the Eastern Pacific, 4. Weaker coastal winds along Peru.","By name or number, identify all of the following four effects that are typical of a standard La Nina: 1. Stronger Walker Circulation, 2. Low pressure in the Eastern Pacific Ocean, 3. Colder Sea Surface temperatures in the Eastern Pacific, 4. Weaker coastal winds along Peru.",46,"""1, 3""",[],DASONI_2
9f3637017a1faee9f783a0689f6bcfb59988a3e772d87ea4d28a272e3c2fe14d,DOUBLE ELIMINATION 1,2026,9,5,TOSSUP,MULTIPLE_CHOICE,MATH,Which of the following functions is injective?,Which of the following functions is injective?,7,"""Y""","[""sine of x"", ""x squared"", ""natural log of x"", ""cotangent of x""]",DASONI_2
9f3637017a1faee9f783a0689f6bcfb59988a3e772d87ea4d28a272e3c2fe14d,DOUBLE ELIMINATION 1,2026,10,5,BONUS,SHORT_ANSWER,MATH,What is the sum of the digits of the number $(10^{2025}+1)(10^{2025}-1)$?,What is the sum of the digits of the number ?,11,"""36450""",[],DASONI_2
9f3637017a1faee9f783a0689f6bcfb59988a3e772d87ea4d28a272e3c2fe14d,DOUBLE ELIMINATION 1,2026,11,6,TOSSUP,SHORT_ANSWER,BIOLOGY,"Male peacocks have long, ornamental tails whereas female peahens do not. This is because peafowl exhibit what phenomenon that increases reproductive fitness?","Male peacocks have long, ornamental tails whereas female peahens do not. This is because peafowl exhibit what phenomenon that increases reproductive fitness?",22,"""Sexual dimorphism""",[],DASONI_2
9f3637017a1faee9f783a0689f6bcfb59988a3e772d87ea4d28a272e3c2fe14d,DOUBLE ELIMINATION 1,2026,12,6,BONUS,MULTIPLE_CHOICE,BIOLOGY,Which of the following plant structures lacks tissues?,Which of the following plant structures lacks tissues?,8,"""X""","[""Rhizome"", ""Rhizoid"", ""Trichome"", ""Peristome""]",DASONI_2
9f3637017a1faee9f783a0689f6bcfb59988a3e772d87ea4d28a272e3c2fe14d,DOUBLE ELIMINATION 1,2026,13,7,TOSSUP,SHORT_ANSWER,PHYSICS,Alex shoots an unpolarized beam of light of intensity I at two polarizers which are at an angle of 30 degrees with respect to each other. What is the final intensity of the light?,Alex shoots an unpolarized beam of light of intensity I at two polarizers which are at an angle of 30 degrees with respect to each other. What is the final intensity of the light?,34,"""3/8 I""",[],DASONI_2
9f3637017a1faee9f783a0689f6bcfb59988a3e772d87ea4d28a272e3c2fe14d,DOUBLE ELIMINATION 1,2026,14,7,BONUS,SHORT_ANSWER,PHYSICS,"Ethan is investigating his new thermodynamics textbook. He realizes that the book stably rotates about two axes, but that it cannot stably rotate about the third axis. What is this effect known as?","Ethan is investigating his new thermodynamics textbook. He realizes that the book stably rotates about two axes, but that it cannot stably rotate about the third axis. What is this effect known as?",33,"""Tennis racket theorem (ACCEPT: Dzhanibekov theorem, intermediate axis theorem)""",[],DASONI_2
9f3637017a1faee9f783a0689f6bcfb59988a3e772d87ea4d28a272e3c2fe14d,DOUBLE ELIMINATION 1,2026,15,8,TOSSUP,SHORT_ANSWER,CHEMISTRY,"In the reaction of lead 2 nitrate and potassium iodide, what are the spectator ions?","In the reaction of lead 2 nitrate and potassium iodide, what are the spectator ions?",15,"""potassium, nitrate (accept K+, NO3 -)""",[],DASONI_2
9f3637017a1faee9f783a0689f6bcfb59988a3e772d87ea4d28a272e3c2fe14d,DOUBLE ELIMINATION 1,2026,16,8,BONUS,SHORT_ANSWER,CHEMISTRY,The half-life of the second-order reaction 2A goes to B is 0.02 seconds when the concentration of A is 1 mole per liter. What is the half-life of this reaction when the concentration of A is 0.4 moles per liter?,The half-life of the second-order reaction 2A goes to B is 0.02 seconds when the concentration of A is 1 mole per liter. What is the half-life of this reaction when the concentration of A is 0.4 moles per liter?,40,"""0.05 seconds""",[],DASONI_2
9f3637017a1faee9f783a0689f6bcfb59988a3e772d87ea4d28a272e3c2fe14d,DOUBLE ELIMINATION 1,2026,17,9,TOSSUP,SHORT_ANSWER,EARTH_SPACE,"While observing the surface of Mercury, Allen notices the largest region of jumbled terrain on the planet, which formed from the path of seismic energy through Mercury's interior. Which feature of Mercury is located at the geographical antipode of this feature?","While observing the surface of Mercury, Allen notices the largest region of jumbled terrain on the planet, which formed from the path of seismic energy through Mercury's interior. Which feature of Mercury is located at the geographical antipode of this feature?",41,"""CALORIS BASIN""",[],DASONI_2
9f3637017a1faee9f783a0689f6bcfb59988a3e772d87ea4d28a272e3c2fe14d,DOUBLE ELIMINATION 1,2026,18,9,BONUS,MULTIPLE_CHOICE,EARTH_SPACE,Which of the following is least likely to have contributed to the formation of lobate scarps and faults found on Mercury?,Which of the following is least likely to have contributed to the formation of lobate scarps and faults found on Mercury?,21,"""Z""","[""Shrinking in the size of Mercury"", ""Cooling following the Late Heavy Bombardment"", ""Tidal stresses from the Sun"", ""Rapid rotation around the Sun""]",DASONI_2
9f3637017a1faee9f783a0689f6bcfb59988a3e772d87ea4d28a272e3c2fe14d,DOUBLE ELIMINATION 1,2026,19,10,TOSSUP,SHORT_ANSWER,MATH,"A sequence of numbers has first two terms 1 and 2, and each consecutive term is the product of the previous two terms. What is the 6th term in this sequence?","A sequence of numbers has first two terms 1 and 2, and each consecutive term is the product of the previous two terms. What is the 6th term in this sequence?",31,"""32""",[],DASONI_2
9f3637017a1faee9f783a0689f6bcfb59988a3e772d87ea4d28a272e3c2fe14d,DOUBLE ELIMINATION 1,2026,20,10,BONUS,SHORT_ANSWER,MATH,What is the Euler totient of 15 plus the Euler totient of 30?,What is the Euler totient of 15 plus the Euler totient of 30?,13,"""16""",[],DASONI_2
9f3637017a1faee9f783a0689f6bcfb59988a3e772d87ea4d28a272e3c2fe14d,DOUBLE ELIMINATION 1,2026,21,11,TOSSUP,MULTIPLE_CHOICE,BIOLOGY,Which of the following locations would most likely contain transitional epithelium?,Which of the following locations would most likely contain transitional epithelium?,11,"""X""","[""Small intestines"", ""Bladder"", ""Bronchiole"", ""Spleen""]",DASONI_2
9f3637017a1faee9f783a0689f6bcfb59988a3e772d87ea4d28a272e3c2fe14d,DOUBLE ELIMINATION 1,2026,22,11,BONUS,SHORT_ANSWER,BIOLOGY,Arrange all of the following three plant tissues in a woody stem from innermost to outermost: 1) Primary phloem 2) Primary xylem 3) Cork cambium,Arrange all of the following three plant tissues in a woody stem from innermost to outermost: 1) Primary phloem 2) Primary xylem 3) Cork cambium,25,"""2, 1, 3""",[],DASONI_2
9f3637017a1faee9f783a0689f6bcfb59988a3e772d87ea4d28a272e3c2fe14d,DOUBLE ELIMINATION 1,2026,23,12,TOSSUP,MULTIPLE_CHOICE,PHYSICS,Gavin has a wooden block on a spring. Which of the following changes would decrease the period of oscillation of this block?,Gavin has a wooden block on a spring. Which of the following changes would decrease the period of oscillation of this block?,22,"""Z""","[""Replacing the wooden block with a steel block of the same size"", ""Placing the wooden block on an inclined plane"", ""Adding an identical spring in series with the first spring"", ""Adding an identical spring in parallel with the first spring""]",DASONI_2
9f3637017a1faee9f783a0689f6bcfb59988a3e772d87ea4d28a272e3c2fe14d,DOUBLE ELIMINATION 1,2026,24,12,BONUS,MULTIPLE_CHOICE,PHYSICS,Which of the following statements is true about circular light polarization?,Which of the following statements is true about circular light polarization?,11,"""Y""","[""In circularly polarized light, the direction of the electric field is constant"", ""Circularly polarized light is unaffected by polarizers"", ""Circularly polarized light can be made from a combination of linearly polarized light in different directions"", ""The sun emits circularly polarized light""]",DASONI_2
9f3637017a1faee9f783a0689f6bcfb59988a3e772d87ea4d28a272e3c2fe14d,DOUBLE ELIMINATION 1,2026,25,13,TOSSUP,IDENTIFY_ALL,CHEMISTRY,Identify all of the following substances that could act as a cathode in a galvanic cell with hydrogen gas at the anode: 1) Chlorine gas 2) Copper 3) Sodium,Identify all of the following substances that could act as a cathode in a galvanic cell with hydrogen gas at the anode: 1) Chlorine gas 2) Copper 3) Sodium,29,"""1 and 2""",[],DASONI_2
9f3637017a1faee9f783a0689f6bcfb59988a3e772d87ea4d28a272e3c2fe14d,DOUBLE ELIMINATION 1,2026,26,13,BONUS,SHORT_ANSWER,CHEMISTRY,"In organic chemistry, what term is given to the functional group consisting of a carbonyl group attached to a nitrogen atom?","In organic chemistry, what term is given to the functional group consisting of a carbonyl group attached to a nitrogen atom?",21,"""Amide""",[],DASONI_2
9f3637017a1faee9f783a0689f6bcfb59988a3e772d87ea4d28a272e3c2fe14d,DOUBLE ELIMINATION 1,2026,27,14,TOSSUP,SHORT_ANSWER,EARTH_SPACE,"What is the name for the phenomenon observed in the Southern Hemisphere when the solar wind disturbs Earth’s magnetic field, exciting atoms and causing them to emit radiation?","What is the name for the phenomenon observed in the Southern Hemisphere when the solar wind disturbs Earth’s magnetic field, exciting atoms and causing them to emit radiation?",28,"""AURORA AUSTRALIS""",[],DASONI_2
9f3637017a1faee9f783a0689f6bcfb59988a3e772d87ea4d28a272e3c2fe14d,DOUBLE ELIMINATION 1,2026,28,14,BONUS,MULTIPLE_CHOICE,EARTH_SPACE,Which of the following air masses has the smallest influence on United States weather?,Which of the following air masses has the smallest influence on United States weather?,14,"""W""","[""Continental Tropical"", ""Continental Polar"", ""Maritime Tropical"", ""Maritime Polar""]",DASONI_2
9f3637017a1faee9f783a0689f6bcfb59988a3e772d87ea4d28a272e3c2fe14d,DOUBLE ELIMINATION 1,2026,29,15,TOSSUP,SHORT_ANSWER,MATH,How many petals are in the graph of the polar rose with equation r = 4 sin (4 theta)?,How many petals are in the graph of the polar rose with equation r = 4 sin (4 theta)?,19,"""8""",[],DASONI_2
9f3637017a1faee9f783a0689f6bcfb59988a3e772d87ea4d28a272e3c2fe14d,DOUBLE ELIMINATION 1,2026,30,15,BONUS,SHORT_ANSWER,MATH,"Yajur has 5 ""left"" socks and 8 ""right"" socks. What is the probability that if he chooses two socks at random, he gets a left and a right sock?","Yajur has 5 ""left"" socks and 8 ""right"" socks. What is the probability that if he chooses two socks at random, he gets a left and a right sock?",29,"""20/39""",[],DASONI_2
9f3637017a1faee9f783a0689f6bcfb59988a3e772d87ea4d28a272e3c2fe14d,DOUBLE ELIMINATION 1,2026,31,16,TOSSUP,IDENTIFY_ALL,BIOLOGY,Identify all of the following three hormones that suppress appetite: 1) Insulin 2) Leptin 3) PYY,Identify all of the following three hormones that suppress appetite: 1) Insulin 2) Leptin 3) PYY,16,"""All""",[],DASONI_2
9f3637017a1faee9f783a0689f6bcfb59988a3e772d87ea4d28a272e3c2fe14d,DOUBLE ELIMINATION 1,2026,32,16,BONUS,MULTIPLE_CHOICE,BIOLOGY,"A short day plant and a long day plant are each exposed to a normal photoperiod, but during their critical dark period, they receive four brief light pulses in the following sequence: red, far red, red, far red. Which of the following best describes their flowering responses?","A short day plant and a long day plant are each exposed to a normal photoperiod, but during their critical dark period, they receive four brief light pulses in the following sequence: red, far red, red, far red. Which of the following best describes their flowering responses?",47,"""W""","[""The short-day plant flowers and the long-day plant does not flower"", ""The short-day plant does not flower and the long-day plant flowers"", ""Both plants flower"", ""Neither plant flowers""]",DASONI_2
9f3637017a1faee9f783a0689f6bcfb59988a3e772d87ea4d28a272e3c2fe14d,DOUBLE ELIMINATION 1,2026,33,17,TOSSUP,IDENTIFY_ALL,PHYSICS,Identify all of the following changes that would increase the impedance of an AC circuit with a resistor and a capacitor in series: 1) Increasing resistance 2) Increasing capacitance 3) Increasing frequency,Identify all of the following changes that would increase the impedance of an AC circuit with a resistor and a capacitor in series: 1) Increasing resistance 2) Increasing capacitance 3) Increasing frequency,32,"""1 only""",[],DASONI_2
9f3637017a1faee9f783a0689f6bcfb59988a3e772d87ea4d28a272e3c2fe14d,DOUBLE ELIMINATION 1,2026,34,17,BONUS,MULTIPLE_CHOICE,PHYSICS,Julian is running away at a speed of 0.7c while Mr. Guisti is chasing him with his homework at a speed of 0.9c. Which of the following is closest to the speed at which Julian sees Mr. Guisti coming at him?,Julian is running away at a speed of 0.7c while Mr. Guisti is chasing him with his homework at a speed of 0.9c. Which of the following is closest to the speed at which Julian sees Mr. Guisti coming at him?,41,"""W""","[""0.55c"", ""0.65c"", ""0.75c"", ""0.85c""]",DASONI_2
9f3637017a1faee9f783a0689f6bcfb59988a3e772d87ea4d28a272e3c2fe14d,DOUBLE ELIMINATION 1,2026,35,18,TOSSUP,MULTIPLE_CHOICE,CHEMISTRY,Which of the following conditions ensures that a reaction is spontaneous?,Which of the following conditions ensures that a reaction is spontaneous?,11,"""Y""","[""Delta H greater than zero, Delta S greater than zero"", ""Delta H greater than zero, Delta S less than zero"", ""Delta H less than zero, Delta S greater than zero"", ""Delta H less than zero, Delta S less than zero""]",DASONI_2
9f3637017a1faee9f783a0689f6bcfb59988a3e772d87ea4d28a272e3c2fe14d,DOUBLE ELIMINATION 1,2026,36,18,BONUS,RANK,CHEMISTRY,Order the following 3 compounds in increasing pKa: 1) phenol 2) acetic acid 3) water,Order the following 3 compounds in increasing pKa: 1) phenol 2) acetic acid 3) water,15,"""2 3 1""",[],DASONI_2
9f3637017a1faee9f783a0689f6bcfb59988a3e772d87ea4d28a272e3c2fe14d,DOUBLE ELIMINATION 1,2026,37,19,TOSSUP,MULTIPLE_CHOICE,EARTH_SPACE,"According to the cosmological principle, the universe is which of the following?","According to the cosmological principle, the universe is which of the following?",12,"""Z""","[""Heterogenous and anisotropic"", ""Heterogenous and isotropic"", ""Homogenous and anisotropic"", ""Homogenous and isotropic""]",DASONI_2
9f3637017a1faee9f783a0689f6bcfb59988a3e772d87ea4d28a272e3c2fe14d,DOUBLE ELIMINATION 1,2026,38,19,BONUS,MULTIPLE_CHOICE,EARTH_SPACE,"Which of the following is closest to the critical density of the universe, in kg/$m^{3}$?","Which of the following is closest to the critical density of the universe, in kg/?",15,"""W""","[""9 * 10 ^ -27"", ""0"", ""9 * 10 ^ 27"", ""Cannot be determined""]",DASONI_2
9f3637017a1faee9f783a0689f6bcfb59988a3e772d87ea4d28a272e3c2fe14d,DOUBLE ELIMINATION 1,2026,39,20,TOSSUP,IDENTIFY_ALL,MATH,Identify all of the following points that must be on the nine-point circle of a triangle: 1) orthocenter 2) circumcenter 3) centroid,Identify all of the following points that must be on the nine-point circle of a triangle: 1) orthocenter 2) circumcenter 3) centroid,22,"""None""",[],DASONI_2
9f3637017a1faee9f783a0689f6bcfb59988a3e772d87ea4d28a272e3c2fe14d,DOUBLE ELIMINATION 1,2026,40,20,BONUS,SHORT_ANSWER,MATH,What is the integral from x = 0 to x = 1 of the function f(x) = $\sqrt{4-x^{2}}$?,What is the integral from x = 0 to x = 1 of the function f(x) = ?,18,"""$\\sqrt{3}$/2+pi/3""",[],DASONI_2
3fe07d02043f5df2e3509d2e48ec3a93b82b3906e0fa9358379548b68e3f2153,DOUBLE ELIMINATION 2,2026,1,1,TOSSUP,MULTIPLE_CHOICE,EARTH_SPACE,Which of the following correctly describes P-wave and S-wave shadow zones?,Which of the following correctly describes P-wave and S-wave shadow zones?,11,"""W""","[""P wave shadow zones are typically smaller than S wave shadow zones"", ""P wave shadow zones are typically larger than S wave shadow zones"", ""P wave shadow zones are typically the same size as S wave shadow zones"", ""P wave shadow zones are another term for S wave shadow zones""]",DASONI_2
3fe07d02043f5df2e3509d2e48ec3a93b82b3906e0fa9358379548b68e3f2153,DOUBLE ELIMINATION 2,2026,2,1,BONUS,IDENTIFY_ALL,EARTH_SPACE,Identify all of the following minerals that have 0 planes of cleavage: 1) Magnetite 2) Calcite 3) Quartz,Identify all of the following minerals that have 0 planes of cleavage: 1) Magnetite 2) Calcite 3) Quartz,18,"""1, 3""",[],DASONI_2
3fe07d02043f5df2e3509d2e48ec3a93b82b3906e0fa9358379548b68e3f2153,DOUBLE ELIMINATION 2,2026,3,2,TOSSUP,MULTIPLE_CHOICE,PHYSICS,Which of the following is closest to the mechanical advantage of a 30 degree inclined plane?,Which of the following is closest to the mechanical advantage of a 30 degree inclined plane?,16,"""Z""","[""1.7"", ""1.8"", ""1.9"", ""2.0""]",DASONI_2
3fe07d02043f5df2e3509d2e48ec3a93b82b3906e0fa9358379548b68e3f2153,DOUBLE ELIMINATION 2,2026,4,2,BONUS,SHORT_ANSWER,PHYSICS,What theorem in electrical circuit theory states that any linear electrical network made of ideal batteries and resistors can be replaced at two terminals by an equivalent series combination of one battery and one resistor?,What theorem in electrical circuit theory states that any linear electrical network made of ideal batteries and resistors can be replaced at two terminals by an equivalent series combination of one battery and one resistor?,35,"""Thevenin's theorem""",[],DASONI_2
3fe07d02043f5df2e3509d2e48ec3a93b82b3906e0fa9358379548b68e3f2153,DOUBLE ELIMINATION 2,2026,5,3,TOSSUP,SHORT_ANSWER,MATH,What is the last digit of $2^{2^{1024}}$?,What is the last digit of ?,7,"""6""",[],DASONI_2
3fe07d02043f5df2e3509d2e48ec3a93b82b3906e0fa9358379548b68e3f2153,DOUBLE ELIMINATION 2,2026,6,3,BONUS,SHORT_ANSWER,MATH,Suppose the polynomial f(x)=$x^{3}+ax^{2}+bx-24$ has three distinct positive integer roots. What is the least possible value of b?,Suppose the polynomial f(x)= has three distinct positive integer roots. What is the least possible value of b?,18,"""26""",[],DASONI_2
3fe07d02043f5df2e3509d2e48ec3a93b82b3906e0fa9358379548b68e3f2153,DOUBLE ELIMINATION 2,2026,7,4,TOSSUP,SHORT_ANSWER,BIOLOGY,Which plant hormone is the primary signal to trigger flowering?,Which plant hormone is the primary signal to trigger flowering?,10,"""Florigen""",[],DASONI_2
3fe07d02043f5df2e3509d2e48ec3a93b82b3906e0fa9358379548b68e3f2153,DOUBLE ELIMINATION 2,2026,8,4,BONUS,SHORT_ANSWER,BIOLOGY,Lucas is studying differential equations in his math class. What ecological model relies on first-order ODEs to predict the cyclical rise and fall of predator and prey populations?,Lucas is studying differential equations in his math class. What ecological model relies on first-order ODEs to predict the cyclical rise and fall of predator and prey populations?,28,"""Lotka-Volterra model""",[],DASONI_2
3fe07d02043f5df2e3509d2e48ec3a93b82b3906e0fa9358379548b68e3f2153,DOUBLE ELIMINATION 2,2026,9,5,TOSSUP,SHORT_ANSWER,CHEMISTRY,Lucas is studying acids and bases and is wondering about what happens when a compound has both an acidic and a basic functional group. Such a molecule in aqueous solution can often be found in what alternative ionic form?,Lucas is studying acids and bases and is wondering about what happens when a compound has both an acidic and a basic functional group. Such a molecule in aqueous solution can often be found in what alternative ionic form?,39,"""zwitterion""",[],DASONI_2
3fe07d02043f5df2e3509d2e48ec3a93b82b3906e0fa9358379548b68e3f2153,DOUBLE ELIMINATION 2,2026,10,5,BONUS,MULTIPLE_CHOICE,CHEMISTRY,Which of the following best explains why aluminum hydroxide is soluble in alkaline solutions?,Which of the following best explains why aluminum hydroxide is soluble in alkaline solutions?,14,"""Y""","[""It is easily deprotonated by hydroxide ions"", ""It is easily protonated by hydronium ions"", ""It forms a complex ion that is readily dissolved by water"", ""It is less sterically hindered in alkaline solutions""]",DASONI_2
3fe07d02043f5df2e3509d2e48ec3a93b82b3906e0fa9358379548b68e3f2153,DOUBLE ELIMINATION 2,2026,11,6,TOSSUP,RANK,EARTH_SPACE,Order the following 3 circulation cells by increasing predominance of Bergeron-type precipitation. 1) Hadley 2) Ferrel 3) Polar,Order the following 3 circulation cells by increasing predominance of Bergeron-type precipitation. 1) Hadley 2) Ferrel 3) Polar,18,"""1 2 3""",[],DASONI_2
3fe07d02043f5df2e3509d2e48ec3a93b82b3906e0fa9358379548b68e3f2153,DOUBLE ELIMINATION 2,2026,12,6,BONUS,MULTIPLE_CHOICE,EARTH_SPACE,Which of the following regions of the electromagnetic spectrum would be best suited for observing small changes in sea surface height?,Which of the following regions of the electromagnetic spectrum would be best suited for observing small changes in sea surface height?,21,"""X""","[""Radio"", ""Microwave"", ""Infrared"", ""Ultraviolet""]",DASONI_2
3fe07d02043f5df2e3509d2e48ec3a93b82b3906e0fa9358379548b68e3f2153,DOUBLE ELIMINATION 2,2026,13,7,TOSSUP,SHORT_ANSWER,PHYSICS,"What theorem in general relativity states that a black hole can be completely characterized by its mass, charge, and angular momentum?","What theorem in general relativity states that a black hole can be completely characterized by its mass, charge, and angular momentum?",21,"""No-hair theorem""",[],DASONI_2
3fe07d02043f5df2e3509d2e48ec3a93b82b3906e0fa9358379548b68e3f2153,DOUBLE ELIMINATION 2,2026,14,7,BONUS,SHORT_ANSWER,PHYSICS,"Assuming that water flow is perfectly laminar, to the nearest tenth and in meters per second, how fast will water flow through a horizontal pipe if the pressure difference between the two ends is 125 Pascals?","Assuming that water flow is perfectly laminar, to the nearest tenth and in meters per second, how fast will water flow through a horizontal pipe if the pressure difference between the two ends is 125 Pascals?",36,"""0.5""",[],DASONI_2
3fe07d02043f5df2e3509d2e48ec3a93b82b3906e0fa9358379548b68e3f2153,DOUBLE ELIMINATION 2,2026,15,8,TOSSUP,IDENTIFY_ALL,MATH,Identify all of the following numbers that are perfect numbers: 1) 6 2) 24 3) 48,Identify all of the following numbers that are perfect numbers: 1) 6 2) 24 3) 48,16,"""1 only""",[],DASONI_2
3fe07d02043f5df2e3509d2e48ec3a93b82b3906e0fa9358379548b68e3f2153,DOUBLE ELIMINATION 2,2026,16,8,BONUS,SHORT_ANSWER,MATH,"The tangent from point P to a circle touches the circle at point A. Another line from P touches the circle at two points, B and C, where B is closer to P. If AP equals 5 and BC equals two, what is PC?","The tangent from point P to a circle touches the circle at point A. Another line from P touches the circle at two points, B and C, where B is closer to P. If AP equals 5 and BC equals two, what is PC?",44,"""$\\sqrt{26}$+1""",[],DASONI_2
3fe07d02043f5df2e3509d2e48ec3a93b82b3906e0fa9358379548b68e3f2153,DOUBLE ELIMINATION 2,2026,17,9,TOSSUP,MULTIPLE_CHOICE,BIOLOGY,Evan is examining a blood sample. Which of the following immunoglobulins would have the highest concentration in Evan's sample?,Evan is examining a blood sample. Which of the following immunoglobulins would have the highest concentration in Evan's sample?,19,"""Y""","[""IgA"", ""IgE"", ""IgG"", ""IgM""]",DASONI_2
3fe07d02043f5df2e3509d2e48ec3a93b82b3906e0fa9358379548b68e3f2153,DOUBLE ELIMINATION 2,2026,18,9,BONUS,MULTIPLE_CHOICE,BIOLOGY,"Lance Armstrong, known to be biking while biking, has unretired and is competing in the 2000-mile Tour de France. Which of the following types of muscle fibers would Armstrong be using the most?","Lance Armstrong, known to be biking while biking, has unretired and is competing in the 2000-mile Tour de France. Which of the following types of muscle fibers would Armstrong be using the most?",33,"""W""","[""Slow oxidative"", ""Slow glycolytic"", ""Fast oxidative"", ""Fast glycolytic""]",DASONI_2
3fe07d02043f5df2e3509d2e48ec3a93b82b3906e0fa9358379548b68e3f2153,DOUBLE ELIMINATION 2,2026,19,10,TOSSUP,IDENTIFY_ALL,CHEMISTRY,Identify all of the following 3 chemical structures which are formed via a Lewis acid-base reaction: 1. Coordinate bond 2. Covalent bond 3. Lewis adduct,Identify all of the following 3 chemical structures which are formed via a Lewis acid-base reaction: 1. Coordinate bond 2. Covalent bond 3. Lewis adduct,25,"""1 and 3""",[],DASONI_2
3fe07d02043f5df2e3509d2e48ec3a93b82b3906e0fa9358379548b68e3f2153,DOUBLE ELIMINATION 2,2026,20,10,BONUS,MULTIPLE_CHOICE,CHEMISTRY,"If Gibbs free energy change per mole for a reaction is 2500 Joules at standard conditions, which of the following is closest to the equilibrium constant of the reaction?","If Gibbs free energy change per mole for a reaction is 2500 Joules at standard conditions, which of the following is closest to the equilibrium constant of the reaction?",29,"""X""","[""0.15"", ""0.35"", ""0.55"", ""0.75""]",DASONI_2
3fe07d02043f5df2e3509d2e48ec3a93b82b3906e0fa9358379548b68e3f2153,DOUBLE ELIMINATION 2,2026,21,11,TOSSUP,RANK,EARTH_SPACE,Order the following 3 layers of a 4 solar mass star from innermost to outermost. 1) Tachocline 2) Radiative Zone 3) Convective Zone,Order the following 3 layers of a 4 solar mass star from innermost to outermost. 1) Tachocline 2) Radiative Zone 3) Convective Zone,23,"""3 1 2""",[],DASONI_2
3fe07d02043f5df2e3509d2e48ec3a93b82b3906e0fa9358379548b68e3f2153,DOUBLE ELIMINATION 2,2026,22,11,BONUS,MULTIPLE_CHOICE,EARTH_SPACE,"Consider a main sequence star with a mass of 1 solar mass. If the mass of the star is quadrupled, by which of the following factors will the star's luminosity and stellar lifetime be multiplied by, respectively?","Consider a main sequence star with a mass of 1 solar mass. If the mass of the star is quadrupled, by which of the following factors will the star's luminosity and stellar lifetime be multiplied by, respectively?",37,"""X""","[""128, 32"", ""128, 1/32"", ""32, 128"", ""32, 1/128""]",DASONI_2
3fe07d02043f5df2e3509d2e48ec3a93b82b3906e0fa9358379548b68e3f2153,DOUBLE ELIMINATION 2,2026,23,12,TOSSUP,SHORT_ANSWER,PHYSICS,The band gap is defined as the energy difference between what two bands?,The band gap is defined as the energy difference between what two bands?,13,"""Valence band and Conduction band""",[],DASONI_2
3fe07d02043f5df2e3509d2e48ec3a93b82b3906e0fa9358379548b68e3f2153,DOUBLE ELIMINATION 2,2026,24,12,BONUS,RANK,PHYSICS,Order the following three materials in terms of increasing band gap: 1) Silicon 2) Diamond 3) Copper,Order the following three materials in terms of increasing band gap: 1) Silicon 2) Diamond 3) Copper,17,"""3, 1, 2""",[],DASONI_2
3fe07d02043f5df2e3509d2e48ec3a93b82b3906e0fa9358379548b68e3f2153,DOUBLE ELIMINATION 2,2026,25,13,TOSSUP,SHORT_ANSWER,MATH,How many y-intercepts does the graph of the hyperbola $x^{2}-y^{2}$ = 1 have?,How many y-intercepts does the graph of the hyperbola = 1 have?,12,"""0""",[],DASONI_2
3fe07d02043f5df2e3509d2e48ec3a93b82b3906e0fa9358379548b68e3f2153,DOUBLE ELIMINATION 2,2026,26,13,BONUS,MULTIPLE_CHOICE,MATH,Which of the following numbers is divisible by seven?,Which of the following numbers is divisible by seven?,9,"""668059""","[""138543"", ""497515"", ""789532"", ""668059""]",DASONI_2
3fe07d02043f5df2e3509d2e48ec3a93b82b3906e0fa9358379548b68e3f2153,DOUBLE ELIMINATION 2,2026,27,14,TOSSUP,MULTIPLE_CHOICE,BIOLOGY,Yajur is conducting gel electrophoresis with muscle proteins. Which of the following proteins is most likely to migrate the smallest distance across the gel?,Yajur is conducting gel electrophoresis with muscle proteins. Which of the following proteins is most likely to migrate the smallest distance across the gel?,24,"""Z""","[""Actin"", ""Myosin"", ""Tropomyosin"", ""Titin""]",DASONI_2
3fe07d02043f5df2e3509d2e48ec3a93b82b3906e0fa9358379548b68e3f2153,DOUBLE ELIMINATION 2,2026,28,14,BONUS,IDENTIFY_ALL,BIOLOGY,Identify all of the following that can act as a vasodilator: 1) Nitric oxide 2) Angiotensin II 3) Atrial natriuretic peptide,Identify all of the following that can act as a vasodilator: 1) Nitric oxide 2) Angiotensin II 3) Atrial natriuretic peptide,21,"""1 and 3""",[],DASONI_2
3fe07d02043f5df2e3509d2e48ec3a93b82b3906e0fa9358379548b68e3f2153,DOUBLE ELIMINATION 2,2026,29,15,TOSSUP,MULTIPLE_CHOICE,CHEMISTRY,Which of the following solvents is ideal for performing SN2 reactions?,Which of the following solvents is ideal for performing SN2 reactions?,11,"""Y""","[""hexane"", ""ethanol"", ""tetrahydrofuran"", ""isopropanol""]",DASONI_2
3fe07d02043f5df2e3509d2e48ec3a93b82b3906e0fa9358379548b68e3f2153,DOUBLE ELIMINATION 2,2026,30,15,BONUS,MULTIPLE_CHOICE,CHEMISTRY,Which of the following describes why trimethylacetic acid is a weaker acid than acetic acid?,Which of the following describes why trimethylacetic acid is a weaker acid than acetic acid?,15,"""Y""","[""The methyl groups get in the way of anion-stabilizing resonance"", ""The methyl groups are Lewis bases, leading to a zwitterion forming in solution"", ""The methyl groups donate electron density, destabilizing the conjugate base"", ""The methyl groups replace acidic hydrogens in acetic acid""]",DASONI_2
3fe07d02043f5df2e3509d2e48ec3a93b82b3906e0fa9358379548b68e3f2153,DOUBLE ELIMINATION 2,2026,31,16,TOSSUP,SHORT_ANSWER,EARTH_SPACE,"Typically known for making up the boundaries between voids, what is the term for large thread-like formations that are the largest known structures in the universe?","Typically known for making up the boundaries between voids, what is the term for large thread-like formations that are the largest known structures in the universe?",26,"""FILAMENTS (ACCEPT: GALCATIC FILAMENTS)""",[],DASONI_2
3fe07d02043f5df2e3509d2e48ec3a93b82b3906e0fa9358379548b68e3f2153,DOUBLE ELIMINATION 2,2026,32,16,BONUS,MULTIPLE_CHOICE,EARTH_SPACE,Which of the following types of streams would be most likely to form in a glacial trough?,Which of the following types of streams would be most likely to form in a glacial trough?,17,"""W""","[""Braided"", ""Anastomosing"", ""Straight"", ""Meandering""]",DASONI_2
3fe07d02043f5df2e3509d2e48ec3a93b82b3906e0fa9358379548b68e3f2153,DOUBLE ELIMINATION 2,2026,33,17,TOSSUP,MULTIPLE_CHOICE,PHYSICS,Which of the following statements is always true about magnetic forces?,Which of the following statements is always true about magnetic forces?,11,"""W""","[""They do no work"", ""They are perpendicular to magnetic equipotentials"", ""They are along the direction of the particle's velocity"", ""They are conservative""]",DASONI_2
3fe07d02043f5df2e3509d2e48ec3a93b82b3906e0fa9358379548b68e3f2153,DOUBLE ELIMINATION 2,2026,34,17,BONUS,SHORT_ANSWER,PHYSICS,Which statement of the second law of thermodynamics says that it is impossible to construct a cyclic device whose sole purpose is to transfer heat from a cold reservoir to a warm reservoir?,Which statement of the second law of thermodynamics says that it is impossible to construct a cyclic device whose sole purpose is to transfer heat from a cold reservoir to a warm reservoir?,33,"""Clausius (KLOW-zee-us) statement""",[],DASONI_2
3fe07d02043f5df2e3509d2e48ec3a93b82b3906e0fa9358379548b68e3f2153,DOUBLE ELIMINATION 2,2026,35,18,TOSSUP,SHORT_ANSWER,MATH,The Riemann hypothesis states that all complex roots of the Riemann zeta function besides the negative even integers have a real part equal to what value?,The Riemann hypothesis states that all complex roots of the Riemann zeta function besides the negative even integers have a real part equal to what value?,26,"""1/2""",[],DASONI_2
3fe07d02043f5df2e3509d2e48ec3a93b82b3906e0fa9358379548b68e3f2153,DOUBLE ELIMINATION 2,2026,36,18,BONUS,SHORT_ANSWER,MATH,Multiply the quaternions 2 + 3i - 5k and 7 - j.,Multiply the quaternions 2 + 3i - 5k and 7 - j.,12,"""14 + 16i - 2j - 38k""",[],DASONI_2
3fe07d02043f5df2e3509d2e48ec3a93b82b3906e0fa9358379548b68e3f2153,DOUBLE ELIMINATION 2,2026,37,19,TOSSUP,SHORT_ANSWER,BIOLOGY,"Sperm cells contain what specialized organelle that contains hydrolytic enzymes, allowing them to break through the egg's zona pellucida?","Sperm cells contain what specialized organelle that contains hydrolytic enzymes, allowing them to break through the egg's zona pellucida?",19,"""Acrosome""",[],DASONI_2
3fe07d02043f5df2e3509d2e48ec3a93b82b3906e0fa9358379548b68e3f2153,DOUBLE ELIMINATION 2,2026,38,19,BONUS,MULTIPLE_CHOICE,BIOLOGY,Which of the following is incorrect about the alternation of generations life cycle in plants?,Which of the following is incorrect about the alternation of generations life cycle in plants?,15,"""Z""","[""The sporophyte produces unicellular haploid spores by meiosis"", ""The zygote develops into a multicellular sporophyte"", ""The gametophyte produces haploid gametes by mitosis"", ""The spores develop into multicellular diploid gametophytes""]",DASONI_2
3fe07d02043f5df2e3509d2e48ec3a93b82b3906e0fa9358379548b68e3f2153,DOUBLE ELIMINATION 2,2026,39,20,TOSSUP,SHORT_ANSWER,CHEMISTRY,Which of the following electronic transitions will emit a photon of the longest wavelength? W) n = 2 to n = 1 of hydrogen X) n = 2 to n = 1 of helium plus Y) n = 3 to n = 2 of hydrogen Z) n = 3 to n = 2 of helium plus,Which of the following electronic transitions will emit a photon of the longest wavelength? W) n = 2 to n = 1 of hydrogen X) n = 2 to n = 1 of helium plus Y) n = 3 to n = 2 of hydrogen Z) n = 3 to n = 2 of helium plus,56,"""Y""",[],DASONI_2
3fe07d02043f5df2e3509d2e48ec3a93b82b3906e0fa9358379548b68e3f2153,DOUBLE ELIMINATION 2,2026,40,20,BONUS,MULTIPLE_CHOICE,CHEMISTRY,Which of the following is closest to the adiabatic index of nitrogen gas?,Which of the following is closest to the adiabatic index of nitrogen gas?,13,"""Y""","[""1"", ""1.2"", ""1.4"", ""1.6""]",DASONI_2
4695c9141e14282c45371a5689c7bd410dc13fa979d4340761593e9c41dc58d0,DOUBLE ELIMINATION 3,2026,1,1,TOSSUP,RANK,CHEMISTRY,Rank the following chemical compounds in order of increasing covalent character: 1. MgO 2. Al2O3 3. SiO2,Rank the following chemical compounds in order of increasing covalent character: 1. MgO 2. Al2O3 3. SiO2,17,"""1 2 3""",[],DASONI_2
4695c9141e14282c45371a5689c7bd410dc13fa979d4340761593e9c41dc58d0,DOUBLE ELIMINATION 3,2026,2,1,BONUS,MULTIPLE_CHOICE,CHEMISTRY,"If the Gibbs free energy change per mole of reaction is plotted as a function of the reaction quotient, which of the following would best describe the graph?","If the Gibbs free energy change per mole of reaction is plotted as a function of the reaction quotient, which of the following would best describe the graph?",28,"""Z""","[""Linear"", ""Inverse"", ""Exponential"", ""Logarithmic""]",DASONI_2
4695c9141e14282c45371a5689c7bd410dc13fa979d4340761593e9c41dc58d0,DOUBLE ELIMINATION 3,2026,3,2,TOSSUP,MULTIPLE_CHOICE,EARTH_SPACE,Which of the following is false regarding strike and dip?,Which of the following is false regarding strike and dip?,10,"""Z""","[""A Brunton transit can measure both"", ""They are 90 degrees apart from each other"", ""On a geologic map, the number on the symbol is the dip"", ""Strike and dip is typically used for linear features""]",DASONI_2
4695c9141e14282c45371a5689c7bd410dc13fa979d4340761593e9c41dc58d0,DOUBLE ELIMINATION 3,2026,4,2,BONUS,MULTIPLE_CHOICE,EARTH_SPACE,Which of the following soil orders is incorrectly matched with a possible Koppen climate it could form in?,Which of the following soil orders is incorrectly matched with a possible Koppen climate it could form in?,18,"""Y""","[""A, Oxisol"", ""B, Aridisol"", ""C, Gelisol"", ""D, Vertisol""]",DASONI_2
4695c9141e14282c45371a5689c7bd410dc13fa979d4340761593e9c41dc58d0,DOUBLE ELIMINATION 3,2026,5,3,TOSSUP,SHORT_ANSWER,MATH,"Lucas, Filip, and Julian are trying to find a sleeping arrangement at MIT Science Bowl. There are two beds, each of which fit one person, and the floor, which can accommodate an infinite number of people. Filip insists on sleeping on a bed, while Lucas insists on sleeping on the floor. How many different sleeping arrangements are possible?","Lucas, Filip, and Julian are trying to find a sleeping arrangement at MIT Science Bowl. There are two beds, each of which fit one person, and the floor, which can accommodate an infinite number of people. Filip insists on sleeping on a bed, while Lucas insists on sleeping on the floor. How many different sleeping arrangements are possible?",58,"""4""",[],DASONI_2
4695c9141e14282c45371a5689c7bd410dc13fa979d4340761593e9c41dc58d0,DOUBLE ELIMINATION 3,2026,6,3,BONUS,SHORT_ANSWER,MATH,"Ethan dropped his 5 identical marbles into 4 distinct containers. If each marble has an equal chance of going into each container, what is the probability that each container has at least one marble?","Ethan dropped his 5 identical marbles into 4 distinct containers. If each marble has an equal chance of going into each container, what is the probability that each container has at least one marble?",34,"""15/64""",[],DASONI_2
4695c9141e14282c45371a5689c7bd410dc13fa979d4340761593e9c41dc58d0,DOUBLE ELIMINATION 3,2026,7,4,TOSSUP,SHORT_ANSWER,BIOLOGY,"When a seed is germinating, it undergoes what process where it uptakes water to break the seed coat?","When a seed is germinating, it undergoes what process where it uptakes water to break the seed coat?",18,"""Imbibition""",[],DASONI_2
4695c9141e14282c45371a5689c7bd410dc13fa979d4340761593e9c41dc58d0,DOUBLE ELIMINATION 3,2026,8,4,BONUS,MULTIPLE_CHOICE,BIOLOGY,Benzodiazepines are agonists for which of the following neurotransmitters?,Benzodiazepines are agonists for which of the following neurotransmitters?,9,"""Y""","[""Glutamate"", ""Glycine"", ""GABA"", ""Serotonin""]",DASONI_2
4695c9141e14282c45371a5689c7bd410dc13fa979d4340761593e9c41dc58d0,DOUBLE ELIMINATION 3,2026,9,5,TOSSUP,SHORT_ANSWER,PHYSICS,What theory of superconductivity predicts that electrons in a superconductor are bound into bosonic Cooper pairs which flow frictionlessly through the superconductor?,What theory of superconductivity predicts that electrons in a superconductor are bound into bosonic Cooper pairs which flow frictionlessly through the superconductor?,22,"""BCS Theory""",[],DASONI_2
4695c9141e14282c45371a5689c7bd410dc13fa979d4340761593e9c41dc58d0,DOUBLE ELIMINATION 3,2026,10,5,BONUS,MULTIPLE_CHOICE,PHYSICS,"Julian wants to increase the inductance of a solenoid. Assuming he has a fixed length of wire, which of the following would increase the inductance the most?","Julian wants to increase the inductance of a solenoid. Assuming he has a fixed length of wire, which of the following would increase the inductance the most?",27,"""X""","[""Doubling the wire spacing"", ""Halving the wire spacing"", ""Doubling the cross-sectional area"", ""Halving the cross-sectional area""]",DASONI_2
4695c9141e14282c45371a5689c7bd410dc13fa979d4340761593e9c41dc58d0,DOUBLE ELIMINATION 3,2026,11,6,TOSSUP,SHORT_ANSWER,CHEMISTRY,What equation relates the change in equilibrium constant of a reaction with respect to temperature to its standard enthalpy change?,What equation relates the change in equilibrium constant of a reaction with respect to temperature to its standard enthalpy change?,20,"""Van't Hoff equation""",[],DASONI_2
4695c9141e14282c45371a5689c7bd410dc13fa979d4340761593e9c41dc58d0,DOUBLE ELIMINATION 3,2026,12,6,BONUS,SHORT_ANSWER,CHEMISTRY,How many nodal planes are present in a pi 2p star molecular orbital?,How many nodal planes are present in a pi 2p star molecular orbital?,13,"""2""",[],DASONI_2
4695c9141e14282c45371a5689c7bd410dc13fa979d4340761593e9c41dc58d0,DOUBLE ELIMINATION 3,2026,13,7,TOSSUP,MULTIPLE_CHOICE,EARTH_SPACE,"Which of the following correctly describes the light curves of a Type II-P supernova and Type II-L supernova respectively, following the point of maximum luminosity?","Which of the following correctly describes the light curves of a Type II-P supernova and Type II-L supernova respectively, following the point of maximum luminosity?",25,"""Y""","[""Exponential, Linear"", ""Linear, Exponential"", ""Plateau, Linear"", ""Linear, Plateau""]",DASONI_2
4695c9141e14282c45371a5689c7bd410dc13fa979d4340761593e9c41dc58d0,DOUBLE ELIMINATION 3,2026,14,7,BONUS,SHORT_ANSWER,EARTH_SPACE,"Shreya is analyzing stellar nucleosynthesis. Indicate all of the following three processes that involve neutrons: 1) r-process, 2) s-process, 3) rp-process","Shreya is analyzing stellar nucleosynthesis. Indicate all of the following three processes that involve neutrons: 1) r-process, 2) s-process, 3) rp-process",21,"""1 AND 2""",[],DASONI_2
4695c9141e14282c45371a5689c7bd410dc13fa979d4340761593e9c41dc58d0,DOUBLE ELIMINATION 3,2026,15,8,TOSSUP,SHORT_ANSWER,MATH,What is the common name for the 3 dimensional simplex?,What is the common name for the 3 dimensional simplex?,10,"""regular tetrahedron""",[],DASONI_2
4695c9141e14282c45371a5689c7bd410dc13fa979d4340761593e9c41dc58d0,DOUBLE ELIMINATION 3,2026,16,8,BONUS,SHORT_ANSWER,MATH,"Lucas uses a magic 8-ball to try to determine whether he will make IPhO. Lucas knows 10% of the 8-balls that are produced are faulty and return an answer of ""yes"" every time. The non-faulty ones return ""yes"" 50% of the time. If he asks the magic 8-ball whether he will make IPhO, and it returns an answer of ""yes"", what is the chance his magic 8-ball is faulty?","Lucas uses a magic 8-ball to try to determine whether he will make IPhO. Lucas knows 10% of the 8-balls that are produced are faulty and return an answer of ""yes"" every time. The non-faulty ones return ""yes"" 50% of the time. If he asks the magic 8-ball whether he will make IPhO, and it returns an answer of ""yes"", what is the chance his magic 8-ball is faulty?",69,"""2/11""",[],DASONI_2
4695c9141e14282c45371a5689c7bd410dc13fa979d4340761593e9c41dc58d0,DOUBLE ELIMINATION 3,2026,17,9,TOSSUP,RANK,BIOLOGY,Order the following three amino acids in order of increasing hydrophilicity: 1) Tryptophan 2) Serine 3) Phenylalanine,Order the following three amino acids in order of increasing hydrophilicity: 1) Tryptophan 2) Serine 3) Phenylalanine,17,"""3, 1, 2""",[],DASONI_2
4695c9141e14282c45371a5689c7bd410dc13fa979d4340761593e9c41dc58d0,DOUBLE ELIMINATION 3,2026,18,9,BONUS,MULTIPLE_CHOICE,BIOLOGY,A chromosome that lacks a p arm and has its centromere at its terminal end is most likely classified as which type?,A chromosome that lacks a p arm and has its centromere at its terminal end is most likely classified as which type?,22,"""Z""","[""Metacentric"", ""Submetacentric"", ""Acrocentric"", ""Telocentric""]",DASONI_2
4695c9141e14282c45371a5689c7bd410dc13fa979d4340761593e9c41dc58d0,DOUBLE ELIMINATION 3,2026,19,10,TOSSUP,SHORT_ANSWER,PHYSICS,What equation in fluid dynamics states that the flux of mass into a system is equal to the rate of accumulation of mass inside of it?,What equation in fluid dynamics states that the flux of mass into a system is equal to the rate of accumulation of mass inside of it?,26,"""Continuity equation""",[],DASONI_2
4695c9141e14282c45371a5689c7bd410dc13fa979d4340761593e9c41dc58d0,DOUBLE ELIMINATION 3,2026,20,10,BONUS,SHORT_ANSWER,PHYSICS,"If the turns ratio of a transformer is doubled, by what factor does the voltage across the primary circuit need to be multiplied to maintain the same current through the secondary circuit?","If the turns ratio of a transformer is doubled, by what factor does the voltage across the primary circuit need to be multiplied to maintain the same current through the secondary circuit?",32,"""4""",[],DASONI_2
4695c9141e14282c45371a5689c7bd410dc13fa979d4340761593e9c41dc58d0,DOUBLE ELIMINATION 3,2026,21,11,TOSSUP,IDENTIFY_ALL,CHEMISTRY,Identify all of the following solutions that would have a negative deviation from Raoult's law. 1) Ethanol and acetic acid 2) Chloroform and water 3) Hydrofluoric acid and bromine,Identify all of the following solutions that would have a negative deviation from Raoult's law. 1) Ethanol and acetic acid 2) Chloroform and water 3) Hydrofluoric acid and bromine,29,"""1 only""",[],DASONI_2
4695c9141e14282c45371a5689c7bd410dc13fa979d4340761593e9c41dc58d0,DOUBLE ELIMINATION 3,2026,22,11,BONUS,SHORT_ANSWER,CHEMISTRY,What theory of transition metal chemistry treats ligands as electrostatic point charges in order to describe the splitting of d-orbitals?,What theory of transition metal chemistry treats ligands as electrostatic point charges in order to describe the splitting of d-orbitals?,20,"""Crystal field theory""",[],DASONI_2
4695c9141e14282c45371a5689c7bd410dc13fa979d4340761593e9c41dc58d0,DOUBLE ELIMINATION 3,2026,23,12,TOSSUP,MULTIPLE_CHOICE,EARTH_SPACE,"Around 34 million years ago, the opening of the Drake Passage had what effects on global climate and Antarctic glaciation respectively?","Around 34 million years ago, the opening of the Drake Passage had what effects on global climate and Antarctic glaciation respectively?",21,"""Y""","[""Increased poleward heat transport, increased glaciation"", ""Increased poleward heat transport, decreased glaciation"", ""Decreased poleward heat transport, increased glaciation"", ""Decreased poleward heat transport, decreased glaciation""]",DASONI_2
4695c9141e14282c45371a5689c7bd410dc13fa979d4340761593e9c41dc58d0,DOUBLE ELIMINATION 3,2026,24,12,BONUS,MULTIPLE_CHOICE,EARTH_SPACE,"In meters per second, which of the following is closest to the speed of a deep ocean wave with a wavelength of 16 meters and water depth of 9 meters?","In meters per second, which of the following is closest to the speed of a deep ocean wave with a wavelength of 16 meters and water depth of 9 meters?",30,"""X""","[""4"", ""5"", ""10"", ""13""]",DASONI_2
4695c9141e14282c45371a5689c7bd410dc13fa979d4340761593e9c41dc58d0,DOUBLE ELIMINATION 3,2026,25,13,TOSSUP,SHORT_ANSWER,MATH,"Javad has twelve identical pieces of candy that he wants to give to his ten children. If each child must receive at least one piece of candy, how many ways are there for him to distribute the candy?","Javad has twelve identical pieces of candy that he wants to give to his ten children. If each child must receive at least one piece of candy, how many ways are there for him to distribute the candy?",38,"""55""",[],DASONI_2
4695c9141e14282c45371a5689c7bd410dc13fa979d4340761593e9c41dc58d0,DOUBLE ELIMINATION 3,2026,26,13,BONUS,SHORT_ANSWER,MATH,How many ones are in the binary expansion of 63*127?,How many ones are in the binary expansion of 63*127?,10,"""7""",[],DASONI_2
4695c9141e14282c45371a5689c7bd410dc13fa979d4340761593e9c41dc58d0,DOUBLE ELIMINATION 3,2026,27,14,TOSSUP,MULTIPLE_CHOICE,BIOLOGY,"To remove a thymine dimer, which of the following repair mechanisms would a cell most likely use?","To remove a thymine dimer, which of the following repair mechanisms would a cell most likely use?",17,"""X""","[""Base excision repair"", ""Nucleotide excision repair"", ""Non-homologous end joining"", ""Homology-directed repair""]",DASONI_2
4695c9141e14282c45371a5689c7bd410dc13fa979d4340761593e9c41dc58d0,DOUBLE ELIMINATION 3,2026,28,14,BONUS,SHORT_ANSWER,BIOLOGY,Alex has recently taken up vegetative propagation. He attaches a twig from one plant onto the root system of another plant. What is the term for the twig being grafted?,Alex has recently taken up vegetative propagation. He attaches a twig from one plant onto the root system of another plant. What is the term for the twig being grafted?,30,"""Scion""",[],DASONI_2
4695c9141e14282c45371a5689c7bd410dc13fa979d4340761593e9c41dc58d0,DOUBLE ELIMINATION 3,2026,29,15,TOSSUP,IDENTIFY_ALL,PHYSICS,Identify all of the following 4 quantities that are state functions: 1) chemical potential 2) grand canonical partition function 3) temperature 4) enthalpy,Identify all of the following 4 quantities that are state functions: 1) chemical potential 2) grand canonical partition function 3) temperature 4) enthalpy,23,"""All""",[],DASONI_2
4695c9141e14282c45371a5689c7bd410dc13fa979d4340761593e9c41dc58d0,DOUBLE ELIMINATION 3,2026,30,15,BONUS,MULTIPLE_CHOICE,PHYSICS,Which of the following best describes a normal mode?,Which of the following best describes a normal mode?,9,"""X""","[""A resonant frequency for which oscillation amplitudes increase exponentially over time."", ""A pattern of oscillation where the frequency and phase relation between all parts of the system is the same"", ""A superposition of sinusoidal oscillations that produces a travelling wave"", ""A periodically repeating pattern in a one dimensional crystal lattice""]",DASONI_2
4695c9141e14282c45371a5689c7bd410dc13fa979d4340761593e9c41dc58d0,DOUBLE ELIMINATION 3,2026,31,16,TOSSUP,RANK,CHEMISTRY,Order the following four functional groups by increasing electronegativity: 1. amino 2. hydroxyl 3. nitro,Order the following four functional groups by increasing electronegativity: 1. amino 2. hydroxyl 3. nitro,15,"""1 2 3""",[],DASONI_2
4695c9141e14282c45371a5689c7bd410dc13fa979d4340761593e9c41dc58d0,DOUBLE ELIMINATION 3,2026,32,16,BONUS,RANK,CHEMISTRY,Order the following 3 organic acids by increasing van't Hoff factor: 1. acetic acid 2. isobutanoic acid 3. propanoic acid,Order the following 3 organic acids by increasing van't Hoff factor: 1. acetic acid 2. isobutanoic acid 3. propanoic acid,20,"""2 3 1""",[],DASONI_2
4695c9141e14282c45371a5689c7bd410dc13fa979d4340761593e9c41dc58d0,DOUBLE ELIMINATION 3,2026,33,17,TOSSUP,MULTIPLE_CHOICE,EARTH_SPACE,Which of the following exoplanet detection techniques has detected the most exoplanets to date?,Which of the following exoplanet detection techniques has detected the most exoplanets to date?,14,"""Y""","[""Radial Velocity"", ""Direct Imaging"", ""Transit"", ""Astrometry""]",DASONI_2
4695c9141e14282c45371a5689c7bd410dc13fa979d4340761593e9c41dc58d0,DOUBLE ELIMINATION 3,2026,34,17,BONUS,MULTIPLE_CHOICE,EARTH_SPACE,The Sun has an apparent magnitude of -26 at a distance of 5 × 10^-6 parsecs. Which of the following is closest to the Sun’s absolute magnitude?,The Sun has an apparent magnitude of -26 at a distance of 5 × 10^-6 parsecs. Which of the following is closest to the Sun’s absolute magnitude?,27,"""Y""","[""-6"", ""-1"", ""5"", ""8""]",DASONI_2
4695c9141e14282c45371a5689c7bd410dc13fa979d4340761593e9c41dc58d0,DOUBLE ELIMINATION 3,2026,35,18,TOSSUP,IDENTIFY_ALL,MATH,Identify all of the following shapes that could be the inversion of a circle with respect to another circle. 1) Circle 2) Line 3) Parabola,Identify all of the following shapes that could be the inversion of a circle with respect to another circle. 1) Circle 2) Line 3) Parabola,25,"""1 and 2""",[],DASONI_2
4695c9141e14282c45371a5689c7bd410dc13fa979d4340761593e9c41dc58d0,DOUBLE ELIMINATION 3,2026,36,18,BONUS,SHORT_ANSWER,MATH,What is the value of five halves factorial?,What is the value of five halves factorial?,8,"""15 $\\sqrt{pi}$/8""",[],DASONI_2
4695c9141e14282c45371a5689c7bd410dc13fa979d4340761593e9c41dc58d0,DOUBLE ELIMINATION 3,2026,37,19,TOSSUP,SHORT_ANSWER,BIOLOGY,"In insects, molting occurs over metamorphosis when what hormone is at high concentrations?","In insects, molting occurs over metamorphosis when what hormone is at high concentrations?",13,"""Juvenile hormone""",[],DASONI_2
4695c9141e14282c45371a5689c7bd410dc13fa979d4340761593e9c41dc58d0,DOUBLE ELIMINATION 3,2026,38,19,BONUS,MULTIPLE_CHOICE,BIOLOGY,Which of the following animals relies on single circulation?,Which of the following animals relies on single circulation?,9,"""Z""","[""Brown bear"", ""Poison dart frog"", ""Caiman lizard"", ""Atlantic mackerel""]",DASONI_2
4695c9141e14282c45371a5689c7bd410dc13fa979d4340761593e9c41dc58d0,DOUBLE ELIMINATION 3,2026,39,20,TOSSUP,MULTIPLE_CHOICE,PHYSICS,Which of the following gives the correct unit for surface tension?,Which of the following gives the correct unit for surface tension?,11,"""X""","[""Pascal"", ""Pascal times meter"", ""Pascal times second"", ""Pascal times second squared""]",DASONI_2
4695c9141e14282c45371a5689c7bd410dc13fa979d4340761593e9c41dc58d0,DOUBLE ELIMINATION 3,2026,40,20,BONUS,MULTIPLE_CHOICE,PHYSICS,Which of the following statements is true about the Drude theory of metals?,Which of the following statements is true about the Drude theory of metals?,13,"""W""","[""It predicts a linear relationship between electric field and current density"", ""It assumes that electrons take the same time between scattering events"", ""It predicts a linear dependence of heat capacity on temperature"", ""It explains the anomalous Hall effect""]",DASONI_2
28f23e9c301c3a385809ff5341f7be3c6bfef31cdcb72c93a241b4ec48b9cb64,DOUBLE ELIMINATION 4,2026,1,1,TOSSUP,IDENTIFY_ALL,BIOLOGY,Identify all of the following three enzymes that catalyze irreversible reactions in glycolysis: 1) Phosphoglycerate mutase 2) Pyruvate kinase 3) Triose phosphate isomerase,Identify all of the following three enzymes that catalyze irreversible reactions in glycolysis: 1) Phosphoglycerate mutase 2) Pyruvate kinase 3) Triose phosphate isomerase,23,"""2 only""",[],DASONI_2
28f23e9c301c3a385809ff5341f7be3c6bfef31cdcb72c93a241b4ec48b9cb64,DOUBLE ELIMINATION 4,2026,2,1,BONUS,SHORT_ANSWER,BIOLOGY,"Located between the afferent arteriole and distal convoluted tubule, which specialized renal tissue regulates blood pressure and glomerular filtration rate via the RAAS system?","Located between the afferent arteriole and distal convoluted tubule, which specialized renal tissue regulates blood pressure and glomerular filtration rate via the RAAS system?",24,"""Juxtaglomerular apparatus""",[],DASONI_2
28f23e9c301c3a385809ff5341f7be3c6bfef31cdcb72c93a241b4ec48b9cb64,DOUBLE ELIMINATION 4,2026,3,2,TOSSUP,RANK,CHEMISTRY,Order the following three compounds by increasing acidity: 1. phenol 2. thiophenol 3. selenophenol,Order the following three compounds by increasing acidity: 1. phenol 2. thiophenol 3. selenophenol,14,"""1 2 3""",[],DASONI_2
28f23e9c301c3a385809ff5341f7be3c6bfef31cdcb72c93a241b4ec48b9cb64,DOUBLE ELIMINATION 4,2026,4,2,BONUS,SHORT_ANSWER,CHEMISTRY,"In a homonuclear diatomic molecule, how many total orbitals are formed from the interaction of the 2p orbitals of the individual atoms?","In a homonuclear diatomic molecule, how many total orbitals are formed from the interaction of the 2p orbitals of the individual atoms?",22,"""6""",[],DASONI_2
28f23e9c301c3a385809ff5341f7be3c6bfef31cdcb72c93a241b4ec48b9cb64,DOUBLE ELIMINATION 4,2026,5,3,TOSSUP,MULTIPLE_CHOICE,MATH,"In abstract algebra, which of the following is NOT a property of all groups?","In abstract algebra, which of the following is NOT a property of all groups?",14,"""X""","[""associativity"", ""commutativity"", ""closure"", ""invertibility of elements""]",DASONI_2
28f23e9c301c3a385809ff5341f7be3c6bfef31cdcb72c93a241b4ec48b9cb64,DOUBLE ELIMINATION 4,2026,6,3,BONUS,SHORT_ANSWER,MATH,Consider the function f(x)=$x^{4}-10x^{2}-x+6.$ f(x) has exactly one rational root. What is this root?,Consider the function f(x)= f(x) has exactly one rational root. What is this root?,14,"""-3""",[],DASONI_2
28f23e9c301c3a385809ff5341f7be3c6bfef31cdcb72c93a241b4ec48b9cb64,DOUBLE ELIMINATION 4,2026,7,4,TOSSUP,MULTIPLE_CHOICE,PHYSICS,Which of the following is false about the strong nuclear force?,Which of the following is false about the strong nuclear force?,11,"""Y""","[""The residual strong force is mediated by pions"", ""The strong force is stronger when separation distance is bigger"", ""The strong force can act on all fermions"", ""The strong force is described by the SU(3) symmetry group""]",DASONI_2
28f23e9c301c3a385809ff5341f7be3c6bfef31cdcb72c93a241b4ec48b9cb64,DOUBLE ELIMINATION 4,2026,8,4,BONUS,SHORT_ANSWER,PHYSICS,"Ethan is playing the violin, but the strings are all out of tune! All of the violin strings have a length of 1 meter and are under a tension of 20 N. The A string has a mass of 2 grams while the D string has a mass of 8 grams. Assuming that the strings only resonate at their fundamental frequency, what is the beat frequency when Ethan plays both strings at the same time?","Ethan is playing the violin, but the strings are all out of tune! All of the violin strings have a length of 1 meter and are under a tension of 20 N. The A string has a mass of 2 grams while the D string has a mass of 8 grams. Assuming that the strings only resonate at their fundamental frequency, what is the beat frequency when Ethan plays both strings at the same time?",75,"""0.02 Hz""",[],DASONI_2
28f23e9c301c3a385809ff5341f7be3c6bfef31cdcb72c93a241b4ec48b9cb64,DOUBLE ELIMINATION 4,2026,9,5,TOSSUP,MULTIPLE_CHOICE,EARTH_SPACE,Which of the following locations will likely have all 4 types of oceanic sediment?,Which of the following locations will likely have all 4 types of oceanic sediment?,14,"""X""","[""Meteor impact"", ""Continental Shelf"", ""Coastal Bluff"", ""Seamount""]",DASONI_2
28f23e9c301c3a385809ff5341f7be3c6bfef31cdcb72c93a241b4ec48b9cb64,DOUBLE ELIMINATION 4,2026,10,5,BONUS,SHORT_ANSWER,EARTH_SPACE,"Which glacial landform is formed via scouring near a resistant rock, creating a shape opposite that of a Roche moutonnee?","Which glacial landform is formed via scouring near a resistant rock, creating a shape opposite that of a Roche moutonnee?",20,"""CRAG AND TAIL""",[],DASONI_2
28f23e9c301c3a385809ff5341f7be3c6bfef31cdcb72c93a241b4ec48b9cb64,DOUBLE ELIMINATION 4,2026,11,6,TOSSUP,SHORT_ANSWER,BIOLOGY,"Yajur encounters a plant with a loss-of-function mutation in a family of transmembrane efflux carriers. The plant has a needle-like, flowerless stem phenotype. He knows this is caused by a lack of polar auxin transport. What proteins are affected?","Yajur encounters a plant with a loss-of-function mutation in a family of transmembrane efflux carriers. The plant has a needle-like, flowerless stem phenotype. He knows this is caused by a lack of polar auxin transport. What proteins are affected?",39,"""PIN proteins""",[],DASONI_2
28f23e9c301c3a385809ff5341f7be3c6bfef31cdcb72c93a241b4ec48b9cb64,DOUBLE ELIMINATION 4,2026,12,6,BONUS,SHORT_ANSWER,BIOLOGY,"Otoliths are calcium carbonate crystals in the human ear responsible for the sensation of gravity. In plants, what structures are analogous to otoliths for sensing gravity within amyloplasts?","Otoliths are calcium carbonate crystals in the human ear responsible for the sensation of gravity. In plants, what structures are analogous to otoliths for sensing gravity within amyloplasts?",28,"""Statoliths""",[],DASONI_2
28f23e9c301c3a385809ff5341f7be3c6bfef31cdcb72c93a241b4ec48b9cb64,DOUBLE ELIMINATION 4,2026,13,7,TOSSUP,SHORT_ANSWER,CHEMISTRY,"What is the name for chemical compounds that have both a hydrophilic and hydrophobic end, allowing them to dissolve in both hydrophilic and hydrophobic solvents?","What is the name for chemical compounds that have both a hydrophilic and hydrophobic end, allowing them to dissolve in both hydrophilic and hydrophobic solvents?",25,"""amphiphilic (accept: amphipathic)""",[],DASONI_2
28f23e9c301c3a385809ff5341f7be3c6bfef31cdcb72c93a241b4ec48b9cb64,DOUBLE ELIMINATION 4,2026,14,7,BONUS,SHORT_ANSWER,CHEMISTRY,What functional group is a cyclic ether consisting of two carbon atoms and one oxygen atom?,What functional group is a cyclic ether consisting of two carbon atoms and one oxygen atom?,16,"""Epoxide""",[],DASONI_2
28f23e9c301c3a385809ff5341f7be3c6bfef31cdcb72c93a241b4ec48b9cb64,DOUBLE ELIMINATION 4,2026,15,8,TOSSUP,SHORT_ANSWER,MATH,"Alex is baking cookies. He wants to make his cookies very sweet, so he needs 12,000,000 kilograms of sugar for every cubic centimeter of cookie. In scientific notation to two significant figures, how much sugar, in nanograms, does he need to bake a rectangular cookie measuring 5 cm wide, 12 cm long, and 1 cm thick?","Alex is baking cookies. He wants to make his cookies very sweet, so he needs 12,000,000 kilograms of sugar for every cubic centimeter of cookie. In scientific notation to two significant figures, how much sugar, in nanograms, does he need to bake a rectangular cookie measuring 5 cm wide, 12 cm long, and 1 cm thick?",56,"""7.2 * $10^{20}$""",[],DASONI_2
28f23e9c301c3a385809ff5341f7be3c6bfef31cdcb72c93a241b4ec48b9cb64,DOUBLE ELIMINATION 4,2026,16,8,BONUS,MULTIPLE_CHOICE,MATH,The multiplicative persistence of a number is the number of times it can be replaced by the product of its digits before doing this no longer changes the number. Which of the following numbers has the highest multiplicative persistence?,The multiplicative persistence of a number is the number of times it can be replaced by the product of its digits before doing this no longer changes the number. Which of the following numbers has the highest multiplicative persistence?,39,"""X""","[""39"", ""77"", ""129"", ""275""]",DASONI_2
28f23e9c301c3a385809ff5341f7be3c6bfef31cdcb72c93a241b4ec48b9cb64,DOUBLE ELIMINATION 4,2026,17,9,TOSSUP,MULTIPLE_CHOICE,PHYSICS,"Mr. Guisti is playing with his new slinky. If he lets the slinky walk down a set of stairs, what happens to the total mechanical energy of the slinky?","Mr. Guisti is playing with his new slinky. If he lets the slinky walk down a set of stairs, what happens to the total mechanical energy of the slinky?",29,"""X""","[""It increases"", ""It decreases"", ""It stays the same"", ""It increases, then decreases""]",DASONI_2
28f23e9c301c3a385809ff5341f7be3c6bfef31cdcb72c93a241b4ec48b9cb64,DOUBLE ELIMINATION 4,2026,18,9,BONUS,MULTIPLE_CHOICE,PHYSICS,Which of the following are the correct natural variables for Helmholtz free energy?,Which of the following are the correct natural variables for Helmholtz free energy?,13,"""""","[""Temperature and Pressure"", ""Temperature and Volume"", ""Entropy and Pressure"", ""Entropy and Volume"", ""Temperature and Volume [LW] [Thermo]""]",DASONI_2
28f23e9c301c3a385809ff5341f7be3c6bfef31cdcb72c93a241b4ec48b9cb64,DOUBLE ELIMINATION 4,2026,19,10,TOSSUP,SHORT_ANSWER,EARTH_SPACE,"You find a stony meteorite that lacks chondrules, but mysteriously, has an isotopic ratio matching the second largest asteroid. What class of meteorites is this part of?","You find a stony meteorite that lacks chondrules, but mysteriously, has an isotopic ratio matching the second largest asteroid. What class of meteorites is this part of?",27,"""HED SOLAR SYSTEM""",[],DASONI_2
28f23e9c301c3a385809ff5341f7be3c6bfef31cdcb72c93a241b4ec48b9cb64,DOUBLE ELIMINATION 4,2026,20,10,BONUS,SHORT_ANSWER,EARTH_SPACE,What is the specific term for the phenomenon formed when air refraction causes an object to appear above where it typically is?,What is the specific term for the phenomenon formed when air refraction causes an object to appear above where it typically is?,22,"""SUPERIOR MIRAGE (DO NOT ACCEPT: MIRAGE)""",[],DASONI_2
28f23e9c301c3a385809ff5341f7be3c6bfef31cdcb72c93a241b4ec48b9cb64,DOUBLE ELIMINATION 4,2026,21,11,TOSSUP,MULTIPLE_CHOICE,BIOLOGY,Akshansh finds that an unknown protein he's trying to identify is trimeric. Which of the following would most likely be the protein?,Akshansh finds that an unknown protein he's trying to identify is trimeric. Which of the following would most likely be the protein?,22,"""W""","[""Clathrin"", ""IgA"", ""IgM"", ""Tubulin""]",DASONI_2
28f23e9c301c3a385809ff5341f7be3c6bfef31cdcb72c93a241b4ec48b9cb64,DOUBLE ELIMINATION 4,2026,22,11,BONUS,SHORT_ANSWER,BIOLOGY,"Julian knows that for aspartic acid, the pKa1 is 1.9, the pKa2 is 3.7, and the pKa3 is 9.6. To two significant figures, what is the isoelectric point of aspartic acid?","Julian knows that for aspartic acid, the pKa1 is 1.9, the pKa2 is 3.7, and the pKa3 is 9.6. To two significant figures, what is the isoelectric point of aspartic acid?",31,"""2.8""",[],DASONI_2
28f23e9c301c3a385809ff5341f7be3c6bfef31cdcb72c93a241b4ec48b9cb64,DOUBLE ELIMINATION 4,2026,23,12,TOSSUP,MULTIPLE_CHOICE,CHEMISTRY,Gavin would like to turn ethyl bromide into ethanol. Which of the following reagents would be most useful?,Gavin would like to turn ethyl bromide into ethanol. Which of the following reagents would be most useful?,18,"""Z""","[""lithium aluminum hydride"", ""water"", ""hydrochloric acid"", ""sodium hydroxide""]",DASONI_2
28f23e9c301c3a385809ff5341f7be3c6bfef31cdcb72c93a241b4ec48b9cb64,DOUBLE ELIMINATION 4,2026,24,12,BONUS,SHORT_ANSWER,CHEMISTRY,What is the bond order between the two oxygen atoms in the superoxide anion?,What is the bond order between the two oxygen atoms in the superoxide anion?,14,"""1.5""",[],DASONI_2
28f23e9c301c3a385809ff5341f7be3c6bfef31cdcb72c93a241b4ec48b9cb64,DOUBLE ELIMINATION 4,2026,25,13,TOSSUP,MULTIPLE_CHOICE,MATH,A false positive is an example of which of the following types of errors?,A false positive is an example of which of the following types of errors?,14,"""W""","[""Type 1"", ""Type 2"", ""Type 3"", ""Type 4""]",DASONI_2
28f23e9c301c3a385809ff5341f7be3c6bfef31cdcb72c93a241b4ec48b9cb64,DOUBLE ELIMINATION 4,2026,26,13,BONUS,IDENTIFY_ALL,MATH,Identify all of the following statements that are true about linear algebra. 1) The row space is the orthogonal complement to the nullspace 2) The column space is the orthogonal complement to the left nullspace 3) The dimensions of the row space and column space must be equal.,Identify all of the following statements that are true about linear algebra. 1) The row space is the orthogonal complement to the nullspace 2) The column space is the orthogonal complement to the left nullspace 3) The dimensions of the row space and column space must be equal.,48,"""All""",[],DASONI_2
28f23e9c301c3a385809ff5341f7be3c6bfef31cdcb72c93a241b4ec48b9cb64,DOUBLE ELIMINATION 4,2026,27,14,TOSSUP,MULTIPLE_CHOICE,PHYSICS,Filip is standing in front of a divergent lens. Which of the following is true about his image in the lens?,Filip is standing in front of a divergent lens. Which of the following is true about his image in the lens?,21,"""X""","[""It is upright and bigger"", ""It is upright and smaller"", ""It is inverted and bigger"", ""It is inverted and smaller""]",DASONI_2
28f23e9c301c3a385809ff5341f7be3c6bfef31cdcb72c93a241b4ec48b9cb64,DOUBLE ELIMINATION 4,2026,28,14,BONUS,MULTIPLE_CHOICE,PHYSICS,How many different values of total angular momentum are there for the combination of a spin 3/2 particle and a spin 1/2 particle?,How many different values of total angular momentum are there for the combination of a spin 3/2 particle and a spin 1/2 particle?,23,"""X""","[""1"", ""2"", ""3"", ""4""]",DASONI_2
28f23e9c301c3a385809ff5341f7be3c6bfef31cdcb72c93a241b4ec48b9cb64,DOUBLE ELIMINATION 4,2026,29,15,TOSSUP,MULTIPLE_CHOICE,EARTH_SPACE,"What type of telescope consists of a corrector plate, primary mirror, and secondary mirror, allowing for long focal lengths in a short tube?","What type of telescope consists of a corrector plate, primary mirror, and secondary mirror, allowing for long focal lengths in a short tube?",23,"""Y""","[""Cassegrain"", ""Newtonian"", ""Schmidt-Cassegrain"", ""Herschelian""]",DASONI_2
28f23e9c301c3a385809ff5341f7be3c6bfef31cdcb72c93a241b4ec48b9cb64,DOUBLE ELIMINATION 4,2026,30,15,BONUS,SHORT_ANSWER,EARTH_SPACE,Jerry is studying a star that is undergoing rapid mass loss as it transitions between the Wolf-Rayet and O-type star stages of its life. Which specific type of variable star is he studying?,Jerry is studying a star that is undergoing rapid mass loss as it transitions between the Wolf-Rayet and O-type star stages of its life. Which specific type of variable star is he studying?,33,"""LUMINOUS BLUE VARIABLE (ACCEPT: LBV)""",[],DASONI_2
28f23e9c301c3a385809ff5341f7be3c6bfef31cdcb72c93a241b4ec48b9cb64,DOUBLE ELIMINATION 4,2026,31,16,TOSSUP,SHORT_ANSWER,BIOLOGY,"Doctor Shayan finds that his patient is experiencing abnormally high levels of cortisol, leading to rapid weight gain, thin skin, and fatigue. Which disease would his patient most likely have?","Doctor Shayan finds that his patient is experiencing abnormally high levels of cortisol, leading to rapid weight gain, thin skin, and fatigue. Which disease would his patient most likely have?",30,"""Cushing's syndrome""",[],DASONI_2
28f23e9c301c3a385809ff5341f7be3c6bfef31cdcb72c93a241b4ec48b9cb64,DOUBLE ELIMINATION 4,2026,32,16,BONUS,SHORT_ANSWER,BIOLOGY,"Ethan, an aspiring hematologist, is performing a complete blood count on a patient. What laboratory technique, which uses lasers to measure chemical and physical characteristics of cells, should he use?","Ethan, an aspiring hematologist, is performing a complete blood count on a patient. What laboratory technique, which uses lasers to measure chemical and physical characteristics of cells, should he use?",30,"""Flow cytometry""",[],DASONI_2
28f23e9c301c3a385809ff5341f7be3c6bfef31cdcb72c93a241b4ec48b9cb64,DOUBLE ELIMINATION 4,2026,33,17,TOSSUP,SHORT_ANSWER,CHEMISTRY,Sulfur trioxide violently reacts with water to form sulfuric acid. This implies that sulfur trioxide is what general type of compound that forms an acid when reacted with water?,Sulfur trioxide violently reacts with water to form sulfuric acid. This implies that sulfur trioxide is what general type of compound that forms an acid when reacted with water?,29,"""acid anhydride (accept: anhydride)""",[],DASONI_2
28f23e9c301c3a385809ff5341f7be3c6bfef31cdcb72c93a241b4ec48b9cb64,DOUBLE ELIMINATION 4,2026,34,17,BONUS,MULTIPLE_CHOICE,CHEMISTRY,Lucas would like to convert but-1-ene into 1-bromobutane. Which of the following reagents should he use alongside HBr to perform this reaction?,Lucas would like to convert but-1-ene into 1-bromobutane. Which of the following reagents should he use alongside HBr to perform this reaction?,22,"""W""","[""Benzoyl peroxide"", ""diborane"", ""methylamine"", ""bromine""]",DASONI_2
28f23e9c301c3a385809ff5341f7be3c6bfef31cdcb72c93a241b4ec48b9cb64,DOUBLE ELIMINATION 4,2026,35,18,TOSSUP,SHORT_ANSWER,MATH,The determinant of what matrix is used to determine whether a set of solutions to a differential equation is linearly independent?,The determinant of what matrix is used to determine whether a set of solutions to a differential equation is linearly independent?,21,"""Wronskian""",[],DASONI_2
28f23e9c301c3a385809ff5341f7be3c6bfef31cdcb72c93a241b4ec48b9cb64,DOUBLE ELIMINATION 4,2026,36,18,BONUS,MULTIPLE_CHOICE,MATH,Which of the following statements of Boolean logic is not true?,Which of the following statements of Boolean logic is not true?,11,"""Z""","[""a and b is equivalent to NOT (NOT A or NOT B)"", ""A XOR B is equivalent to (A OR B) AND (A NAND B)"", ""XNOR is equivalent to equality"", ""(NOT A) OR (NOT B) is equivalent to NOT (A OR B)""]",DASONI_2
28f23e9c301c3a385809ff5341f7be3c6bfef31cdcb72c93a241b4ec48b9cb64,DOUBLE ELIMINATION 4,2026,37,19,TOSSUP,MULTIPLE_CHOICE,PHYSICS,"At the equilibrium position of a phase transition, which of the following quantities must be minimized?","At the equilibrium position of a phase transition, which of the following quantities must be minimized?",16,"""Z""","[""Pressure"", ""Internal energy"", ""Entropy"", ""Gibbs free energy""]",DASONI_2
28f23e9c301c3a385809ff5341f7be3c6bfef31cdcb72c93a241b4ec48b9cb64,DOUBLE ELIMINATION 4,2026,38,19,BONUS,SHORT_ANSWER,PHYSICS,"Lucas really wants to experience the Coriolis force. On a tram at Chicago O'Hare airport, he walks forwards at a speed of 2 meters per second while the tram is turning to the right in a circle of radius 10 meters at a speed of 5 meters per second. What is the magnitude and direction of the Coriolis force Lucas experiences if he has a mass of 80 kilograms?","Lucas really wants to experience the Coriolis force. On a tram at Chicago O'Hare airport, he walks forwards at a speed of 2 meters per second while the tram is turning to the right in a circle of radius 10 meters at a speed of 5 meters per second. What is the magnitude and direction of the Coriolis force Lucas experiences if he has a mass of 80 kilograms?",69,"""160 N, to the left""",[],DASONI_2
28f23e9c301c3a385809ff5341f7be3c6bfef31cdcb72c93a241b4ec48b9cb64,DOUBLE ELIMINATION 4,2026,39,20,TOSSUP,RANK,EARTH_SPACE,Order the following three Solar System bodies in increasing strength of magnetic field. 1) Mercury 2) Mars 3) Ganymede,Order the following three Solar System bodies in increasing strength of magnetic field. 1) Mercury 2) Mars 3) Ganymede,19,"""2, 1, 3""",[],DASONI_2
28f23e9c301c3a385809ff5341f7be3c6bfef31cdcb72c93a241b4ec48b9cb64,DOUBLE ELIMINATION 4,2026,40,20,BONUS,IDENTIFY_ALL,EARTH_SPACE,Identify all of the 3 following events that occurred during the radiation dominated era of the universe. 1) Recombination 2) Helium formation 3) Reionization,Identify all of the 3 following events that occurred during the radiation dominated era of the universe. 1) Recombination 2) Helium formation 3) Reionization,24,"""2 ONLY""",[],DASONI_2
446d36b412d17ea6b773ab34cb96ac2e75375ae1f17fe5b53c887ef6556e5614,DOUBLE ELIMINATION 5,2026,1,1,TOSSUP,SHORT_ANSWER,MATH,The answer to this question is a real number. What is twice the answer to this question?,The answer to this question is a real number. What is twice the answer to this question?,17,"""0""",[],DASONI_2
446d36b412d17ea6b773ab34cb96ac2e75375ae1f17fe5b53c887ef6556e5614,DOUBLE ELIMINATION 5,2026,2,1,BONUS,SHORT_ANSWER,MATH,"A monic cubic polynomial has real coefficients. For some real number a, the roots of this polynomial are a+1, a-1, and $a^{2.}$ What is the greatest possible value of the y-intercept of the polynomial?","A monic cubic polynomial has real coefficients. For some real number a, the roots of this polynomial are a+1, a-1, and What is the greatest possible value of the y-intercept of the polynomial?",33,"""1/4""",[],DASONI_2
446d36b412d17ea6b773ab34cb96ac2e75375ae1f17fe5b53c887ef6556e5614,DOUBLE ELIMINATION 5,2026,3,2,TOSSUP,RANK,PHYSICS,Order the following three electrical components in increasing number of layers of semiconductors they have: 1) transistor 2) transformer 3) diode,Order the following three electrical components in increasing number of layers of semiconductors they have: 1) transistor 2) transformer 3) diode,21,"""2 3 1""",[],DASONI_2
446d36b412d17ea6b773ab34cb96ac2e75375ae1f17fe5b53c887ef6556e5614,DOUBLE ELIMINATION 5,2026,4,2,BONUS,SHORT_ANSWER,PHYSICS,Two electrons interacting only through their spins can have two distinct total energy eigenvalues. What are the degeneracies of these two energy levels?,Two electrons interacting only through their spins can have two distinct total energy eigenvalues. What are the degeneracies of these two energy levels?,23,"""1 and 3""",[],DASONI_2
446d36b412d17ea6b773ab34cb96ac2e75375ae1f17fe5b53c887ef6556e5614,DOUBLE ELIMINATION 5,2026,5,3,TOSSUP,SHORT_ANSWER,CHEMISTRY,"When soap molecules mix with grease, they form what bubble-like structures with hydrophilic heads in contact with water and hydrophobic tails embedded in the center?","When soap molecules mix with grease, they form what bubble-like structures with hydrophilic heads in contact with water and hydrophobic tails embedded in the center?",25,"""micelle""",[],DASONI_2
446d36b412d17ea6b773ab34cb96ac2e75375ae1f17fe5b53c887ef6556e5614,DOUBLE ELIMINATION 5,2026,6,3,BONUS,MULTIPLE_CHOICE,CHEMISTRY,"In radical polymerization, which of the following is not a common method by which a polymer chain can terminate?","In radical polymerization, which of the following is not a common method by which a polymer chain can terminate?",19,"""X""","[""Two radical chains naturally combine via a covalent bond"", ""Electrolysis to remove the unpaired electron"", ""Addition of a compound which extends the chain but is much more stable as a radical"", ""Addition of another radical to bond with the end via a covalent bond""]",DASONI_2
446d36b412d17ea6b773ab34cb96ac2e75375ae1f17fe5b53c887ef6556e5614,DOUBLE ELIMINATION 5,2026,7,4,TOSSUP,MULTIPLE_CHOICE,EARTH_SPACE,"David, being an amateur geologist, decides to go for a walk through the Earth’s crust searching for hypabyssal intrusions. However, he is unable to identify the igneous intrusion he has found! Which of the following intrusive bodies is hypabyssal?","David, being an amateur geologist, decides to go for a walk through the Earth’s crust searching for hypabyssal intrusions. However, he is unable to identify the igneous intrusion he has found! Which of the following intrusive bodies is hypabyssal?",39,"""W""","[""Dike"", ""Batholith"", ""Stock"", ""Lopolith""]",DASONI_2
446d36b412d17ea6b773ab34cb96ac2e75375ae1f17fe5b53c887ef6556e5614,DOUBLE ELIMINATION 5,2026,8,4,BONUS,MULTIPLE_CHOICE,EARTH_SPACE,Which of the following functions models the rate of isostatic rebound?,Which of the following functions models the rate of isostatic rebound?,11,"""Z""","[""Linear"", ""Exponential"", ""Logarithmic"", ""Logistic""]",DASONI_2
446d36b412d17ea6b773ab34cb96ac2e75375ae1f17fe5b53c887ef6556e5614,DOUBLE ELIMINATION 5,2026,9,5,TOSSUP,MULTIPLE_CHOICE,BIOLOGY,Which of the following amino acids would most likely be found as a metal ion chelator?,Which of the following amino acids would most likely be found as a metal ion chelator?,16,"""W""","[""Histidine"", ""Leucine"", ""Arginine"", ""Tyrosine""]",DASONI_2
446d36b412d17ea6b773ab34cb96ac2e75375ae1f17fe5b53c887ef6556e5614,DOUBLE ELIMINATION 5,2026,10,5,BONUS,SHORT_ANSWER,BIOLOGY,"In one of the most common eukaryotic DNA-binding domains, two histidine residues and two cysteine residues typically act together to chelate a specific central transition metal ion. This coordination stabilizes a small structural motif consisting of an alpha helix and an antiparallel beta sheet. What is the common name for this structural motif?","In one of the most common eukaryotic DNA-binding domains, two histidine residues and two cysteine residues typically act together to chelate a specific central transition metal ion. This coordination stabilizes a small structural motif consisting of an alpha helix and an antiparallel beta sheet. What is the common name for this structural motif?",53,"""Zinc finger (ACCEPT: Zinc finger motif or C2H2 zinc finger)""",[],DASONI_2
446d36b412d17ea6b773ab34cb96ac2e75375ae1f17fe5b53c887ef6556e5614,DOUBLE ELIMINATION 5,2026,11,6,TOSSUP,MULTIPLE_CHOICE,MATH,Which of the following is the cardinality of the set of real numbers?,Which of the following is the cardinality of the set of real numbers?,13,"""X""","[""aleph-null"", ""$2^{aleph-null}$ [READ: two to the power of aleph null]"", ""aleph-$null^{2}$ [READ: aleph null squared]"", ""$\\sqrt{aleph-null}$ [READ: the square root of aleph null]""]",DASONI_2
446d36b412d17ea6b773ab34cb96ac2e75375ae1f17fe5b53c887ef6556e5614,DOUBLE ELIMINATION 5,2026,12,6,BONUS,SHORT_ANSWER,MATH,How many four-digit numbers satisfy the property that the sum of it and the number formed from reversing its digits is 6776?,How many four-digit numbers satisfy the property that the sum of it and the number formed from reversing its digits is 6776?,22,"""48""",[],DASONI_2
446d36b412d17ea6b773ab34cb96ac2e75375ae1f17fe5b53c887ef6556e5614,DOUBLE ELIMINATION 5,2026,13,7,TOSSUP,MULTIPLE_CHOICE,PHYSICS,To what power of temperature is the internal energy of a photon gas proportional to?,To what power of temperature is the internal energy of a photon gas proportional to?,15,"""Z""","[""1"", ""2"", ""3"", ""4""]",DASONI_2
446d36b412d17ea6b773ab34cb96ac2e75375ae1f17fe5b53c887ef6556e5614,DOUBLE ELIMINATION 5,2026,14,7,BONUS,SHORT_ANSWER,PHYSICS,"Filip is traveling at 0.6c and has an acceleration of 0.1 c/s. If he has a relativistic mass of 16 kilograms and assuming c is 3*$10^{8}$ m/s, what is the net force in Newtons acting on him?","Filip is traveling at 0.6c and has an acceleration of 0.1 c/s. If he has a relativistic mass of 16 kilograms and assuming c is 3* m/s, what is the net force in Newtons acting on him?",37,"""7.5*$10^{8}$""",[],DASONI_2
446d36b412d17ea6b773ab34cb96ac2e75375ae1f17fe5b53c887ef6556e5614,DOUBLE ELIMINATION 5,2026,15,8,TOSSUP,MULTIPLE_CHOICE,CHEMISTRY,Which of the following best classifies a Diels-Alder reaction?,Which of the following best classifies a Diels-Alder reaction?,9,"""W""","[""[4+2] cycloaddition"", ""[4+3] cycloaddition"", ""[2,3] sigmatropic rearrangement"", ""[3,3] sigmatropic rearrangement""]",DASONI_2
446d36b412d17ea6b773ab34cb96ac2e75375ae1f17fe5b53c887ef6556e5614,DOUBLE ELIMINATION 5,2026,16,8,BONUS,MULTIPLE_CHOICE,CHEMISTRY,"According to hard-soft acid-base theory, which of the following ions is a hard acid?","According to hard-soft acid-base theory, which of the following ions is a hard acid?",14,"""Z""","[""Au+"", ""Fe2+"", ""Cl-"", ""Na+""]",DASONI_2
446d36b412d17ea6b773ab34cb96ac2e75375ae1f17fe5b53c887ef6556e5614,DOUBLE ELIMINATION 5,2026,17,9,TOSSUP,SHORT_ANSWER,EARTH_SPACE,"In order to explain the late heavy bombardment and the formation of the Oort cloud, scientists have proposed a model of solar system formation. After the dissipation of the solar system's initial planetary disk, it has been theorized that the present day gas planets migrated outward from their positions that were originally closer to the Sun. What is the name for this model?","In order to explain the late heavy bombardment and the formation of the Oort cloud, scientists have proposed a model of solar system formation. After the dissipation of the solar system's initial planetary disk, it has been theorized that the present day gas planets migrated outward from their positions that were originally closer to the Sun. What is the name for this model?",63,"""NICE MODEL""",[],DASONI_2
446d36b412d17ea6b773ab34cb96ac2e75375ae1f17fe5b53c887ef6556e5614,DOUBLE ELIMINATION 5,2026,18,9,BONUS,MULTIPLE_CHOICE,EARTH_SPACE,"If Atticus were to graph the relationship between decreasing absolute magnitude and increasing period for Cepheid variables, which of the following relationships would he observe?","If Atticus were to graph the relationship between decreasing absolute magnitude and increasing period for Cepheid variables, which of the following relationships would he observe?",25,"""Y""","[""Linear"", ""Exponential"", ""Logarithmic"", ""Logistic""]",DASONI_2
446d36b412d17ea6b773ab34cb96ac2e75375ae1f17fe5b53c887ef6556e5614,DOUBLE ELIMINATION 5,2026,19,10,TOSSUP,SHORT_ANSWER,BIOLOGY,Most animals have homeobox genes as transcription factors that manage pattern formation. What are the analogues for these in plants called?,Most animals have homeobox genes as transcription factors that manage pattern formation. What are the analogues for these in plants called?,21,"""MADS-BOX""",[],DASONI_2
446d36b412d17ea6b773ab34cb96ac2e75375ae1f17fe5b53c887ef6556e5614,DOUBLE ELIMINATION 5,2026,20,10,BONUS,SHORT_ANSWER,BIOLOGY,"Which elongated, funnel-shaped glial cells in the retina take up approximately 20% of its volume and help nourish photoreceptors and other retinal neurons?","Which elongated, funnel-shaped glial cells in the retina take up approximately 20% of its volume and help nourish photoreceptors and other retinal neurons?",23,"""Muller cells""",[],DASONI_2
446d36b412d17ea6b773ab34cb96ac2e75375ae1f17fe5b53c887ef6556e5614,DOUBLE ELIMINATION 5,2026,21,11,TOSSUP,SHORT_ANSWER,MATH,What are the last 3 digits of the sequence as n goes to infinity of $5^{2^{n}}$?,What are the last 3 digits of the sequence as n goes to infinity of ?,16,"""625""",[],DASONI_2
446d36b412d17ea6b773ab34cb96ac2e75375ae1f17fe5b53c887ef6556e5614,DOUBLE ELIMINATION 5,2026,22,11,BONUS,SHORT_ANSWER,MATH,"Five people are each given a T-shirt with their name on it. However, Julian wants to rearrange the five T-shirts such that nobody gets the T-shirt with their name on it. How many such arrangements are there?","Five people are each given a T-shirt with their name on it. However, Julian wants to rearrange the five T-shirts such that nobody gets the T-shirt with their name on it. How many such arrangements are there?",37,"""44""",[],DASONI_2
446d36b412d17ea6b773ab34cb96ac2e75375ae1f17fe5b53c887ef6556e5614,DOUBLE ELIMINATION 5,2026,23,12,TOSSUP,MULTIPLE_CHOICE,PHYSICS,"According to the Debye model, how many distinct phonon polarization types are there for a three dimensional crystal?","According to the Debye model, how many distinct phonon polarization types are there for a three dimensional crystal?",18,"""Y""","[""1"", ""2"", ""3"", ""4""]",DASONI_2
446d36b412d17ea6b773ab34cb96ac2e75375ae1f17fe5b53c887ef6556e5614,DOUBLE ELIMINATION 5,2026,24,12,BONUS,MULTIPLE_CHOICE,PHYSICS,Which of the following describes the Lagrangian for a relativistic free particle?,Which of the following describes the Lagrangian for a relativistic free particle?,12,"""W""","[""Nonpositive"", ""Nonnegative"", ""Zero"", ""Undefined""]",DASONI_2
446d36b412d17ea6b773ab34cb96ac2e75375ae1f17fe5b53c887ef6556e5614,DOUBLE ELIMINATION 5,2026,25,13,TOSSUP,MULTIPLE_CHOICE,CHEMISTRY,Which of the following best explains the extreme instability of cyclobutadiene?,Which of the following best explains the extreme instability of cyclobutadiene?,11,"""X""","[""it instantly dimerizes into cubane"", ""it is antiaromatic according to Huckel's rule"", ""there is extreme bond angle strain"", ""the pi bonds and hydrogens rearrange instantly to form cyclobutyne""]",DASONI_2
446d36b412d17ea6b773ab34cb96ac2e75375ae1f17fe5b53c887ef6556e5614,DOUBLE ELIMINATION 5,2026,26,13,BONUS,RANK,CHEMISTRY,Arrange the following three conformations of butane in increasing order of gibbs free energy: 1) gauche 2) syn-periplanar 3) anticlinal,Arrange the following three conformations of butane in increasing order of gibbs free energy: 1) gauche 2) syn-periplanar 3) anticlinal,20,"""1 3 2""",[],DASONI_2
446d36b412d17ea6b773ab34cb96ac2e75375ae1f17fe5b53c887ef6556e5614,DOUBLE ELIMINATION 5,2026,27,14,TOSSUP,SHORT_ANSWER,EARTH_SPACE,"Within a white dwarf, leptons absorbed by the nucleus of an ion are convectively carried towards the surface. Then, beta decay occurs and the resulting element is brought back to the core of the star, cooling the white dwarf overall. What is the name for this general process?","Within a white dwarf, leptons absorbed by the nucleus of an ion are convectively carried towards the surface. Then, beta decay occurs and the resulting element is brought back to the core of the star, cooling the white dwarf overall. What is the name for this general process?",48,"""URCA PROCESS""",[],DASONI_2
446d36b412d17ea6b773ab34cb96ac2e75375ae1f17fe5b53c887ef6556e5614,DOUBLE ELIMINATION 5,2026,28,14,BONUS,MULTIPLE_CHOICE,EARTH_SPACE,"Oftentimes, when observing a binary star system, the system is not actually edge on to us, causing the system's observed velocity to differ from its actual velocity. By which factor does the observed velocity need to be multiplied by to obtain the actual velocity?","Oftentimes, when observing a binary star system, the system is not actually edge on to us, causing the system's observed velocity to differ from its actual velocity. By which factor does the observed velocity need to be multiplied by to obtain the actual velocity?",44,"""Z""","[""sine of the angle of inclination"", ""cosine of the angle of inclination"", ""secant of the angle of inclination"", ""cosecant of the angle of inclination""]",DASONI_2
446d36b412d17ea6b773ab34cb96ac2e75375ae1f17fe5b53c887ef6556e5614,DOUBLE ELIMINATION 5,2026,29,15,TOSSUP,MULTIPLE_CHOICE,BIOLOGY,Activation of which adrenergic receptor subtype by epinephrine or norepinephrine increases cardiac contractility and cardiac output?,Activation of which adrenergic receptor subtype by epinephrine or norepinephrine increases cardiac contractility and cardiac output?,16,"""Y""","[""Alpha 1"", ""Alpha 2"", ""Beta 1"", ""Beta 2""]",DASONI_2
446d36b412d17ea6b773ab34cb96ac2e75375ae1f17fe5b53c887ef6556e5614,DOUBLE ELIMINATION 5,2026,30,15,BONUS,SHORT_ANSWER,BIOLOGY,"Which class of neuropeptides, important for maintaining the awake state, are produced by neurons in the hypothalamus that have widespread projections throughout the cortex and thalamus?","Which class of neuropeptides, important for maintaining the awake state, are produced by neurons in the hypothalamus that have widespread projections throughout the cortex and thalamus?",26,"""Orexins (accept: Hypocretins)""",[],DASONI_2
446d36b412d17ea6b773ab34cb96ac2e75375ae1f17fe5b53c887ef6556e5614,DOUBLE ELIMINATION 5,2026,31,16,TOSSUP,SHORT_ANSWER,MATH,"For the logistic map, what constant is the limiting ratio of each bifurcation interval to the next between every period-doubling, and is approximately equal to 4.67?","For the logistic map, what constant is the limiting ratio of each bifurcation interval to the next between every period-doubling, and is approximately equal to 4.67?",26,"""Feigenbaum constant""",[],DASONI_2
446d36b412d17ea6b773ab34cb96ac2e75375ae1f17fe5b53c887ef6556e5614,DOUBLE ELIMINATION 5,2026,32,16,BONUS,SHORT_ANSWER,MATH,"Evaluate the line integral around a circle centered at the origin with radius 1 of the gradient of the function f(x,y)=xy-x-y.","Evaluate the line integral around a circle centered at the origin with radius 1 of the gradient of the function f(x,y)=xy-x-y.",21,"""0""",[],DASONI_2
446d36b412d17ea6b773ab34cb96ac2e75375ae1f17fe5b53c887ef6556e5614,DOUBLE ELIMINATION 5,2026,33,17,TOSSUP,IDENTIFY_ALL,PHYSICS,Identify all of the following four quantities that are pseudovectors: 1) Angular momentum 2) Magnetic field 3) Electric Field 4) Electric Current,Identify all of the following four quantities that are pseudovectors: 1) Angular momentum 2) Magnetic field 3) Electric Field 4) Electric Current,22,"""1 and 2""",[],DASONI_2
446d36b412d17ea6b773ab34cb96ac2e75375ae1f17fe5b53c887ef6556e5614,DOUBLE ELIMINATION 5,2026,34,17,BONUS,SHORT_ANSWER,PHYSICS,What quantum electrodynamic effect leads to the nondegeneracy of the s and p orbitals of the hydrogen atom with the same principal quantum number?,What quantum electrodynamic effect leads to the nondegeneracy of the s and p orbitals of the hydrogen atom with the same principal quantum number?,24,"""Lamb shift""",[],DASONI_2
446d36b412d17ea6b773ab34cb96ac2e75375ae1f17fe5b53c887ef6556e5614,DOUBLE ELIMINATION 5,2026,35,18,TOSSUP,SHORT_ANSWER,CHEMISTRY,Some ketones can often be found as an alternative nucleophilic functional group. What is the name of this functional group?,Some ketones can often be found as an alternative nucleophilic functional group. What is the name of this functional group?,20,"""Enol""",[],DASONI_2
446d36b412d17ea6b773ab34cb96ac2e75375ae1f17fe5b53c887ef6556e5614,DOUBLE ELIMINATION 5,2026,36,18,BONUS,SHORT_ANSWER,CHEMISTRY,Raman spectroscopy measures the change in what property of a molecule due to vibrational and rotational modes?,Raman spectroscopy measures the change in what property of a molecule due to vibrational and rotational modes?,17,"""Polarizability""",[],DASONI_2
446d36b412d17ea6b773ab34cb96ac2e75375ae1f17fe5b53c887ef6556e5614,DOUBLE ELIMINATION 5,2026,37,19,TOSSUP,MULTIPLE_CHOICE,EARTH_SPACE,Which of the following features is not typically associated with a desert environment?,Which of the following features is not typically associated with a desert environment?,13,"""W""","[""Polje"", ""Wadi"", ""Mesa"", ""Erg""]",DASONI_2
446d36b412d17ea6b773ab34cb96ac2e75375ae1f17fe5b53c887ef6556e5614,DOUBLE ELIMINATION 5,2026,38,19,BONUS,SHORT_ANSWER,EARTH_SPACE,"Instead of forming on gently sloped muds, which type of lacustrine delta forms on coarse sediments, resulting in a tripartite structure of topset, foreset, and bottom set beds?","Instead of forming on gently sloped muds, which type of lacustrine delta forms on coarse sediments, resulting in a tripartite structure of topset, foreset, and bottom set beds?",28,"""GILBERT DELTA""",[],DASONI_2
446d36b412d17ea6b773ab34cb96ac2e75375ae1f17fe5b53c887ef6556e5614,DOUBLE ELIMINATION 5,2026,39,20,TOSSUP,MULTIPLE_CHOICE,BIOLOGY,"Which of the following types of enzyme inhibition occurs when an inhibitor binds to the enzyme-substrate complex, lowering both the maximum velocity and Michaelis constant of the enzyme?","Which of the following types of enzyme inhibition occurs when an inhibitor binds to the enzyme-substrate complex, lowering both the maximum velocity and Michaelis constant of the enzyme?",28,"""Y""","[""Competitive"", ""Noncompetitive"", ""Uncompetitive"", ""Suicide""]",DASONI_2
446d36b412d17ea6b773ab34cb96ac2e75375ae1f17fe5b53c887ef6556e5614,DOUBLE ELIMINATION 5,2026,40,20,BONUS,SHORT_ANSWER,BIOLOGY,"Ethan realizes that as he is driving, he sees a billboard with high clarity, and wonders how the lenses in his eyes stay in place instead of floating about in his eye. What are the elastic connectors that link the ciliary muscles to the lens?","Ethan realizes that as he is driving, he sees a billboard with high clarity, and wonders how the lenses in his eyes stay in place instead of floating about in his eye. What are the elastic connectors that link the ciliary muscles to the lens?",45,"""Zonular fibers (accept: Suspensory ligaments)""",[],DASONI_2
a5180f3c86554b29dcd364a6b5f497269f320664e5e5d40216dd9aa155f0a99d,DOUBLE ELIMINATION 6,2026,1,1,TOSSUP,SHORT_ANSWER,EARTH_SPACE,"Isostatic subsidence can result from a large glacier adding weight to the lithosphere, causing it to sink deeper in the mantle. What is the name for the nearby region that increases in elevation, instead of sinking?","Isostatic subsidence can result from a large glacier adding weight to the lithosphere, causing it to sink deeper in the mantle. What is the name for the nearby region that increases in elevation, instead of sinking?",36,"""FOREBULGE""",[],DASONI_2
a5180f3c86554b29dcd364a6b5f497269f320664e5e5d40216dd9aa155f0a99d,DOUBLE ELIMINATION 6,2026,2,1,BONUS,SHORT_ANSWER,EARTH_SPACE,"Moulins are englacial channels that can bring supraglacial meltwater to the base of a glacier, increasing its velocity, a phenomenon known as basal sliding. What is the term for the effect that creates basal sliding through this mechanism?","Moulins are englacial channels that can bring supraglacial meltwater to the base of a glacier, increasing its velocity, a phenomenon known as basal sliding. What is the term for the effect that creates basal sliding through this mechanism?",38,"""ZWALLY EFFECT""",[],DASONI_2
a5180f3c86554b29dcd364a6b5f497269f320664e5e5d40216dd9aa155f0a99d,DOUBLE ELIMINATION 6,2026,3,2,TOSSUP,IDENTIFY_ALL,CHEMISTRY,Identify all of the following compounds that are aromatic: 1. cyclubutadiene [read: cyclo-byoota-die-een] 2. furan 3. cyclodecapentaene [read: cyclo-deca-penta-een],Identify all of the following compounds that are aromatic: 1. cyclubutadiene [read: cyclo-byoota-die-een] 2. furan 3. cyclodecapentaene [read: cyclo-deca-penta-een],19,"""2 and 3""",[],DASONI_2
a5180f3c86554b29dcd364a6b5f497269f320664e5e5d40216dd9aa155f0a99d,DOUBLE ELIMINATION 6,2026,4,2,BONUS,MULTIPLE_CHOICE,CHEMISTRY,Which of the following categories of non-Newtonian fluids does oobleck belong to?,Which of the following categories of non-Newtonian fluids does oobleck belong to?,12,"""Y""","[""Rheopectic"", ""Thixotropic"", ""Dilatant"", ""Pseudoplastic""]",DASONI_2
a5180f3c86554b29dcd364a6b5f497269f320664e5e5d40216dd9aa155f0a99d,DOUBLE ELIMINATION 6,2026,5,3,TOSSUP,IDENTIFY_ALL,PHYSICS,"Identify all of the following three quantities that when increased, will increase the Q factor of a series RLC circuit. 1) Resistance 2) Capacitance 3) Inductance.","Identify all of the following three quantities that when increased, will increase the Q factor of a series RLC circuit. 1) Resistance 2) Capacitance 3) Inductance.",26,"""3 only""",[],DASONI_2
a5180f3c86554b29dcd364a6b5f497269f320664e5e5d40216dd9aa155f0a99d,DOUBLE ELIMINATION 6,2026,6,3,BONUS,SHORT_ANSWER,PHYSICS,What general type of second-order phase transitions is exemplified by the superfluid transition of Helium 4 at low temperatures?,What general type of second-order phase transitions is exemplified by the superfluid transition of Helium 4 at low temperatures?,19,"""Lambda transition""",[],DASONI_2
a5180f3c86554b29dcd364a6b5f497269f320664e5e5d40216dd9aa155f0a99d,DOUBLE ELIMINATION 6,2026,7,4,TOSSUP,SHORT_ANSWER,MATH,The real line is constructed by laying a countable number of unit line segments end-to-end. An extension of the real line is constructed from an uncountable number of unit line segments. What is the name of this construction?,The real line is constructed by laying a countable number of unit line segments end-to-end. An extension of the real line is constructed from an uncountable number of unit line segments. What is the name of this construction?,38,"""The Long Line (Alexandroff line)""",[],DASONI_2
a5180f3c86554b29dcd364a6b5f497269f320664e5e5d40216dd9aa155f0a99d,DOUBLE ELIMINATION 6,2026,8,4,BONUS,SHORT_ANSWER,MATH,"The Lucas numbers are a sequence starting with 2 and 1, where each consecutive term is generated by adding the previous two. The first five terms of this sequence are 2, 1, 3, 4, and 7. What is the last digit of the sum of the first 2025 Lucas numbers?","The Lucas numbers are a sequence starting with 2 and 1, where each consecutive term is generated by adding the previous two. The first five terms of this sequence are 2, 1, 3, 4, and 7. What is the last digit of the sum of the first 2025 Lucas numbers?",50,"""2""",[],DASONI_2
a5180f3c86554b29dcd364a6b5f497269f320664e5e5d40216dd9aa155f0a99d,DOUBLE ELIMINATION 6,2026,9,5,TOSSUP,SHORT_ANSWER,BIOLOGY,What root-like extensions are produced by parasitic plants and fungi to absorb nutrients and water from host tissues?,What root-like extensions are produced by parasitic plants and fungi to absorb nutrients and water from host tissues?,18,"""Haustoria""",[],DASONI_2
a5180f3c86554b29dcd364a6b5f497269f320664e5e5d40216dd9aa155f0a99d,DOUBLE ELIMINATION 6,2026,10,5,BONUS,MULTIPLE_CHOICE,BIOLOGY,"Lysozyme, which has an isoelectric point of 11, is commonly found in egg white. If Alan wants to separate lysozyme from egg white, which of the following experimental techniques should he use, assuming a low buffer pH?","Lysozyme, which has an isoelectric point of 11, is commonly found in egg white. If Alan wants to separate lysozyme from egg white, which of the following experimental techniques should he use, assuming a low buffer pH?",37,"""X""","[""Anion exchange chromatography"", ""Cation exchange chromatography"", ""Size exclusion chromatography"", ""Affinity chromatography""]",DASONI_2
a5180f3c86554b29dcd364a6b5f497269f320664e5e5d40216dd9aa155f0a99d,DOUBLE ELIMINATION 6,2026,11,6,TOSSUP,MULTIPLE_CHOICE,EARTH_SPACE,Which of the following would not be characteristic of a relatively warm vertical column of troposphere near the equator?,Which of the following would not be characteristic of a relatively warm vertical column of troposphere near the equator?,19,"""Z""","[""Strong vertical mixing"", ""Abundant Precipitation"", ""High Tropopause"", ""Low Planetary Boundary Layer""]",DASONI_2
a5180f3c86554b29dcd364a6b5f497269f320664e5e5d40216dd9aa155f0a99d,DOUBLE ELIMINATION 6,2026,12,6,BONUS,SHORT_ANSWER,EARTH_SPACE,"With growing electric potential at the ground during a thunderstorm, a positive current may begin to move up objects, eventually creating a greenish halo. What is the name for the phenomenon created, a type of luminous corona discharge?","With growing electric potential at the ground during a thunderstorm, a positive current may begin to move up objects, eventually creating a greenish halo. What is the name for the phenomenon created, a type of luminous corona discharge?",38,"""ST. ELMO'S FIRE""",[],DASONI_2
a5180f3c86554b29dcd364a6b5f497269f320664e5e5d40216dd9aa155f0a99d,DOUBLE ELIMINATION 6,2026,13,7,TOSSUP,MULTIPLE_CHOICE,CHEMISTRY,How many lattice points are contained in the conventional unit cell of a body-centered-cubic lattice?,How many lattice points are contained in the conventional unit cell of a body-centered-cubic lattice?,15,"""X""","[""1"", ""2"", ""3"", ""4""]",DASONI_2
a5180f3c86554b29dcd364a6b5f497269f320664e5e5d40216dd9aa155f0a99d,DOUBLE ELIMINATION 6,2026,14,7,BONUS,IDENTIFY_ALL,CHEMISTRY,Identify all of the following salts that have a body-centered cubic structure: 1) cesium chloride 2) zinc sulfide 3) sodium chloride,Identify all of the following salts that have a body-centered cubic structure: 1) cesium chloride 2) zinc sulfide 3) sodium chloride,21,"""None""",[],DASONI_2
a5180f3c86554b29dcd364a6b5f497269f320664e5e5d40216dd9aa155f0a99d,DOUBLE ELIMINATION 6,2026,15,8,TOSSUP,SHORT_ANSWER,PHYSICS,Yajur is studying crystals. What is the term for primitive unit cell of a crystal consisting of one lattice point and all points closer to that lattice point than any other lattice point in the crystal?,Yajur is studying crystals. What is the term for primitive unit cell of a crystal consisting of one lattice point and all points closer to that lattice point than any other lattice point in the crystal?,36,"""Wigner-Seitz cell""",[],DASONI_2
a5180f3c86554b29dcd364a6b5f497269f320664e5e5d40216dd9aa155f0a99d,DOUBLE ELIMINATION 6,2026,16,8,BONUS,SHORT_ANSWER,PHYSICS,"A physical pendulum is made from a stick with total mass M, length L, and mass density $\rho_x = 2Mx/L^{2}$, where x is the distance from a point on the stick to the pivot at the top. In terms of M, L, and g, what is the angular frequency of small oscillations for this pendulum?","A physical pendulum is made from a stick with total mass M, length L, and mass density , where x is the distance from a point on the stick to the pivot at the top. In terms of M, L, and g, what is the angular frequency of small oscillations for this pendulum?",53,"""$\\sqrt{4g/3L}$""",[],DASONI_2
a5180f3c86554b29dcd364a6b5f497269f320664e5e5d40216dd9aa155f0a99d,DOUBLE ELIMINATION 6,2026,17,9,TOSSUP,MULTIPLE_CHOICE,MATH,Which of the following best describes Godel's incompleteness theorem?,Which of the following best describes Godel's incompleteness theorem?,9,"""X""","[""Math is based on a logical inconsistency that cannot be resolved"", ""Any system of math will have unprovable but true theorems"", ""Any system of math will have an inconsistency"", ""The axiom of choice is required for a consistent system of math""]",DASONI_2
a5180f3c86554b29dcd364a6b5f497269f320664e5e5d40216dd9aa155f0a99d,DOUBLE ELIMINATION 6,2026,18,9,BONUS,IDENTIFY_ALL,MATH,Identify all of the following statements that are true: 1) There are exactly two true statements 2) There are at least two true statements 3) There are exactly three true statements 4) Statement 1 is true,Identify all of the following statements that are true: 1) There are exactly two true statements 2) There are at least two true statements 3) There are exactly three true statements 4) Statement 1 is true,36,"""None""",[],DASONI_2
a5180f3c86554b29dcd364a6b5f497269f320664e5e5d40216dd9aa155f0a99d,DOUBLE ELIMINATION 6,2026,19,10,TOSSUP,MULTIPLE_CHOICE,BIOLOGY,Which phase in the recording of an electrocardiogram corresponds to ventricular depolarization?,Which phase in the recording of an electrocardiogram corresponds to ventricular depolarization?,12,"""X""","[""P wave"", ""QRS complex"", ""ST interval"", ""T wave""]",DASONI_2
a5180f3c86554b29dcd364a6b5f497269f320664e5e5d40216dd9aa155f0a99d,DOUBLE ELIMINATION 6,2026,20,10,BONUS,IDENTIFY_ALL,BIOLOGY,"Identify all of the following options that correctly match the hormone to the location at which it is produced in the adrenal cortex: 1) Cortisol, zona fasciculata 2) Aldosterone, zona reticularis 3) DHEA, zona glomerulosa","Identify all of the following options that correctly match the hormone to the location at which it is produced in the adrenal cortex: 1) Cortisol, zona fasciculata 2) Aldosterone, zona reticularis 3) DHEA, zona glomerulosa",35,"""1 only""",[],DASONI_2
a5180f3c86554b29dcd364a6b5f497269f320664e5e5d40216dd9aa155f0a99d,DOUBLE ELIMINATION 6,2026,21,11,TOSSUP,SHORT_ANSWER,EARTH_SPACE,"What is the only natural satellite in the solar system that is not tidally locked to its host planet and is characterized by chaotic, irregular motion?","What is the only natural satellite in the solar system that is not tidally locked to its host planet and is characterized by chaotic, irregular motion?",26,"""HYPERION""",[],DASONI_2
a5180f3c86554b29dcd364a6b5f497269f320664e5e5d40216dd9aa155f0a99d,DOUBLE ELIMINATION 6,2026,22,11,BONUS,IDENTIFY_ALL,EARTH_SPACE,Identify all of the following 3 constants that appear in the formula for the entropy of a black hole. 1) The speed of light 2) h bar 3) Boltzmann's constant,Identify all of the following 3 constants that appear in the formula for the entropy of a black hole. 1) The speed of light 2) h bar 3) Boltzmann's constant,30,"""ALL""",[],DASONI_2
a5180f3c86554b29dcd364a6b5f497269f320664e5e5d40216dd9aa155f0a99d,DOUBLE ELIMINATION 6,2026,23,12,TOSSUP,IDENTIFY_ALL,CHEMISTRY,"In a second-order phase transition, identify all of the following quantities that are discontinuous at the phase boundary: 1) Heat capacity 2) Gibbs free energy 3) Entropy","In a second-order phase transition, identify all of the following quantities that are discontinuous at the phase boundary: 1) Heat capacity 2) Gibbs free energy 3) Entropy",27,"""1 and 3""",[],DASONI_2
a5180f3c86554b29dcd364a6b5f497269f320664e5e5d40216dd9aa155f0a99d,DOUBLE ELIMINATION 6,2026,24,12,BONUS,IDENTIFY_ALL,CHEMISTRY,Bourne wants to perform nucleophilic substitution on an alcohol without first converting it to a sulfonate ester. Identify all of the following three reagents he would need to do this: 1) MCPBA 2) DEAD 3) Triphenylphosphine,Bourne wants to perform nucleophilic substitution on an alcohol without first converting it to a sulfonate ester. Identify all of the following three reagents he would need to do this: 1) MCPBA 2) DEAD 3) Triphenylphosphine,36,"""2 and 3""",[],DASONI_2
a5180f3c86554b29dcd364a6b5f497269f320664e5e5d40216dd9aa155f0a99d,DOUBLE ELIMINATION 6,2026,25,13,TOSSUP,IDENTIFY_ALL,PHYSICS,Identify all of the following that must be true for a process to be thermodynamically reversible: 1) It must be quasistatic 2) It must decrease the entropy of the system 3) It must be endothermic,Identify all of the following that must be true for a process to be thermodynamically reversible: 1) It must be quasistatic 2) It must decrease the entropy of the system 3) It must be endothermic,35,"""1 only""",[],DASONI_2
a5180f3c86554b29dcd364a6b5f497269f320664e5e5d40216dd9aa155f0a99d,DOUBLE ELIMINATION 6,2026,26,13,BONUS,SHORT_ANSWER,PHYSICS,"Filip makes a toroidal solenoid with 500 total turns, a major radius of 5 meters, and a minor radius of 1 meter. If a current of 1 Ampere is running through the solenoid, what is the magnetic field in Teslas at the center of circular cross section of the torus?","Filip makes a toroidal solenoid with 500 total turns, a major radius of 5 meters, and a minor radius of 1 meter. If a current of 1 Ampere is running through the solenoid, what is the magnetic field in Teslas at the center of circular cross section of the torus?",50,"""2*10^-5""",[],DASONI_2
a5180f3c86554b29dcd364a6b5f497269f320664e5e5d40216dd9aa155f0a99d,DOUBLE ELIMINATION 6,2026,27,14,TOSSUP,SHORT_ANSWER,MATH,What term is used to describe a set that is both open and closed?,What term is used to describe a set that is both open and closed?,14,"""Clopen""",[],DASONI_2
a5180f3c86554b29dcd364a6b5f497269f320664e5e5d40216dd9aa155f0a99d,DOUBLE ELIMINATION 6,2026,28,14,BONUS,SHORT_ANSWER,MATH,What theorem states that every self-intersecting curve in the two dimensional plane separates the plane into an interior and an exterior?,What theorem states that every self-intersecting curve in the two dimensional plane separates the plane into an interior and an exterior?,21,"""Jordan curve theorem""",[],DASONI_2
a5180f3c86554b29dcd364a6b5f497269f320664e5e5d40216dd9aa155f0a99d,DOUBLE ELIMINATION 6,2026,29,15,TOSSUP,SHORT_ANSWER,BIOLOGY,"In vertebrate limb development, what posterior structure secretes Sonic hedgehog to establish the anterior-posterior axis?","In vertebrate limb development, what posterior structure secretes Sonic hedgehog to establish the anterior-posterior axis?",15,"""Zone of polarizing activity (accept: ZPA)""",[],DASONI_2
a5180f3c86554b29dcd364a6b5f497269f320664e5e5d40216dd9aa155f0a99d,DOUBLE ELIMINATION 6,2026,30,15,BONUS,MULTIPLE_CHOICE,BIOLOGY,Yajur sees a cluster of points on a Ramachandran plot with an average phi value of -50 degrees and a psi value of -30 degrees. Which of the following secondary protein structures could these values correspond to?,Yajur sees a cluster of points on a Ramachandran plot with an average phi value of -50 degrees and a psi value of -30 degrees. Which of the following secondary protein structures could these values correspond to?,37,"""W""","[""Right-handed alpha helix"", ""Left-handed alpha helix"", ""Beta pleated sheet"", ""Beta barrel""]",DASONI_2
a5180f3c86554b29dcd364a6b5f497269f320664e5e5d40216dd9aa155f0a99d,DOUBLE ELIMINATION 6,2026,31,16,TOSSUP,RANK,EARTH_SPACE,Order the following 3 events in chronological order of when they occurred in the universe's history. 1) Neutrino decoupling 2) Dark Ages 3) Big Bang Nucleosynthesis,Order the following 3 events in chronological order of when they occurred in the universe's history. 1) Neutrino decoupling 2) Dark Ages 3) Big Bang Nucleosynthesis,26,"""1, 3, 2""",[],DASONI_2
a5180f3c86554b29dcd364a6b5f497269f320664e5e5d40216dd9aa155f0a99d,DOUBLE ELIMINATION 6,2026,32,16,BONUS,MULTIPLE_CHOICE,EARTH_SPACE,"The upper and lower limits respectively, for the density of normal matter are set using which two isotopes?","The upper and lower limits respectively, for the density of normal matter are set using which two isotopes?",18,"""Z""","[""Deuterium and Helium-4"", ""Deuterium and Lithium-7"", ""Helium-4 and Deuterium"", ""Lithium-7 and Deuterium""]",DASONI_2
a5180f3c86554b29dcd364a6b5f497269f320664e5e5d40216dd9aa155f0a99d,DOUBLE ELIMINATION 6,2026,33,17,TOSSUP,SHORT_ANSWER,CHEMISTRY,"In the Hartree-Fock method of approximating wave functions of quantum many-body systems, what specific mathematical tool is used to generate the fully antisymmetric wave function for fermions?","In the Hartree-Fock method of approximating wave functions of quantum many-body systems, what specific mathematical tool is used to generate the fully antisymmetric wave function for fermions?",27,"""Slater determinant""",[],DASONI_2
a5180f3c86554b29dcd364a6b5f497269f320664e5e5d40216dd9aa155f0a99d,DOUBLE ELIMINATION 6,2026,34,17,BONUS,RANK,CHEMISTRY,Order the following three compounds in increasing nitration rate. 1) Benzene 2) Fluorobenzene 3) Chlorobenzene,Order the following three compounds in increasing nitration rate. 1) Benzene 2) Fluorobenzene 3) Chlorobenzene,15,"""3 2 1""",[],DASONI_2
a5180f3c86554b29dcd364a6b5f497269f320664e5e5d40216dd9aa155f0a99d,DOUBLE ELIMINATION 6,2026,35,18,TOSSUP,SHORT_ANSWER,PHYSICS,What force arises from the interaction of an accelerating charged particle with its own radiation?,What force arises from the interaction of an accelerating charged particle with its own radiation?,15,"""Abraham-Lorentz force""",[],DASONI_2
a5180f3c86554b29dcd364a6b5f497269f320664e5e5d40216dd9aa155f0a99d,DOUBLE ELIMINATION 6,2026,36,18,BONUS,IDENTIFY_ALL,PHYSICS,Identify all of the following situations in which the particle will experience an Abraham-Lorentz force: 1) stationary particle 2) particle with a constant velocity 3) particle with a constant acceleration,Identify all of the following situations in which the particle will experience an Abraham-Lorentz force: 1) stationary particle 2) particle with a constant velocity 3) particle with a constant acceleration,30,"""None""",[],DASONI_2
a5180f3c86554b29dcd364a6b5f497269f320664e5e5d40216dd9aa155f0a99d,DOUBLE ELIMINATION 6,2026,37,19,TOSSUP,MULTIPLE_CHOICE,MATH,Which of the following is a continuous function that is not differentiable anywhere along its domain?,Which of the following is a continuous function that is not differentiable anywhere along its domain?,16,"""Y""","[""sinc(x) [READ: sink of x]"", ""one-parameter Mittag-Leffler function"", ""Weierstrass function [READ: wire-strass function]"", ""Hadamard's gamma function""]",DASONI_2
a5180f3c86554b29dcd364a6b5f497269f320664e5e5d40216dd9aa155f0a99d,DOUBLE ELIMINATION 6,2026,38,19,BONUS,SHORT_ANSWER,MATH,"To three significant figures, what is the square root of 7?","To three significant figures, what is the square root of 7?",11,"""2.65""",[],DASONI_2
a5180f3c86554b29dcd364a6b5f497269f320664e5e5d40216dd9aa155f0a99d,DOUBLE ELIMINATION 6,2026,39,20,TOSSUP,SHORT_ANSWER,BIOLOGY,"Chymotrypsin is a proteolytic enzyme located in the small intestine secreted by the pancreas. Its proteolytic ability comes from the action of what canonical amino acid sequence, which can facilitate cooperative nucleophilic reactions?","Chymotrypsin is a proteolytic enzyme located in the small intestine secreted by the pancreas. Its proteolytic ability comes from the action of what canonical amino acid sequence, which can facilitate cooperative nucleophilic reactions?",33,"""Catalytic triad (accept: serine, histidine, aspartate (sequence is one answer))""",[],DASONI_2
a5180f3c86554b29dcd364a6b5f497269f320664e5e5d40216dd9aa155f0a99d,DOUBLE ELIMINATION 6,2026,40,20,BONUS,MULTIPLE_CHOICE,BIOLOGY,Lucas is a physician and suspects that his patient's leukemia is caused by a chromosomal translocation that fuses two genes on different chromosomes. He wants to determine the precise locations of these genes within the chromosomes to confirm the rearrangement. Which of the following techniques should he use?,Lucas is a physician and suspects that his patient's leukemia is caused by a chromosomal translocation that fuses two genes on different chromosomes. He wants to determine the precise locations of these genes within the chromosomes to confirm the rearrangement. Which of the following techniques should he use?,48,"""Y""","[""Comparative genomic hybridization"", ""Chromosome conformation capture"", ""Fluorescence in situ hybridization"", ""Restriction fragment length polymorphism analysis""]",DASONI_2
25dd49fe89bea0e15c19d182cc3d6821becc4b6ac0d75872d754abf5ddc717b0,DOUBLE ELIMINATION 7,2026,1,1,TOSSUP,SHORT_ANSWER,MATH,What theorem states that a partially ordered set that has an upper bound for every chain must also have a maximal element?,What theorem states that a partially ordered set that has an upper bound for every chain must also have a maximal element?,22,"""Zorn's Lemma""",[],DASONI_2
25dd49fe89bea0e15c19d182cc3d6821becc4b6ac0d75872d754abf5ddc717b0,DOUBLE ELIMINATION 7,2026,2,1,BONUS,IDENTIFY_ALL,MATH,Identify all of the following functions that are uniformly continuous on the open interval from zero to infinity: 1) f(x) = ln(x) 2) f(x) = 1/x 3) f(x) = 1/$x^{2.}$,Identify all of the following functions that are uniformly continuous on the open interval from zero to infinity: 1) f(x) = ln(x) 2) f(x) = 1/x 3) f(x) = 1/,30,"""None""",[],DASONI_2
25dd49fe89bea0e15c19d182cc3d6821becc4b6ac0d75872d754abf5ddc717b0,DOUBLE ELIMINATION 7,2026,3,2,TOSSUP,IDENTIFY_ALL,BIOLOGY,Identify all of the following three processes that utilize ubiquitinylation: 1) Endocytosis 2) Proteasomal degradation 3) DNA repair,Identify all of the following three processes that utilize ubiquitinylation: 1) Endocytosis 2) Proteasomal degradation 3) DNA repair,18,"""All""",[],DASONI_2
25dd49fe89bea0e15c19d182cc3d6821becc4b6ac0d75872d754abf5ddc717b0,DOUBLE ELIMINATION 7,2026,4,2,BONUS,SHORT_ANSWER,BIOLOGY,"The total lung capacity of a patient is 5 liters and the functional residual capacity is 3 liters. If the alveolar pressure is 10 cm of H2O and the pleural pressure is 5 cm of H2O, what is the value of the patient's lung capacitance in liters per centimeter of H2O?","The total lung capacity of a patient is 5 liters and the functional residual capacity is 3 liters. If the alveolar pressure is 10 cm of H2O and the pleural pressure is 5 cm of H2O, what is the value of the patient's lung capacitance in liters per centimeter of H2O?",51,"""0.4""",[],DASONI_2
25dd49fe89bea0e15c19d182cc3d6821becc4b6ac0d75872d754abf5ddc717b0,DOUBLE ELIMINATION 7,2026,5,3,TOSSUP,SHORT_ANSWER,PHYSICS,What special types of functions which are used in electromagnetism satisfy the property that their Laplacian is a three-dimensional dirac delta function?,What special types of functions which are used in electromagnetism satisfy the property that their Laplacian is a three-dimensional dirac delta function?,22,"""Green function""",[],DASONI_2
25dd49fe89bea0e15c19d182cc3d6821becc4b6ac0d75872d754abf5ddc717b0,DOUBLE ELIMINATION 7,2026,6,3,BONUS,SHORT_ANSWER,PHYSICS,"Casey is escaping from Earth on a spaceship at 0.6c while his brother, Kaison, stays at home. From Kaison's perspective, he receives a light signal from Casey 1 hour after Casey leaves. In hours, how much time has passed for Casey when he sends the light signal to his brother? ANSWER 0.5 [LW] [Relativity]","Casey is escaping from Earth on a spaceship at 0.6c while his brother, Kaison, stays at home. From Kaison's perspective, he receives a light signal from Casey 1 hour after Casey leaves. In hours, how much time has passed for Casey when he sends the light signal to his brother? ANSWER 0.5 [LW] [Relativity]",54,"""""",[],DASONI_2
25dd49fe89bea0e15c19d182cc3d6821becc4b6ac0d75872d754abf5ddc717b0,DOUBLE ELIMINATION 7,2026,7,4,TOSSUP,SHORT_ANSWER,CHEMISTRY,"What thermodynamic quantity is defined as the amount of Gibbs free energy per particle, and is proportional to the natural logarithm of pressure for an ideal gas?","What thermodynamic quantity is defined as the amount of Gibbs free energy per particle, and is proportional to the natural logarithm of pressure for an ideal gas?",27,"""Chemical potential""",[],DASONI_2
25dd49fe89bea0e15c19d182cc3d6821becc4b6ac0d75872d754abf5ddc717b0,DOUBLE ELIMINATION 7,2026,8,4,BONUS,MULTIPLE_CHOICE,CHEMISTRY,Which of the following statements is true about tetrahedral coordination complexes?,Which of the following statements is true about tetrahedral coordination complexes?,11,"""Y""","[""They do not have Jahn-Teller distortion"", ""The $d_z^{2}$ orbital is at a higher energy than the d_xy orbital"", ""They are almost always high-spin"", ""They have a larger splitting energy than octahedral complexes""]",DASONI_2
25dd49fe89bea0e15c19d182cc3d6821becc4b6ac0d75872d754abf5ddc717b0,DOUBLE ELIMINATION 7,2026,9,5,TOSSUP,SHORT_ANSWER,EARTH_SPACE,"Indicate all of the following 3 options that would occur if the average rate of seafloor spreading on Earth were to suddenly become 10 times faster: 1) The Earth would immediately shift towards an icehouse climate, 2) The metamorphism of serpentinite in the oceans would slow down, 3) Aragonite would be expected to precipitate more frequently than Calcite.","Indicate all of the following 3 options that would occur if the average rate of seafloor spreading on Earth were to suddenly become 10 times faster: 1) The Earth would immediately shift towards an icehouse climate, 2) The metamorphism of serpentinite in the oceans would slow down, 3) Aragonite would be expected to precipitate more frequently than Calcite.",58,"""None""",[],DASONI_2
25dd49fe89bea0e15c19d182cc3d6821becc4b6ac0d75872d754abf5ddc717b0,DOUBLE ELIMINATION 7,2026,10,5,BONUS,SHORT_ANSWER,EARTH_SPACE,"High undercooling, low nucleation, and low crystal growth during the cooling of an igneous rock create a unique texture, contrasted with aphanitic and phaneritic textures. What is the term for the glassy texture with a few small crystals formed under these conditions?","High undercooling, low nucleation, and low crystal growth during the cooling of an igneous rock create a unique texture, contrasted with aphanitic and phaneritic textures. What is the term for the glassy texture with a few small crystals formed under these conditions?",42,"""HOLOHYALINE""",[],DASONI_2
25dd49fe89bea0e15c19d182cc3d6821becc4b6ac0d75872d754abf5ddc717b0,DOUBLE ELIMINATION 7,2026,11,6,TOSSUP,RANK,MATH,"The Chebyshev distance, or the L-infinity metric, is defined as the minimum number of moves needed by a king on a chessboard to go from one square to another, where kings can move to any diagonally, vertically, or horizontally adjacent square in one move. Order the following three distance definitions in increasing numerical value between any two distinct points. 1) Euclidean 2) Manhattan 3) Chebyshev","The Chebyshev distance, or the L-infinity metric, is defined as the minimum number of moves needed by a king on a chessboard to go from one square to another, where kings can move to any diagonally, vertically, or horizontally adjacent square in one move. Order the following three distance definitions in increasing numerical value between any two distinct points. 1) Euclidean 2) Manhattan 3) Chebyshev",65,"""3 1 2""",[],DASONI_2
25dd49fe89bea0e15c19d182cc3d6821becc4b6ac0d75872d754abf5ddc717b0,DOUBLE ELIMINATION 7,2026,12,6,BONUS,IDENTIFY_ALL,MATH,Identify all of the following groups that are cyclic: 1) S8 2) D5 3) A4,Identify all of the following groups that are cyclic: 1) S8 2) D5 3) A4,15,"""None""",[],DASONI_2
25dd49fe89bea0e15c19d182cc3d6821becc4b6ac0d75872d754abf5ddc717b0,DOUBLE ELIMINATION 7,2026,13,7,TOSSUP,SHORT_ANSWER,BIOLOGY,"Julian is observing the development of mosses that are growing in his backyard. He sees that at the earliest stage of development, the gametophyte starts out as a small, thread-like chain of cells, referring to what phase?","Julian is observing the development of mosses that are growing in his backyard. He sees that at the earliest stage of development, the gametophyte starts out as a small, thread-like chain of cells, referring to what phase?",37,"""Protonema""",[],DASONI_2
25dd49fe89bea0e15c19d182cc3d6821becc4b6ac0d75872d754abf5ddc717b0,DOUBLE ELIMINATION 7,2026,14,7,BONUS,SHORT_ANSWER,BIOLOGY,"In male fetuses, the presence of anti-Mullerian hormone and testosterone causes what type of internal duct system to develop?","In male fetuses, the presence of anti-Mullerian hormone and testosterone causes what type of internal duct system to develop?",19,"""Wolffian""",[],DASONI_2
25dd49fe89bea0e15c19d182cc3d6821becc4b6ac0d75872d754abf5ddc717b0,DOUBLE ELIMINATION 7,2026,15,8,TOSSUP,SHORT_ANSWER,PHYSICS,"What rule in statistical mechanics relates the different degrees of freedom of a thermodynamic system, such as the number of components, number of phases, and number of ways of performing work?","What rule in statistical mechanics relates the different degrees of freedom of a thermodynamic system, such as the number of components, number of phases, and number of ways of performing work?",31,"""Gibbs phase rule (accept: phase rule)""",[],DASONI_2
25dd49fe89bea0e15c19d182cc3d6821becc4b6ac0d75872d754abf5ddc717b0,DOUBLE ELIMINATION 7,2026,16,8,BONUS,SHORT_ANSWER,PHYSICS,"For an AC circuit with an angular frequency of 3 radians per second, what is the magnitude of the impedance of a 2 Farad capacitor in parallel with a 2 Ohm resistor?","For an AC circuit with an angular frequency of 3 radians per second, what is the magnitude of the impedance of a 2 Farad capacitor in parallel with a 2 Ohm resistor?",32,"""2/$\\sqrt{145}$ (Accept: 2*$\\sqrt{145}$/145)""",[],DASONI_2
25dd49fe89bea0e15c19d182cc3d6821becc4b6ac0d75872d754abf5ddc717b0,DOUBLE ELIMINATION 7,2026,17,9,TOSSUP,SHORT_ANSWER,CHEMISTRY,"What model of adsorption assumes that all adsorption sites are independent and energetically equivalent, and that there are no interactions between adsorbate molecules on adjacent sites?","What model of adsorption assumes that all adsorption sites are independent and energetically equivalent, and that there are no interactions between adsorbate molecules on adjacent sites?",26,"""Langmuir model""",[],DASONI_2
25dd49fe89bea0e15c19d182cc3d6821becc4b6ac0d75872d754abf5ddc717b0,DOUBLE ELIMINATION 7,2026,18,9,BONUS,RANK,CHEMISTRY,Arrange the following three organometallic compounds in increasing order of reactivity: 1) dimethyl cadmium 2) dimethyl zinc 3) dimethyl mercury,Arrange the following three organometallic compounds in increasing order of reactivity: 1) dimethyl cadmium 2) dimethyl zinc 3) dimethyl mercury,20,"""3 1 2""",[],DASONI_2
25dd49fe89bea0e15c19d182cc3d6821becc4b6ac0d75872d754abf5ddc717b0,DOUBLE ELIMINATION 7,2026,19,10,TOSSUP,MULTIPLE_CHOICE,EARTH_SPACE,Which of the following meteorological variables does not compensate for deviation from the surface?,Which of the following meteorological variables does not compensate for deviation from the surface?,14,"""Y""","[""Liquid water potential temperature"", ""Geopotential height"", ""Total water mixing ratio"", ""Equivalent potential temperature""]",DASONI_2
25dd49fe89bea0e15c19d182cc3d6821becc4b6ac0d75872d754abf5ddc717b0,DOUBLE ELIMINATION 7,2026,20,10,BONUS,RANK,EARTH_SPACE,Order the following 3 rock suites by increasing average Nd-143 to Nd-144 ratio. 1) Oceanic Island Basalt 2) Mid Ocean Ridge Basalt 3) Oceanic Sediments,Order the following 3 rock suites by increasing average Nd-143 to Nd-144 ratio. 1) Oceanic Island Basalt 2) Mid Ocean Ridge Basalt 3) Oceanic Sediments,25,"""3, 1, 2""",[],DASONI_2
25dd49fe89bea0e15c19d182cc3d6821becc4b6ac0d75872d754abf5ddc717b0,DOUBLE ELIMINATION 7,2026,21,11,TOSSUP,SHORT_ANSWER,MATH,"To one significant figure, what is the millionth root of one million factorial?","To one significant figure, what is the millionth root of one million factorial?",13,"""400,000 or 4*$10^{5}$""",[],DASONI_2
25dd49fe89bea0e15c19d182cc3d6821becc4b6ac0d75872d754abf5ddc717b0,DOUBLE ELIMINATION 7,2026,22,11,BONUS,SHORT_ANSWER,MATH,What is the least common multiple of all integers between 1 through 15 inclusive?,What is the least common multiple of all integers between 1 through 15 inclusive?,14,"""720720""",[],DASONI_2
25dd49fe89bea0e15c19d182cc3d6821becc4b6ac0d75872d754abf5ddc717b0,DOUBLE ELIMINATION 7,2026,23,12,TOSSUP,SHORT_ANSWER,BIOLOGY,What expanded version of the Nernst equation calculates a neuron's membrane potential while accounting for ions of different permeabilities?,What expanded version of the Nernst equation calculates a neuron's membrane potential while accounting for ions of different permeabilities?,19,"""Goldman-Hodgkin-Katz equation (accept: GHK equation, Goldman equation)""",[],DASONI_2
25dd49fe89bea0e15c19d182cc3d6821becc4b6ac0d75872d754abf5ddc717b0,DOUBLE ELIMINATION 7,2026,24,12,BONUS,SHORT_ANSWER,BIOLOGY,"Myosin 5 and 6 have high values of what quantity that facilitates processive movement, which is defined as the fraction of time in the actomyosin cycle that the myosin head is bound to actin?","Myosin 5 and 6 have high values of what quantity that facilitates processive movement, which is defined as the fraction of time in the actomyosin cycle that the myosin head is bound to actin?",34,"""Duty ratio""",[],DASONI_2
25dd49fe89bea0e15c19d182cc3d6821becc4b6ac0d75872d754abf5ddc717b0,DOUBLE ELIMINATION 7,2026,25,13,TOSSUP,MULTIPLE_CHOICE,PHYSICS,Which of the following best explains why the neutral pion is much less stable than its charged counterparts?,Which of the following best explains why the neutral pion is much less stable than its charged counterparts?,18,"""Z""","[""It contains strange quarks"", ""Its decay violates the OBZ rule"", ""It has a larger mass"", ""It decays via the electromagnetic force""]",DASONI_2
25dd49fe89bea0e15c19d182cc3d6821becc4b6ac0d75872d754abf5ddc717b0,DOUBLE ELIMINATION 7,2026,26,13,BONUS,SHORT_ANSWER,PHYSICS,"In a hollow wave guide with square cross-sectional area, what is the ratio between the frequency of the lowest TE mode and that of the lowest TM mode?","In a hollow wave guide with square cross-sectional area, what is the ratio between the frequency of the lowest TE mode and that of the lowest TM mode?",28,"""1/$\\sqrt{2}$""",[],DASONI_2
25dd49fe89bea0e15c19d182cc3d6821becc4b6ac0d75872d754abf5ddc717b0,DOUBLE ELIMINATION 7,2026,27,14,TOSSUP,SHORT_ANSWER,CHEMISTRY,What is the degree of unsaturation of dodecahedrane?,What is the degree of unsaturation of dodecahedrane?,8,"""11""",[],DASONI_2
25dd49fe89bea0e15c19d182cc3d6821becc4b6ac0d75872d754abf5ddc717b0,DOUBLE ELIMINATION 7,2026,28,14,BONUS,IDENTIFY_ALL,CHEMISTRY,Identify all of the following symmetries that are broken in a smectic A liquid crystal: 1) rotational 2) 1D translational 3) 3D translational,Identify all of the following symmetries that are broken in a smectic A liquid crystal: 1) rotational 2) 1D translational 3) 3D translational,23,"""1 and 2""",[],DASONI_2
25dd49fe89bea0e15c19d182cc3d6821becc4b6ac0d75872d754abf5ddc717b0,DOUBLE ELIMINATION 7,2026,29,15,TOSSUP,RANK,EARTH_SPACE,Order the following 3 variable stars by increasing average age. 1) Herbig Ae/Be 2) W Virginis 3) Classical Cepheid,Order the following 3 variable stars by increasing average age. 1) Herbig Ae/Be 2) W Virginis 3) Classical Cepheid,19,"""1, 3, 2""",[],DASONI_2
25dd49fe89bea0e15c19d182cc3d6821becc4b6ac0d75872d754abf5ddc717b0,DOUBLE ELIMINATION 7,2026,30,15,BONUS,MULTIPLE_CHOICE,EARTH_SPACE,"Compared to red giant stars and horizontal branch stars respectively, which of the following describes the location of red clump stars on the HR diagram?","Compared to red giant stars and horizontal branch stars respectively, which of the following describes the location of red clump stars on the HR diagram?",25,"""X""","[""Left, Left"", ""Left, Right"", ""Right, Left"", ""Right, Right""]",DASONI_2
25dd49fe89bea0e15c19d182cc3d6821becc4b6ac0d75872d754abf5ddc717b0,DOUBLE ELIMINATION 7,2026,31,16,TOSSUP,SHORT_ANSWER,MATH,"What type of set in higher dimensional euclidean space is analogous to a closed, bounded interval on the real line?","What type of set in higher dimensional euclidean space is analogous to a closed, bounded interval on the real line?",20,"""Compact set""",[],DASONI_2
25dd49fe89bea0e15c19d182cc3d6821becc4b6ac0d75872d754abf5ddc717b0,DOUBLE ELIMINATION 7,2026,32,16,BONUS,IDENTIFY_ALL,MATH,Identify all of the following statements that are true about the function defined by f(x) = $e^{-1/x}$ for x > 0 and f(x) = 0 for x <= 0. 1) It is continuous 2) It is C-infinity smooth 3) It is analytic,Identify all of the following statements that are true about the function defined by f(x) = for x > 0 and f(x) = 0 for x <= 0. 1) It is continuous 2) It is C-infinity smooth 3) It is analytic,41,"""1 and 2""",[],DASONI_2
25dd49fe89bea0e15c19d182cc3d6821becc4b6ac0d75872d754abf5ddc717b0,DOUBLE ELIMINATION 7,2026,33,17,TOSSUP,SHORT_ANSWER,BIOLOGY,"Filip is currently researching sieve-tube elements, and is wondering how they stay intact throughout a plant's lifetime. Sieve-tube elements are lined with what polysaccharide, which protects the phloem and is typically found as spirally-wound chains of glucose residues?","Filip is currently researching sieve-tube elements, and is wondering how they stay intact throughout a plant's lifetime. Sieve-tube elements are lined with what polysaccharide, which protects the phloem and is typically found as spirally-wound chains of glucose residues?",38,"""Callose""",[],DASONI_2
25dd49fe89bea0e15c19d182cc3d6821becc4b6ac0d75872d754abf5ddc717b0,DOUBLE ELIMINATION 7,2026,34,17,BONUS,MULTIPLE_CHOICE,BIOLOGY,Which of the following amino acids is ketogenic?,Which of the following amino acids is ketogenic?,8,"""X""","[""Threonine"", ""Lysine"", ""Asparagine"", ""Alanine""]",DASONI_2
25dd49fe89bea0e15c19d182cc3d6821becc4b6ac0d75872d754abf5ddc717b0,DOUBLE ELIMINATION 7,2026,35,18,TOSSUP,IDENTIFY_ALL,PHYSICS,Identify all of the following three central potentials for which there is a radius of stable circular orbit. 1) V(r) = -1/r 2) V(r) = -1/$r^{2}$ 3) V(r) = -1/$r^{3}$,Identify all of the following three central potentials for which there is a radius of stable circular orbit. 1) V(r) = -1/r 2) V(r) = -1/ 3) V(r) = -1/,30,"""1 only""",[],DASONI_2
25dd49fe89bea0e15c19d182cc3d6821becc4b6ac0d75872d754abf5ddc717b0,DOUBLE ELIMINATION 7,2026,36,18,BONUS,MULTIPLE_CHOICE,PHYSICS,Which of the following incorrectly matches a broken symmetry with its corresponding Goldstone boson?,Which of the following incorrectly matches a broken symmetry with its corresponding Goldstone boson?,14,"""Y""","[""Galilean symmetry in fluids, phonon"", ""Rotational symmetry in magnets, magnon"", ""SU(3) symmetry, Higgs boson"", ""Peccei-Quinn (petchy-kwin) symmetry, axion""]",DASONI_2
25dd49fe89bea0e15c19d182cc3d6821becc4b6ac0d75872d754abf5ddc717b0,DOUBLE ELIMINATION 7,2026,37,19,TOSSUP,SHORT_ANSWER,CHEMISTRY,What type of pericyclic reaction breaks or forms a ring through the destruction or formation of a single sigma bond?,What type of pericyclic reaction breaks or forms a ring through the destruction or formation of a single sigma bond?,20,"""Electrocyclic reaction""",[],DASONI_2
25dd49fe89bea0e15c19d182cc3d6821becc4b6ac0d75872d754abf5ddc717b0,DOUBLE ELIMINATION 7,2026,38,19,BONUS,RANK,CHEMISTRY,Order the following compounds in order of increasing boiling point: 1) Ortho-methyl-phenol 2) Meta-methyl-phenol 3) Para-methyl-phenol,Order the following compounds in order of increasing boiling point: 1) Ortho-methyl-phenol 2) Meta-methyl-phenol 3) Para-methyl-phenol,16,"""1 3 2""",[],DASONI_2
25dd49fe89bea0e15c19d182cc3d6821becc4b6ac0d75872d754abf5ddc717b0,DOUBLE ELIMINATION 7,2026,39,20,TOSSUP,SHORT_ANSWER,EARTH_SPACE,"With an exact value equal to the fifth root of 100, which constant is used to find the relationship between stellar magnitude and brightness?","With an exact value equal to the fifth root of 100, which constant is used to find the relationship between stellar magnitude and brightness?",24,"""POGSON RATIO""",[],DASONI_2
25dd49fe89bea0e15c19d182cc3d6821becc4b6ac0d75872d754abf5ddc717b0,DOUBLE ELIMINATION 7,2026,40,20,BONUS,MULTIPLE_CHOICE,EARTH_SPACE,"In the Mass-Radius relation for a star smaller than the Sun, which of the following is closest to the exponent for mass?","In the Mass-Radius relation for a star smaller than the Sun, which of the following is closest to the exponent for mass?",22,"""X""","[""0"", ""0.8"", ""1"", ""1.2""]",DASONI_2
eba0dda907121d18d5a402b061baea373f3f5c808f4b23062b42728c97a6c81b,ROUND ROBIN 1,2026,1,1,TOSSUP,SHORT_ANSWER,CHEMISTRY,Boyle's law relates what two variables of a gas?,Boyle's law relates what two variables of a gas?,9,"""pressure and volume""",[],DASONI_2
eba0dda907121d18d5a402b061baea373f3f5c808f4b23062b42728c97a6c81b,ROUND ROBIN 1,2026,2,1,BONUS,MULTIPLE_CHOICE,CHEMISTRY,Which of the following elements has the highest first electron affinity?,Which of the following elements has the highest first electron affinity?,11,"""Y""","[""Nitrogen"", ""Oxygen"", ""Fluorine"", ""Neon""]",DASONI_2
eba0dda907121d18d5a402b061baea373f3f5c808f4b23062b42728c97a6c81b,ROUND ROBIN 1,2026,3,2,TOSSUP,SHORT_ANSWER,PHYSICS,What quantity in classical mechanics is defined as the integral of force with respect to distance?,What quantity in classical mechanics is defined as the integral of force with respect to distance?,16,"""Work""",[],DASONI_2
eba0dda907121d18d5a402b061baea373f3f5c808f4b23062b42728c97a6c81b,ROUND ROBIN 1,2026,4,2,BONUS,SHORT_ANSWER,PHYSICS,"Ethan is spinning a steel weight tied to a massless rope. If he wants to spin it at double the angular velocity, by what factor should he increase his tugging force on the rope?","Ethan is spinning a steel weight tied to a massless rope. If he wants to spin it at double the angular velocity, by what factor should he increase his tugging force on the rope?",34,"""4""",[],DASONI_2
eba0dda907121d18d5a402b061baea373f3f5c808f4b23062b42728c97a6c81b,ROUND ROBIN 1,2026,5,3,TOSSUP,SHORT_ANSWER,MATH,"If Lucas and 19 other people at the US Physics Camp and 5 of them are chosen at random for the IPhO team, then to the nearest percent, what is the chance that Lucas is on the IPhO team?","If Lucas and 19 other people at the US Physics Camp and 5 of them are chosen at random for the IPhO team, then to the nearest percent, what is the chance that Lucas is on the IPhO team?",39,"""25%""",[],DASONI_2
eba0dda907121d18d5a402b061baea373f3f5c808f4b23062b42728c97a6c81b,ROUND ROBIN 1,2026,6,3,BONUS,SHORT_ANSWER,MATH,"Five people line up for a group photo. If two of them do not want to stand next to each other, how many distinct lineups can they form?","Five people line up for a group photo. If two of them do not want to stand next to each other, how many distinct lineups can they form?",28,"""72""",[],DASONI_2
eba0dda907121d18d5a402b061baea373f3f5c808f4b23062b42728c97a6c81b,ROUND ROBIN 1,2026,7,4,TOSSUP,RANK,EARTH_SPACE,Order the following 3 cloud types from lowest to highest altitude: 1) Altocumulus 2) Cirrus 3) Stratus,Order the following 3 cloud types from lowest to highest altitude: 1) Altocumulus 2) Cirrus 3) Stratus,17,"""3, 1, 2 METEO""",[],DASONI_2
eba0dda907121d18d5a402b061baea373f3f5c808f4b23062b42728c97a6c81b,ROUND ROBIN 1,2026,8,4,BONUS,MULTIPLE_CHOICE,EARTH_SPACE,Both Ethans are hiking up a mountain at dawn and see a layer of clouds over the valley below them. Which type of inversion is most likely responsible for this layer?,Both Ethans are hiking up a mountain at dawn and see a layer of clouds over the valley below them. Which type of inversion is most likely responsible for this layer?,31,"""X""","[""Subsidence inversion"", ""Radiation inversion"", ""Frontal inversion"", ""Marine inversion""]",DASONI_2
eba0dda907121d18d5a402b061baea373f3f5c808f4b23062b42728c97a6c81b,ROUND ROBIN 1,2026,9,5,TOSSUP,SHORT_ANSWER,BIOLOGY,"What experiment, in an attempt to simulate primordial conditions on Earth, demonstrated that amino acids could form from inorganic precursors?","What experiment, in an attempt to simulate primordial conditions on Earth, demonstrated that amino acids could form from inorganic precursors?",20,"""Miller-Urey experiment""",[],DASONI_2
eba0dda907121d18d5a402b061baea373f3f5c808f4b23062b42728c97a6c81b,ROUND ROBIN 1,2026,10,5,BONUS,IDENTIFY_ALL,BIOLOGY,Identify all of the following three organisms that have four-chambered hearts: 1) Yellow songbird 2) Marsh crocodile 3) Bluefin tuna,Identify all of the following three organisms that have four-chambered hearts: 1) Yellow songbird 2) Marsh crocodile 3) Bluefin tuna,20,"""1 and 2""",[],DASONI_2
eba0dda907121d18d5a402b061baea373f3f5c808f4b23062b42728c97a6c81b,ROUND ROBIN 1,2026,11,6,TOSSUP,MULTIPLE_CHOICE,CHEMISTRY,Which of the following best classifies ammonium chloride?,Which of the following best classifies ammonium chloride?,8,"""W""","[""Weak acid"", ""Weak base"", ""Strong acid"", ""Strong base""]",DASONI_2
eba0dda907121d18d5a402b061baea373f3f5c808f4b23062b42728c97a6c81b,ROUND ROBIN 1,2026,12,6,BONUS,SHORT_ANSWER,CHEMISTRY,How many total electrons would be present in a filled 5f subshell?,How many total electrons would be present in a filled 5f subshell?,12,"""14""",[],DASONI_2
eba0dda907121d18d5a402b061baea373f3f5c808f4b23062b42728c97a6c81b,ROUND ROBIN 1,2026,13,7,TOSSUP,MULTIPLE_CHOICE,PHYSICS,"When a blue light is shined on a metal, Shayan observes electrons emitted from its surface. Which of the following colors of light must also cause the metal to emit electrons?","When a blue light is shined on a metal, Shayan observes electrons emitted from its surface. Which of the following colors of light must also cause the metal to emit electrons?",31,"""Z""","[""Red"", ""Yellow"", ""Green"", ""Violet""]",DASONI_2
eba0dda907121d18d5a402b061baea373f3f5c808f4b23062b42728c97a6c81b,ROUND ROBIN 1,2026,14,7,BONUS,SHORT_ANSWER,PHYSICS,What is the name of the effect where light bends around obstacles and forms an interference pattern?,What is the name of the effect where light bends around obstacles and forms an interference pattern?,17,"""Diffraction""",[],DASONI_2
eba0dda907121d18d5a402b061baea373f3f5c808f4b23062b42728c97a6c81b,ROUND ROBIN 1,2026,15,8,TOSSUP,SHORT_ANSWER,MATH,What are the roots of the quadratic f(x)=$x^{2}-13x+42$?,What are the roots of the quadratic f(x)=?,8,"""6 and 7""",[],DASONI_2
eba0dda907121d18d5a402b061baea373f3f5c808f4b23062b42728c97a6c81b,ROUND ROBIN 1,2026,16,8,BONUS,SHORT_ANSWER,MATH,What is the average value of the function f(x) = x+5 from x = 0 to x = 3?,What is the average value of the function f(x) = x+5 from x = 0 to x = 3?,19,"""13/2 (Accept: 6.5)""",[],DASONI_2
eba0dda907121d18d5a402b061baea373f3f5c808f4b23062b42728c97a6c81b,ROUND ROBIN 1,2026,17,9,TOSSUP,RANK,EARTH_SPACE,Order the following 4 metamorphic rocks by decreasing metamorphic grade 1) Gneiss 2) Phyllite 3) Slate 4) Schist,Order the following 4 metamorphic rocks by decreasing metamorphic grade 1) Gneiss 2) Phyllite 3) Slate 4) Schist,18,"""1, 4, 2, 3 R&M""",[],DASONI_2
eba0dda907121d18d5a402b061baea373f3f5c808f4b23062b42728c97a6c81b,ROUND ROBIN 1,2026,18,9,BONUS,RANK,EARTH_SPACE,Order the following 3 types of crystal faces by increasing inhibition experienced during crystal growth: 1) Euhedral 2) Subhedral 3) Anhedral,Order the following 3 types of crystal faces by increasing inhibition experienced during crystal growth: 1) Euhedral 2) Subhedral 3) Anhedral,21,"""1, 2, 3 R&M""",[],DASONI_2
eba0dda907121d18d5a402b061baea373f3f5c808f4b23062b42728c97a6c81b,ROUND ROBIN 1,2026,19,10,TOSSUP,MULTIPLE_CHOICE,BIOLOGY,Filip's patient has been diagnosed with pernicious anemia. Which of the following vitamins is his patient most likely to be deficient in?,Filip's patient has been diagnosed with pernicious anemia. Which of the following vitamins is his patient most likely to be deficient in?,22,"""Z""","[""B1"", ""B3"", ""B9"", ""B12""]",DASONI_2
eba0dda907121d18d5a402b061baea373f3f5c808f4b23062b42728c97a6c81b,ROUND ROBIN 1,2026,20,10,BONUS,MULTIPLE_CHOICE,BIOLOGY,Which of the following scenarios would best represent epistasis?,Which of the following scenarios would best represent epistasis?,9,"""W""","[""Homozygous recessive alleles at one locus mask the phenotype of another locus"", ""A single gene influences unrelated phenotypes"", ""Two genes independently assort and additively contribute to a phenotype"", ""One allele is expressed over another allele at a locus""]",DASONI_2
eba0dda907121d18d5a402b061baea373f3f5c808f4b23062b42728c97a6c81b,ROUND ROBIN 1,2026,21,11,TOSSUP,MULTIPLE_CHOICE,CHEMISTRY,Which of the following substances has the highest entropy?,Which of the following substances has the highest entropy?,9,"""Z""","[""water at 0 degrees celsius"", ""ice at 0 degrees celsius"", ""water at 100 degrees celsius"", ""steam at 100 degrees celsius""]",DASONI_2
eba0dda907121d18d5a402b061baea373f3f5c808f4b23062b42728c97a6c81b,ROUND ROBIN 1,2026,22,11,BONUS,SHORT_ANSWER,CHEMISTRY,"Shayan is titrating his acetic acid, which has a pKa of 4.76, with 0.1 molar sodium hydroxide. To three significant figures, what is the pH of the solution at the half-equivalence point?","Shayan is titrating his acetic acid, which has a pKa of 4.76, with 0.1 molar sodium hydroxide. To three significant figures, what is the pH of the solution at the half-equivalence point?",32,"""4.76""",[],DASONI_2
eba0dda907121d18d5a402b061baea373f3f5c808f4b23062b42728c97a6c81b,ROUND ROBIN 1,2026,23,12,TOSSUP,SHORT_ANSWER,PHYSICS,What ideal thermodynamic engine has the maximum possible efficiency?,What ideal thermodynamic engine has the maximum possible efficiency?,9,"""Carnot engine""",[],DASONI_2
eba0dda907121d18d5a402b061baea373f3f5c808f4b23062b42728c97a6c81b,ROUND ROBIN 1,2026,24,12,BONUS,SHORT_ANSWER,PHYSICS,"A ball starts at rest at the top of a hill and rolls without slipping until it reaches the bottom. If the height of the hill is quadrupled, how many times longer will it take the ball to reach the bottom of the hill?","A ball starts at rest at the top of a hill and rolls without slipping until it reaches the bottom. If the height of the hill is quadrupled, how many times longer will it take the ball to reach the bottom of the hill?",44,"""2""",[],DASONI_2
eba0dda907121d18d5a402b061baea373f3f5c808f4b23062b42728c97a6c81b,ROUND ROBIN 1,2026,25,13,TOSSUP,IDENTIFY_ALL,MATH,Identify all of the following functions that are even: 1) cosine of x 2) cotangent of x 3) cosecant of x,Identify all of the following functions that are even: 1) cosine of x 2) cotangent of x 3) cosecant of x,21,"""1 only""",[],DASONI_2
eba0dda907121d18d5a402b061baea373f3f5c808f4b23062b42728c97a6c81b,ROUND ROBIN 1,2026,26,13,BONUS,SHORT_ANSWER,MATH,"Filip walks at 2 meters per second and runs at 5 meters per second. If Filip's biology class is 480 meters away and he takes 2 minutes to get to his class, how many meters did Filip have to run?","Filip walks at 2 meters per second and runs at 5 meters per second. If Filip's biology class is 480 meters away and he takes 2 minutes to get to his class, how many meters did Filip have to run?",40,"""400""",[],DASONI_2
eba0dda907121d18d5a402b061baea373f3f5c808f4b23062b42728c97a6c81b,ROUND ROBIN 1,2026,27,14,TOSSUP,MULTIPLE_CHOICE,EARTH_SPACE,Which of the following best describes how the Sun is currently moving on the H-R diagram?,Which of the following best describes how the Sun is currently moving on the H-R diagram?,16,"""X""","[""Up and to the left"", ""Up and to the right"", ""Down and to the left"", ""Down and to the right""]",DASONI_2
eba0dda907121d18d5a402b061baea373f3f5c808f4b23062b42728c97a6c81b,ROUND ROBIN 1,2026,28,14,BONUS,SHORT_ANSWER,EARTH_SPACE,Which empirical law relates the luminosity and velocity dispersion of an elliptical galaxy?,Which empirical law relates the luminosity and velocity dispersion of an elliptical galaxy?,13,"""FABER-JACKSON RELATION""",[],DASONI_2
eba0dda907121d18d5a402b061baea373f3f5c808f4b23062b42728c97a6c81b,ROUND ROBIN 1,2026,29,15,TOSSUP,SHORT_ANSWER,BIOLOGY,"During his Campbell doomscroll, Filip realizes he wants to review the structure of antibodies. What molecular interactions are involved in connecting the light and heavy domains of an antibody?","During his Campbell doomscroll, Filip realizes he wants to review the structure of antibodies. What molecular interactions are involved in connecting the light and heavy domains of an antibody?",29,"""Disulfide bridges""",[],DASONI_2
eba0dda907121d18d5a402b061baea373f3f5c808f4b23062b42728c97a6c81b,ROUND ROBIN 1,2026,30,15,BONUS,MULTIPLE_CHOICE,BIOLOGY,"Eegan hears the vibrations of a tuning fork, and is wondering how his brain interprets the incoming sound. Which of the following lobes of the brain would process this information?","Eegan hears the vibrations of a tuning fork, and is wondering how his brain interprets the incoming sound. Which of the following lobes of the brain would process this information?",30,"""Y""","[""Frontal"", ""Parietal"", ""Temporal"", ""Occipital""]",DASONI_2
eba0dda907121d18d5a402b061baea373f3f5c808f4b23062b42728c97a6c81b,ROUND ROBIN 1,2026,31,16,TOSSUP,SHORT_ANSWER,CHEMISTRY,Galvanized steel consists of normal steel coated with what other metal to prevent oxidation of the iron?,Galvanized steel consists of normal steel coated with what other metal to prevent oxidation of the iron?,17,"""Zinc""",[],DASONI_2
eba0dda907121d18d5a402b061baea373f3f5c808f4b23062b42728c97a6c81b,ROUND ROBIN 1,2026,32,16,BONUS,SHORT_ANSWER,CHEMISTRY,How many moles of oxygen gas are required for the complete combustion of one mole of methane?,How many moles of oxygen gas are required for the complete combustion of one mole of methane?,17,"""2""",[],DASONI_2
eba0dda907121d18d5a402b061baea373f3f5c808f4b23062b42728c97a6c81b,ROUND ROBIN 1,2026,33,17,TOSSUP,SHORT_ANSWER,PHYSICS,"A parallel-plate capacitor with a charge of 3 Coulombs is disconnected from a circuit. If a slab of insulating wood is inserted between the two plates, what is the magnitude of the charge, in Coulombs, on each plate?","A parallel-plate capacitor with a charge of 3 Coulombs is disconnected from a circuit. If a slab of insulating wood is inserted between the two plates, what is the magnitude of the charge, in Coulombs, on each plate?",38,"""3""",[],DASONI_2
eba0dda907121d18d5a402b061baea373f3f5c808f4b23062b42728c97a6c81b,ROUND ROBIN 1,2026,34,17,BONUS,SHORT_ANSWER,PHYSICS,"Shayan throws a soccer ball at a speed of 50 meters per second at a 60 degree angle to the horizontal. Ignoring air resistance, what is the ratio between the range of the soccer ball and its maximum height?","Shayan throws a soccer ball at a speed of 50 meters per second at a 60 degree angle to the horizontal. Ignoring air resistance, what is the ratio between the range of the soccer ball and its maximum height?",39,"""$4\\sqrt{3}/3$""",[],DASONI_2
eba0dda907121d18d5a402b061baea373f3f5c808f4b23062b42728c97a6c81b,ROUND ROBIN 1,2026,35,18,TOSSUP,SHORT_ANSWER,MATH,"What is the y-intercept of the line connecting the points (3,5) and (-4, -2)? ANSWER (0,2) (Accept: 2) [SS]","What is the y-intercept of the line connecting the points (3,5) and (-4, -2)? ANSWER (0,2) (Accept: 2) [SS]",19,"""""",[],DASONI_2
eba0dda907121d18d5a402b061baea373f3f5c808f4b23062b42728c97a6c81b,ROUND ROBIN 1,2026,36,18,BONUS,IDENTIFY_ALL,MATH,Identify all of the following statements that are true about Pascal's triangle: 1) the sum of the elements in a row of Pascal's triangle is always a power of 2 2) coloring all of the odd numbers in Pascal's triangle results in a Sierpinski triangle 3) the triangular numbers are found in the third diagonal of Pascal's triangle.,Identify all of the following statements that are true about Pascal's triangle: 1) the sum of the elements in a row of Pascal's triangle is always a power of 2 2) coloring all of the odd numbers in Pascal's triangle results in a Sierpinski triangle 3) the triangular numbers are found in the third diagonal of Pascal's triangle.,58,"""All""",[],DASONI_2
eba0dda907121d18d5a402b061baea373f3f5c808f4b23062b42728c97a6c81b,ROUND ROBIN 1,2026,37,19,TOSSUP,MULTIPLE_CHOICE,EARTH_SPACE,Which of the following mechanisms primarily resists gravity during the protostar stage?,Which of the following mechanisms primarily resists gravity during the protostar stage?,12,"""Y""","[""Nuclear fusion"", ""Magnetic pressure"", ""Thermal pressure"", ""Degeneracy pressure""]",DASONI_2
eba0dda907121d18d5a402b061baea373f3f5c808f4b23062b42728c97a6c81b,ROUND ROBIN 1,2026,38,19,BONUS,SHORT_ANSWER,EARTH_SPACE,"What class of chemically peculiar variable stars found near Delta Scuti stars on the H-R diagram have strong magnetic fields and exhibit high frequency, low amplitude pulsations likely due to primary pulsations in higher p-modes?","What class of chemically peculiar variable stars found near Delta Scuti stars on the H-R diagram have strong magnetic fields and exhibit high frequency, low amplitude pulsations likely due to primary pulsations in higher p-modes?",35,"""Rapidly Oscillating Ap Stars""",[],DASONI_2
eba0dda907121d18d5a402b061baea373f3f5c808f4b23062b42728c97a6c81b,ROUND ROBIN 1,2026,39,20,TOSSUP,SHORT_ANSWER,BIOLOGY,"What region of undifferentiated, actively dividing cells is located at the tips of roots and shoots, enabling plants to extend?","What region of undifferentiated, actively dividing cells is located at the tips of roots and shoots, enabling plants to extend?",20,"""Apical meristem""",[],DASONI_2
eba0dda907121d18d5a402b061baea373f3f5c808f4b23062b42728c97a6c81b,ROUND ROBIN 1,2026,40,20,BONUS,IDENTIFY_ALL,BIOLOGY,Identify all of the following three structures that are ectoderm derivatives: 1) Myocardium 2) Tooth enamel 3) Adrenal cortex,Identify all of the following three structures that are ectoderm derivatives: 1) Myocardium 2) Tooth enamel 3) Adrenal cortex,19,"""2 only""",[],DASONI_2
7616a55ed99e53843849492d36a4ec2d84eba5e6b02e074087be801ffe8050e0,ROUND ROBIN 2,2026,1,1,TOSSUP,SHORT_ANSWER,CHEMISTRY,What element has the largest atomic radius?,What element has the largest atomic radius?,7,"""francium""",[],DASONI_2
7616a55ed99e53843849492d36a4ec2d84eba5e6b02e074087be801ffe8050e0,ROUND ROBIN 2,2026,2,1,BONUS,MULTIPLE_CHOICE,CHEMISTRY,Which of the following metals is not an Aufbau exception?,Which of the following metals is not an Aufbau exception?,10,"""Z""","[""Chromium"", ""Copper"", ""Molybdenum"", ""Platinum""]",DASONI_2
7616a55ed99e53843849492d36a4ec2d84eba5e6b02e074087be801ffe8050e0,ROUND ROBIN 2,2026,3,2,TOSSUP,MULTIPLE_CHOICE,PHYSICS,Which of the following is NOT a unit of power?,Which of the following is NOT a unit of power?,10,"""Z""","[""joule per second"", ""electron volt per minute"", ""Newton meter Hertz"", ""kilogram meter per second""]",DASONI_2
7616a55ed99e53843849492d36a4ec2d84eba5e6b02e074087be801ffe8050e0,ROUND ROBIN 2,2026,4,2,BONUS,MULTIPLE_CHOICE,PHYSICS,"A ball is launched on a 37 degree inclined plane with an initial velocity of 2 meters per second perpendicular to the plane. Which of the following values, in seconds, is closest to the amount of time it takes for the ball to hit the plane again?","A ball is launched on a 37 degree inclined plane with an initial velocity of 2 meters per second perpendicular to the plane. Which of the following values, in seconds, is closest to the amount of time it takes for the ball to hit the plane again?",47,"""Z""","[""0.2"", ""0.3"", ""0.4"", ""0.5""]",DASONI_2
7616a55ed99e53843849492d36a4ec2d84eba5e6b02e074087be801ffe8050e0,ROUND ROBIN 2,2026,5,3,TOSSUP,MULTIPLE_CHOICE,EARTH_SPACE,Which of the following minerals is not a form of calcium sulfate?,Which of the following minerals is not a form of calcium sulfate?,12,"""Y""","[""gypsum"", ""anhydrite"", ""calcite"", ""bassanite""]",DASONI_2
7616a55ed99e53843849492d36a4ec2d84eba5e6b02e074087be801ffe8050e0,ROUND ROBIN 2,2026,6,3,BONUS,MULTIPLE_CHOICE,EARTH_SPACE,"Shreyas performs X-ray diffraction on a sample of opal, which has formula SiO2. The X-ray diffraction pattern produced would be most similar to the X-ray diffraction pattern produced by which of the following materials?","Shreyas performs X-ray diffraction on a sample of opal, which has formula SiO2. The X-ray diffraction pattern produced would be most similar to the X-ray diffraction pattern produced by which of the following materials?",34,"""Z""","[""Quartz"", ""Andesite"", ""Olivine"", ""Obsidian""]",DASONI_2
7616a55ed99e53843849492d36a4ec2d84eba5e6b02e074087be801ffe8050e0,ROUND ROBIN 2,2026,7,4,TOSSUP,MULTIPLE_CHOICE,BIOLOGY,Which of the following tissues most likely contributes to the formation of tree rings?,Which of the following tissues most likely contributes to the formation of tree rings?,14,"""X""","[""Primary xylem"", ""Secondary xylem"", ""Primary phloem"", ""Secondary phloem""]",DASONI_2
7616a55ed99e53843849492d36a4ec2d84eba5e6b02e074087be801ffe8050e0,ROUND ROBIN 2,2026,8,4,BONUS,MULTIPLE_CHOICE,BIOLOGY,"Lucas knocks out gene X in some seeds of Arabidopsis thaliana. He places the seeds in normal growth conditions, but notices that they do not germinate. Which of the following hormones would gene X most likely code for?","Lucas knocks out gene X in some seeds of Arabidopsis thaliana. He places the seeds in normal growth conditions, but notices that they do not germinate. Which of the following hormones would gene X most likely code for?",38,"""W""","[""Gibberellin"", ""Auxin"", ""Abscisic acid"", ""Cytokinin""]",DASONI_2
7616a55ed99e53843849492d36a4ec2d84eba5e6b02e074087be801ffe8050e0,ROUND ROBIN 2,2026,9,5,TOSSUP,SHORT_ANSWER,MATH,"Lucas, Shayan, and Ethan each pick a single-digit prime number, without replacement. What is the largest possible product of their numbers?","Lucas, Shayan, and Ethan each pick a single-digit prime number, without replacement. What is the largest possible product of their numbers?",21,"""105""",[],DASONI_2
7616a55ed99e53843849492d36a4ec2d84eba5e6b02e074087be801ffe8050e0,ROUND ROBIN 2,2026,10,5,BONUS,SHORT_ANSWER,MATH,"Julian wants to buy chicken wings. If his chicken wings come in packs of 8 and 9, what is the largest integer number of chicken wings that Julian cannot buy?","Julian wants to buy chicken wings. If his chicken wings come in packs of 8 and 9, what is the largest integer number of chicken wings that Julian cannot buy?",30,"""55""",[],DASONI_2
7616a55ed99e53843849492d36a4ec2d84eba5e6b02e074087be801ffe8050e0,ROUND ROBIN 2,2026,11,6,TOSSUP,SHORT_ANSWER,CHEMISTRY,What equation in electrochemistry relates the EMF of a galvanic cell to the reaction quotient?,What equation in electrochemistry relates the EMF of a galvanic cell to the reaction quotient?,15,"""Nernst equation""",[],DASONI_2
7616a55ed99e53843849492d36a4ec2d84eba5e6b02e074087be801ffe8050e0,ROUND ROBIN 2,2026,12,6,BONUS,SHORT_ANSWER,CHEMISTRY,"What is the oxidation state of zinc in the tetrachlorozincate anion, which has a formula of [ZnCl4]^2- ?","What is the oxidation state of zinc in the tetrachlorozincate anion, which has a formula of [ZnCl4]^2- ?",18,"""+2""",[],DASONI_2
7616a55ed99e53843849492d36a4ec2d84eba5e6b02e074087be801ffe8050e0,ROUND ROBIN 2,2026,13,7,TOSSUP,SHORT_ANSWER,PHYSICS,"Lucas throws his pillow at an infinitely massive wall. If the collision is perfectly inelastic, what fraction of the pillow's initial kinetic energy is dissipated?","Lucas throws his pillow at an infinitely massive wall. If the collision is perfectly inelastic, what fraction of the pillow's initial kinetic energy is dissipated?",25,"""1""",[],DASONI_2
7616a55ed99e53843849492d36a4ec2d84eba5e6b02e074087be801ffe8050e0,ROUND ROBIN 2,2026,14,7,BONUS,SHORT_ANSWER,PHYSICS,A two kilogram ball travelling at 5 meters per second to the right collides elastically with a seventeen kilogram ball travelling at 3 meters per second to the left. What is the magnitude of the relative velocity between the two balls after the collision in meters per second?,A two kilogram ball travelling at 5 meters per second to the right collides elastically with a seventeen kilogram ball travelling at 3 meters per second to the left. What is the magnitude of the relative velocity between the two balls after the collision in meters per second?,48,"""8""",[],DASONI_2
7616a55ed99e53843849492d36a4ec2d84eba5e6b02e074087be801ffe8050e0,ROUND ROBIN 2,2026,15,8,TOSSUP,RANK,EARTH_SPACE,Order the following 3 Milankovitch cycles by increasing frequency. 1) Procession 2) Obliquity 3) Eccentricity,Order the following 3 Milankovitch cycles by increasing frequency. 1) Procession 2) Obliquity 3) Eccentricity,15,"""3, 2, 1""",[],DASONI_2
7616a55ed99e53843849492d36a4ec2d84eba5e6b02e074087be801ffe8050e0,ROUND ROBIN 2,2026,16,8,BONUS,SHORT_ANSWER,EARTH_SPACE,"When warm, salty water overlies cool, freshwater, double diffusive instability may result. Since heat diffuses faster than salt, what feature is formed from this process?","When warm, salty water overlies cool, freshwater, double diffusive instability may result. Since heat diffuses faster than salt, what feature is formed from this process?",25,"""SALT FINGERS""",[],DASONI_2
7616a55ed99e53843849492d36a4ec2d84eba5e6b02e074087be801ffe8050e0,ROUND ROBIN 2,2026,17,9,TOSSUP,MULTIPLE_CHOICE,BIOLOGY,Which of the following organisms is an ectoparasite?,Which of the following organisms is an ectoparasite?,8,"""Z""","[""Plasmodium"", ""Tapeworm"", ""Hookworm"", ""Tick""]",DASONI_2
7616a55ed99e53843849492d36a4ec2d84eba5e6b02e074087be801ffe8050e0,ROUND ROBIN 2,2026,18,9,BONUS,RANK,BIOLOGY,"Kaison is on a field trip at the local graveyard and digs up a cadaver to dissect. Specifically, he's curious about the digestive system. Order the following parts of the alimentary canal from first to last. 1) Pyloric sphincter 2) Ileum 3) Jejunum","Kaison is on a field trip at the local graveyard and digs up a cadaver to dissect. Specifically, he's curious about the digestive system. Order the following parts of the alimentary canal from first to last. 1) Pyloric sphincter 2) Ileum 3) Jejunum",43,"""1, 3, 2""",[],DASONI_2
7616a55ed99e53843849492d36a4ec2d84eba5e6b02e074087be801ffe8050e0,ROUND ROBIN 2,2026,19,10,TOSSUP,MULTIPLE_CHOICE,MATH,"Bourne has a set of numbers. If he adds 10 to every element in the set, which of the following will not change?","Bourne has a set of numbers. If he adds 10 to every element in the set, which of the following will not change?",23,"""Z""","[""mean"", ""median"", ""minimum"", ""variance""]",DASONI_2
7616a55ed99e53843849492d36a4ec2d84eba5e6b02e074087be801ffe8050e0,ROUND ROBIN 2,2026,20,10,BONUS,MULTIPLE_CHOICE,MATH,Which of the following numbers is the largest?,Which of the following numbers is the largest?,8,"""X""","[""the square root of 2"", ""the cube root of 3"", ""the fourth root of 4"", ""the fifth root of 5""]",DASONI_2
7616a55ed99e53843849492d36a4ec2d84eba5e6b02e074087be801ffe8050e0,ROUND ROBIN 2,2026,21,11,TOSSUP,MULTIPLE_CHOICE,CHEMISTRY,Which of the following elements would have the highest fourth ionization energy?,Which of the following elements would have the highest fourth ionization energy?,12,"""Y""","[""Sodium"", ""Magnesium"", ""Aluminum"", ""Silicon""]",DASONI_2
7616a55ed99e53843849492d36a4ec2d84eba5e6b02e074087be801ffe8050e0,ROUND ROBIN 2,2026,22,11,BONUS,MULTIPLE_CHOICE,CHEMISTRY,Which of the following will lead to a single replacement reaction?,Which of the following will lead to a single replacement reaction?,11,"""W""","[""Sodium in water"", ""Baking soda in vinegar"", ""Potassium iodide in lead nitrate"", ""Sulfuric acid in water""]",DASONI_2
7616a55ed99e53843849492d36a4ec2d84eba5e6b02e074087be801ffe8050e0,ROUND ROBIN 2,2026,23,12,TOSSUP,IDENTIFY_ALL,PHYSICS,Identify all of the following four particles that satisfy the Pauli exclusion principle: 1) Electron 2) Proton 3) Neutron,Identify all of the following four particles that satisfy the Pauli exclusion principle: 1) Electron 2) Proton 3) Neutron,19,"""All""",[],DASONI_2
7616a55ed99e53843849492d36a4ec2d84eba5e6b02e074087be801ffe8050e0,ROUND ROBIN 2,2026,24,12,BONUS,SHORT_ANSWER,PHYSICS,"Shayan puts a 2 microfarad capacitor in series with a 4 microfarad capacitor. In microfarads, what is the equivalent capacitance?","Shayan puts a 2 microfarad capacitor in series with a 4 microfarad capacitor. In microfarads, what is the equivalent capacitance?",20,"""4/3""",[],DASONI_2
7616a55ed99e53843849492d36a4ec2d84eba5e6b02e074087be801ffe8050e0,ROUND ROBIN 2,2026,25,13,TOSSUP,MULTIPLE_CHOICE,EARTH_SPACE,Which of the following best explains why a protostar becomes optically visible during the birthline phase?,Which of the following best explains why a protostar becomes optically visible during the birthline phase?,16,"""Z""","[""Ignition of nuclear fusion in the core"", ""Dissipation of the protostellar disk"", ""Mass ejections due to irregular variability"", ""Clearing of the dust envelope""]",DASONI_2
7616a55ed99e53843849492d36a4ec2d84eba5e6b02e074087be801ffe8050e0,ROUND ROBIN 2,2026,26,13,BONUS,MULTIPLE_CHOICE,EARTH_SPACE,Which of the following best describes Jupiter’s rings?,Which of the following best describes Jupiter’s rings?,8,"""Y""","[""Long-lived primordial rings composed of material left over from Jupiter\u2019s formation"", ""Dense, stable icy rings maintained primarily by frequent particle\u2013particle collisions"", ""Faint rings that are continuously replenished by debris from small moons within Jupiter\u2019s Roche limit"", ""Gaseous rings confined by Jupiter\u2019s magnetic field and sustained against gravitational collapse""]",DASONI_2
7616a55ed99e53843849492d36a4ec2d84eba5e6b02e074087be801ffe8050e0,ROUND ROBIN 2,2026,27,14,TOSSUP,SHORT_ANSWER,BIOLOGY,"Alex is looking at a bacterial population that is in a low-glucose environment. Which protein on the lac operon binds cyclic AMP, transcribing the genes for enzymes that process alternative carbon sources?","Alex is looking at a bacterial population that is in a low-glucose environment. Which protein on the lac operon binds cyclic AMP, transcribing the genes for enzymes that process alternative carbon sources?",32,"""Catabolite activator protein (Accept: CAP, CRP)""",[],DASONI_2
7616a55ed99e53843849492d36a4ec2d84eba5e6b02e074087be801ffe8050e0,ROUND ROBIN 2,2026,28,14,BONUS,MULTIPLE_CHOICE,BIOLOGY,Which of the following phyla is diploblastic?,Which of the following phyla is diploblastic?,7,"""Y""","[""Echinodermata"", ""Arthropoda"", ""Ctenophora"", ""Porifera""]",DASONI_2
7616a55ed99e53843849492d36a4ec2d84eba5e6b02e074087be801ffe8050e0,ROUND ROBIN 2,2026,29,15,TOSSUP,SHORT_ANSWER,MATH,How many complex solutions are there to the equation $x^{4}$ = i?,How many complex solutions are there to the equation = i?,11,"""4""",[],DASONI_2
7616a55ed99e53843849492d36a4ec2d84eba5e6b02e074087be801ffe8050e0,ROUND ROBIN 2,2026,30,15,BONUS,SHORT_ANSWER,MATH,"Lucas is counting sheep in bed and realizes that if he puts the sheep into groups of 5, there is 1 sheep left over, but if he puts the sheep into groups of 7, there are 3 sheep left over. What is the minimum number of sheep that Lucas could be counting?","Lucas is counting sheep in bed and realizes that if he puts the sheep into groups of 5, there is 1 sheep left over, but if he puts the sheep into groups of 7, there are 3 sheep left over. What is the minimum number of sheep that Lucas could be counting?",52,"""31""",[],DASONI_2
7616a55ed99e53843849492d36a4ec2d84eba5e6b02e074087be801ffe8050e0,ROUND ROBIN 2,2026,31,16,TOSSUP,RANK,CHEMISTRY,Order the following interatomic forces in increasing strength: 1) Hydrogen bonding 2) Dipole-dipole bonding 3) London dispersion,Order the following interatomic forces in increasing strength: 1) Hydrogen bonding 2) Dipole-dipole bonding 3) London dispersion,17,"""3 2 1""",[],DASONI_2
7616a55ed99e53843849492d36a4ec2d84eba5e6b02e074087be801ffe8050e0,ROUND ROBIN 2,2026,32,16,BONUS,SHORT_ANSWER,CHEMISTRY,"How many lone pairs of electrons are on the carbon and oxygen atom, respectively, in a molecule of carbon monoxide?","How many lone pairs of electrons are on the carbon and oxygen atom, respectively, in a molecule of carbon monoxide?",20,"""1 and 1""",[],DASONI_2
7616a55ed99e53843849492d36a4ec2d84eba5e6b02e074087be801ffe8050e0,ROUND ROBIN 2,2026,33,17,TOSSUP,IDENTIFY_ALL,PHYSICS,Julian is in an elliptical orbit around the sun. Identify all of the following quantities that are conserved for his orbit: 1) Momentum 2) Angular momentum 3) Kinetic energy,Julian is in an elliptical orbit around the sun. Identify all of the following quantities that are conserved for his orbit: 1) Momentum 2) Angular momentum 3) Kinetic energy,29,"""2 only""",[],DASONI_2
7616a55ed99e53843849492d36a4ec2d84eba5e6b02e074087be801ffe8050e0,ROUND ROBIN 2,2026,34,17,BONUS,SHORT_ANSWER,PHYSICS,"In a series LR circuit, by what factor will the time constant be multiplied if both the inductance and resistance are doubled?","In a series LR circuit, by what factor will the time constant be multiplied if both the inductance and resistance are doubled?",22,"""1""",[],DASONI_2
7616a55ed99e53843849492d36a4ec2d84eba5e6b02e074087be801ffe8050e0,ROUND ROBIN 2,2026,35,18,TOSSUP,SHORT_ANSWER,EARTH_SPACE,"Represented by lambda in the lambda-CDM model, which constant, first introduced by Albert Einstein, is used by astronomers to model the expansion of the universe?","Represented by lambda in the lambda-CDM model, which constant, first introduced by Albert Einstein, is used by astronomers to model the expansion of the universe?",25,"""COSMOLOGICAL CONSTANT""",[],DASONI_2
7616a55ed99e53843849492d36a4ec2d84eba5e6b02e074087be801ffe8050e0,ROUND ROBIN 2,2026,36,18,BONUS,SHORT_ANSWER,EARTH_SPACE,"A telescope has focal length 12 meters and focal ratio f/6. To two significant figures, what is the angular resolution of this telescope in radians at a wavelength of 500 nanometers?","A telescope has focal length 12 meters and focal ratio f/6. To two significant figures, what is the angular resolution of this telescope in radians at a wavelength of 500 nanometers?",31,"""3*10^-7""",[],DASONI_2
7616a55ed99e53843849492d36a4ec2d84eba5e6b02e074087be801ffe8050e0,ROUND ROBIN 2,2026,37,19,TOSSUP,MULTIPLE_CHOICE,BIOLOGY,"According to the Theory of Island Biogeography, which of the following environments would be expected to support the highest equilibrium number of species?","According to the Theory of Island Biogeography, which of the following environments would be expected to support the highest equilibrium number of species?",23,"""Z""","[""A small island, far from the mainland"", ""A small island, close to the mainland"", ""A large island, far from the mainland"", ""A large island, close to the mainland""]",DASONI_2
7616a55ed99e53843849492d36a4ec2d84eba5e6b02e074087be801ffe8050e0,ROUND ROBIN 2,2026,38,19,BONUS,SHORT_ANSWER,BIOLOGY,"When two closely related species of Galapagos finches occur in sympatry, their beak sizes often diverge significantly more than when they exist in allopatry. What is the specific evolutionary term for this phenomenon, where trait differences among similar species are accentuated in regions where they co-occur to minimize interspecific competition?","When two closely related species of Galapagos finches occur in sympatry, their beak sizes often diverge significantly more than when they exist in allopatry. What is the specific evolutionary term for this phenomenon, where trait differences among similar species are accentuated in regions where they co-occur to minimize interspecific competition?",50,"""character displacement""",[],DASONI_2
7616a55ed99e53843849492d36a4ec2d84eba5e6b02e074087be801ffe8050e0,ROUND ROBIN 2,2026,39,20,TOSSUP,SHORT_ANSWER,MATH,What is 73*83?,What is 73*83?,3,"""6059""",[],DASONI_2
7616a55ed99e53843849492d36a4ec2d84eba5e6b02e074087be801ffe8050e0,ROUND ROBIN 2,2026,40,20,BONUS,SHORT_ANSWER,MATH,"If a number has 12 digits in hexadecimal, what is the difference between the maximum and minimum number of digits this number has in binary?","If a number has 12 digits in hexadecimal, what is the difference between the maximum and minimum number of digits this number has in binary?",25,"""3""",[],DASONI_2
8d3ec5c15f8addc4d68e68e81906d5c72bf098853df918ec3934d2476b006a5c,ROUND ROBIN 3,2026,1,1,TOSSUP,SHORT_ANSWER,CHEMISTRY,Breanna is running a chemical reaction and sees that the concentration of the reactant decreases linearly with time. What is the order of her reaction?,Breanna is running a chemical reaction and sees that the concentration of the reactant decreases linearly with time. What is the order of her reaction?,25,"""Zero""",[],DASONI_2
8d3ec5c15f8addc4d68e68e81906d5c72bf098853df918ec3934d2476b006a5c,ROUND ROBIN 3,2026,2,1,BONUS,SHORT_ANSWER,CHEMISTRY,"Lucas is growing a crystal of alum, which is also known as potassium aluminum sulfate. What is the chemical formula of alum?","Lucas is growing a crystal of alum, which is also known as potassium aluminum sulfate. What is the chemical formula of alum?",22,"""KAl(SO4)2""",[],DASONI_2
8d3ec5c15f8addc4d68e68e81906d5c72bf098853df918ec3934d2476b006a5c,ROUND ROBIN 3,2026,3,2,TOSSUP,RANK,EARTH_SPACE,Bella is melting a diorite boulder. Order the following mineral from first to last to melt: 1) Pyroxene 2) Calcium plagioclase 3) Hornblende,Bella is melting a diorite boulder. Order the following mineral from first to last to melt: 1) Pyroxene 2) Calcium plagioclase 3) Hornblende,23,"""2, 3, 1 GEO""",[],DASONI_2
8d3ec5c15f8addc4d68e68e81906d5c72bf098853df918ec3934d2476b006a5c,ROUND ROBIN 3,2026,4,2,BONUS,SHORT_ANSWER,EARTH_SPACE,What is the term for a small block of crust that has been sutured to a continent?,What is the term for a small block of crust that has been sutured to a continent?,17,"""Terrane (accept accretted terrane) GEO""",[],DASONI_2
8d3ec5c15f8addc4d68e68e81906d5c72bf098853df918ec3934d2476b006a5c,ROUND ROBIN 3,2026,5,3,TOSSUP,SHORT_ANSWER,BIOLOGY,"What sticky, fibrous polysaccharide layer is found on bacterial cells that assists in adhesion, nutrient acquisition, and hydration?","What sticky, fibrous polysaccharide layer is found on bacterial cells that assists in adhesion, nutrient acquisition, and hydration?",18,"""Glycocalyx""",[],DASONI_2
8d3ec5c15f8addc4d68e68e81906d5c72bf098853df918ec3934d2476b006a5c,ROUND ROBIN 3,2026,6,3,BONUS,MULTIPLE_CHOICE,BIOLOGY,"Casey is interested in amoeboid movement, and wonders how pseudopodia extend. Which of the following proteins is most likely to be involved in generating the force required for pseudopodia extension?","Casey is interested in amoeboid movement, and wonders how pseudopodia extend. Which of the following proteins is most likely to be involved in generating the force required for pseudopodia extension?",30,"""W""","[""Actin"", ""Myosin"", ""Tubulin"", ""Dynein""]",DASONI_2
8d3ec5c15f8addc4d68e68e81906d5c72bf098853df918ec3934d2476b006a5c,ROUND ROBIN 3,2026,7,4,TOSSUP,SHORT_ANSWER,MATH,"Shayan wants to use the infinite geometric series formula on the series of all positive integer powers of two, even though the series diverges. What answer does he get?","Shayan wants to use the infinite geometric series formula on the series of all positive integer powers of two, even though the series diverges. What answer does he get?",29,"""-2""",[],DASONI_2
8d3ec5c15f8addc4d68e68e81906d5c72bf098853df918ec3934d2476b006a5c,ROUND ROBIN 3,2026,8,4,BONUS,SHORT_ANSWER,MATH,"For some positive integer n, $2^{n}$ divides 70 factorial. What is the largest possible value of n?","For some positive integer n, divides 70 factorial. What is the largest possible value of n?",16,"""67""",[],DASONI_2
8d3ec5c15f8addc4d68e68e81906d5c72bf098853df918ec3934d2476b006a5c,ROUND ROBIN 3,2026,9,5,TOSSUP,SHORT_ANSWER,PHYSICS,What electrical circuit element is primarily responsible for preventing abrupt changes in current?,What electrical circuit element is primarily responsible for preventing abrupt changes in current?,13,"""Inductor""",[],DASONI_2
8d3ec5c15f8addc4d68e68e81906d5c72bf098853df918ec3934d2476b006a5c,ROUND ROBIN 3,2026,10,5,BONUS,SHORT_ANSWER,PHYSICS,"Planck's law is a refinement of what previous law, which was physically impossible because it suffered from the ultraviolet catastrophe?","Planck's law is a refinement of what previous law, which was physically impossible because it suffered from the ultraviolet catastrophe?",20,"""Rayleigh-Jeans Law""",[],DASONI_2
8d3ec5c15f8addc4d68e68e81906d5c72bf098853df918ec3934d2476b006a5c,ROUND ROBIN 3,2026,11,6,TOSSUP,MULTIPLE_CHOICE,CHEMISTRY,Which of the following chemical substances would have the strongest London dispersion forces?,Which of the following chemical substances would have the strongest London dispersion forces?,13,"""Y""","[""chlorine"", ""argon"", ""bromine"", ""krypton""]",DASONI_2
8d3ec5c15f8addc4d68e68e81906d5c72bf098853df918ec3934d2476b006a5c,ROUND ROBIN 3,2026,12,6,BONUS,MULTIPLE_CHOICE,CHEMISTRY,"If the effusion rate of chlorine gas through a small hole is about 0.01 moles per second, which of the following is closest to the effusion rate of hydrogen gas through the same hole at the same temperature?","If the effusion rate of chlorine gas through a small hole is about 0.01 moles per second, which of the following is closest to the effusion rate of hydrogen gas through the same hole at the same temperature?",38,"""0.06""","[""0.01"", ""0.03"", ""0.06"", ""0.09""]",DASONI_2
8d3ec5c15f8addc4d68e68e81906d5c72bf098853df918ec3934d2476b006a5c,ROUND ROBIN 3,2026,13,7,TOSSUP,RANK,EARTH_SPACE,Order the following 3 water masses by increasing average density. 1) Antarctic Bottom Water 2) Antarctic Intermediate Water 3) North Atlantic Deep Water,Order the following 3 water masses by increasing average density. 1) Antarctic Bottom Water 2) Antarctic Intermediate Water 3) North Atlantic Deep Water,23,"""2, 3, 1""",[],DASONI_2
8d3ec5c15f8addc4d68e68e81906d5c72bf098853df918ec3934d2476b006a5c,ROUND ROBIN 3,2026,14,7,BONUS,MULTIPLE_CHOICE,EARTH_SPACE,Which of the following types of instabilities occurs when the environmental lapse rate equals the dry adiabatic lapse rate?,Which of the following types of instabilities occurs when the environmental lapse rate equals the dry adiabatic lapse rate?,19,"""Z""","[""Absolute instability"", ""Absolute stability"", ""Conditional instability"", ""Neutral stability""]",DASONI_2
8d3ec5c15f8addc4d68e68e81906d5c72bf098853df918ec3934d2476b006a5c,ROUND ROBIN 3,2026,15,8,TOSSUP,SHORT_ANSWER,BIOLOGY,Arrange the following three animals in terms of increasing length of the loop of Henle: 1) Brown bear 2) North American beaver 3) Dromedary camel,Arrange the following three animals in terms of increasing length of the loop of Henle: 1) Brown bear 2) North American beaver 3) Dromedary camel,25,"""2, 1, 3""",[],DASONI_2
8d3ec5c15f8addc4d68e68e81906d5c72bf098853df918ec3934d2476b006a5c,ROUND ROBIN 3,2026,16,8,BONUS,SHORT_ANSWER,BIOLOGY,"What specialized plant tissue, located between the endodermis and vascular tissues, contributes to the formation of the vascular and cork cambia and initiates lateral root formation?","What specialized plant tissue, located between the endodermis and vascular tissues, contributes to the formation of the vascular and cork cambia and initiates lateral root formation?",26,"""Pericycle""",[],DASONI_2
8d3ec5c15f8addc4d68e68e81906d5c72bf098853df918ec3934d2476b006a5c,ROUND ROBIN 3,2026,17,9,TOSSUP,SHORT_ANSWER,MATH,What is the value of two to the two to the two to the two?,What is the value of two to the two to the two to the two?,15,"""65536 >:)""",[],DASONI_2
8d3ec5c15f8addc4d68e68e81906d5c72bf098853df918ec3934d2476b006a5c,ROUND ROBIN 3,2026,18,9,BONUS,SHORT_ANSWER,MATH,What are the coordinates of the inflection point of the function f(x) = $5x^{3}$ - $3x^{2}+3x+1$?,What are the coordinates of the inflection point of the function f(x) = - ?,15,"""(5, 566)""",[],DASONI_2
8d3ec5c15f8addc4d68e68e81906d5c72bf098853df918ec3934d2476b006a5c,ROUND ROBIN 3,2026,19,10,TOSSUP,SHORT_ANSWER,PHYSICS,What is the power in Watts dissipated through a 5 Ohm resistor if it is held at a constant voltage of 20 Volts?,What is the power in Watts dissipated through a 5 Ohm resistor if it is held at a constant voltage of 20 Volts?,23,"""80""",[],DASONI_2
8d3ec5c15f8addc4d68e68e81906d5c72bf098853df918ec3934d2476b006a5c,ROUND ROBIN 3,2026,20,10,BONUS,IDENTIFY_ALL,PHYSICS,Identify all of the following systems that are simple harmonic oscillators: 1) A mass hanging from an ideal spring 2) A large-angle pendulum 3) An LC circuit,Identify all of the following systems that are simple harmonic oscillators: 1) A mass hanging from an ideal spring 2) A large-angle pendulum 3) An LC circuit,27,"""1 and 3""",[],DASONI_2
8d3ec5c15f8addc4d68e68e81906d5c72bf098853df918ec3934d2476b006a5c,ROUND ROBIN 3,2026,21,11,TOSSUP,MULTIPLE_CHOICE,CHEMISTRY,Which of the following best describes henry's law?,Which of the following best describes henry's law?,8,"""X""","[""The pH of a solution is directly proportional to the concentration of hydrogen ions"", ""The solubility of a gas is linearly proportional to its partial pressure above the liquid"", ""The cell potential of a battery is inversely proportional to the concentration of hydrogen ions"", ""The pressure of a gas is directly proportional to its temperature""]",DASONI_2
8d3ec5c15f8addc4d68e68e81906d5c72bf098853df918ec3934d2476b006a5c,ROUND ROBIN 3,2026,22,11,BONUS,SHORT_ANSWER,CHEMISTRY,"Francium-211 undergoes nuclear decay to form lead-207. Given that Francium is element 87 and lead is element 82, how many alpha and beta plus decays happen in this decay chain, assuming these are the only two types of decay?","Francium-211 undergoes nuclear decay to form lead-207. Given that Francium is element 87 and lead is element 82, how many alpha and beta plus decays happen in this decay chain, assuming these are the only two types of decay?",39,"""1 alpha, 3 beta plus""",[],DASONI_2
8d3ec5c15f8addc4d68e68e81906d5c72bf098853df918ec3934d2476b006a5c,ROUND ROBIN 3,2026,23,12,TOSSUP,MULTIPLE_CHOICE,EARTH_SPACE,Which of the following best describes the role of carbon in the CNO cycle reactions?,Which of the following best describes the role of carbon in the CNO cycle reactions?,15,"""Z""","[""Reactant"", ""Product"", ""Intermediate"", ""Catalyst""]",DASONI_2
8d3ec5c15f8addc4d68e68e81906d5c72bf098853df918ec3934d2476b006a5c,ROUND ROBIN 3,2026,24,12,BONUS,MULTIPLE_CHOICE,EARTH_SPACE,"The orbital velocities of stars in the Milky Way are measured. As distance from the galactic center increases, velocity","The orbital velocities of stars in the Milky Way are measured. As distance from the galactic center increases, velocity",19,"""Y""","[""Increases, then decreases"", ""Decreases, then increases"", ""Increases initially, then remains constant"", ""Decreases initially, then remains constant""]",DASONI_2
8d3ec5c15f8addc4d68e68e81906d5c72bf098853df918ec3934d2476b006a5c,ROUND ROBIN 3,2026,25,13,TOSSUP,RANK,BIOLOGY,Order the following three structures of the angiosperm reproductive system in terms of increasing ploidy: 1) Endosperm 2) Microspore 3) Megasporangium,Order the following three structures of the angiosperm reproductive system in terms of increasing ploidy: 1) Endosperm 2) Microspore 3) Megasporangium,21,"""2, 3, 1""",[],DASONI_2
8d3ec5c15f8addc4d68e68e81906d5c72bf098853df918ec3934d2476b006a5c,ROUND ROBIN 3,2026,26,13,BONUS,SHORT_ANSWER,BIOLOGY,"After helicase separates a DNA strand during replication, what proteins prevent the separated strands from reannealing or being degraded by nucleases?","After helicase separates a DNA strand during replication, what proteins prevent the separated strands from reannealing or being degraded by nucleases?",21,"""Single-stranded binding proteins""",[],DASONI_2
8d3ec5c15f8addc4d68e68e81906d5c72bf098853df918ec3934d2476b006a5c,ROUND ROBIN 3,2026,27,14,TOSSUP,SHORT_ANSWER,MATH,"Julian wants to buy chicken wings. If his chicken wings come in packs of 8 and 9, what is the largest integer number of chicken wings that Julian cannot buy?","Julian wants to buy chicken wings. If his chicken wings come in packs of 8 and 9, what is the largest integer number of chicken wings that Julian cannot buy?",30,"""55""",[],DASONI_2
8d3ec5c15f8addc4d68e68e81906d5c72bf098853df918ec3934d2476b006a5c,ROUND ROBIN 3,2026,28,14,BONUS,SHORT_ANSWER,MATH,The range of the function f(x) = 3 sin x − 4 cos x is a closed interval. What is the length of this interval?,The range of the function f(x) = 3 sin x − 4 cos x is a closed interval. What is the length of this interval?,25,"""10""",[],DASONI_2
8d3ec5c15f8addc4d68e68e81906d5c72bf098853df918ec3934d2476b006a5c,ROUND ROBIN 3,2026,29,15,TOSSUP,MULTIPLE_CHOICE,PHYSICS,How many quarks are in a baryon?,How many quarks are in a baryon?,7,"""Y""","[""1"", ""2"", ""3"", ""4""]",DASONI_2
8d3ec5c15f8addc4d68e68e81906d5c72bf098853df918ec3934d2476b006a5c,ROUND ROBIN 3,2026,30,15,BONUS,MULTIPLE_CHOICE,PHYSICS,"Mr. Guisti hits a tennis ball such that its angular velocity points upwards. Because of its spin, in which of the following directions will the ball be deflected?","Mr. Guisti hits a tennis ball such that its angular velocity points upwards. Because of its spin, in which of the following directions will the ball be deflected?",28,"""W""","[""Left"", ""Right"", ""Up"", ""It will not be deflected""]",DASONI_2
8d3ec5c15f8addc4d68e68e81906d5c72bf098853df918ec3934d2476b006a5c,ROUND ROBIN 3,2026,31,16,TOSSUP,SHORT_ANSWER,CHEMISTRY,What equation describes the relationship between pressure and temperature along a phase transition boundary?,What equation describes the relationship between pressure and temperature along a phase transition boundary?,14,"""Clausius-Clapeyron equation""",[],DASONI_2
8d3ec5c15f8addc4d68e68e81906d5c72bf098853df918ec3934d2476b006a5c,ROUND ROBIN 3,2026,32,16,BONUS,SHORT_ANSWER,CHEMISTRY,"If a reaction has an order of four, what are the units for the rate constant of this reaction?","If a reaction has an order of four, what are the units for the rate constant of this reaction?",19,"""$L^{3}/(mol^{3}$ * s)""",[],DASONI_2
8d3ec5c15f8addc4d68e68e81906d5c72bf098853df918ec3934d2476b006a5c,ROUND ROBIN 3,2026,33,17,TOSSUP,SHORT_ANSWER,EARTH_SPACE,"With a value between 0 and 1, which variable in the formula for a planet's equilibrium temperature is used as a ""fudge factor"" for a greenhouse effect, and represents how effectively the planet radiates its energy?","With a value between 0 and 1, which variable in the formula for a planet's equilibrium temperature is used as a ""fudge factor"" for a greenhouse effect, and represents how effectively the planet radiates its energy?",36,"""EMISSIVITY""",[],DASONI_2
8d3ec5c15f8addc4d68e68e81906d5c72bf098853df918ec3934d2476b006a5c,ROUND ROBIN 3,2026,34,17,BONUS,MULTIPLE_CHOICE,EARTH_SPACE,Which of the following best describes the structure and formation of spiral arms in galaxies?,Which of the following best describes the structure and formation of spiral arms in galaxies?,15,"""Y""","[""Spiral arms are fixed structures composed of Population II stars orbiting together"", ""Spiral arms are temporary features formed solely by differential rotation of the galaxy"", ""Spiral arms are regions of high density gas composed of young star-forming regions"", ""Spiral arms are created by tidal interactions that strip material from nearby galaxies""]",DASONI_2
8d3ec5c15f8addc4d68e68e81906d5c72bf098853df918ec3934d2476b006a5c,ROUND ROBIN 3,2026,35,18,TOSSUP,SHORT_ANSWER,BIOLOGY,"Aura loss follows an autosomally recessive inheritance pattern. If Ethan observes in a large population that the frequency of phenotypes with no aura is 1%, what percentage of the population are heterozygotes?","Aura loss follows an autosomally recessive inheritance pattern. If Ethan observes in a large population that the frequency of phenotypes with no aura is 1%, what percentage of the population are heterozygotes?",32,"""18%""",[],DASONI_2
8d3ec5c15f8addc4d68e68e81906d5c72bf098853df918ec3934d2476b006a5c,ROUND ROBIN 3,2026,36,18,BONUS,MULTIPLE_CHOICE,BIOLOGY,"Alex is investigating the MYC proto-oncogene family, and finds that the C-MYC, N-MYC, and L-MYC genes are paralogs. Which of the following events most likely led to the formation of these genes?","Alex is investigating the MYC proto-oncogene family, and finds that the C-MYC, N-MYC, and L-MYC genes are paralogs. Which of the following events most likely led to the formation of these genes?",32,"""Y""","[""Speciation separated populations carrying slightly different versions of the MYC gene"", ""Horizontal gene transfer introduced additional MYC-like genes from other species"", ""An ancestral proto-oncogene duplicated within the genome"", ""Independent point mutations in the MYC gene led to multiple functionally distinct variants in the same genome""]",DASONI_2
8d3ec5c15f8addc4d68e68e81906d5c72bf098853df918ec3934d2476b006a5c,ROUND ROBIN 3,2026,37,19,TOSSUP,SHORT_ANSWER,MATH,What algorithm in linear algebra is used to solve systems of linear equations by adding rows and multiplying rows by constants?,What algorithm in linear algebra is used to solve systems of linear equations by adding rows and multiplying rows by constants?,21,"""Gaussian elimination (Accept: Row reduction)""",[],DASONI_2
8d3ec5c15f8addc4d68e68e81906d5c72bf098853df918ec3934d2476b006a5c,ROUND ROBIN 3,2026,38,19,BONUS,SHORT_ANSWER,MATH,What is the coefficient of the x to the fourth term in the Taylor series expansion of tangent of x about x=0?,What is the coefficient of the x to the fourth term in the Taylor series expansion of tangent of x about x=0?,22,"""0""",[],DASONI_2
8d3ec5c15f8addc4d68e68e81906d5c72bf098853df918ec3934d2476b006a5c,ROUND ROBIN 3,2026,39,20,TOSSUP,MULTIPLE_CHOICE,PHYSICS,Filip is skiing down a frictionless hill. In which of the following directions does the net force acting on him point?,Filip is skiing down a frictionless hill. In which of the following directions does the net force acting on him point?,21,"""Z""","[""Out of the ramp"", ""Into the ramp"", ""Up the ramp"", ""Down the ramp""]",DASONI_2
8d3ec5c15f8addc4d68e68e81906d5c72bf098853df918ec3934d2476b006a5c,ROUND ROBIN 3,2026,40,20,BONUS,SHORT_ANSWER,PHYSICS,"Filip is 3 meters tall in his own reference frame. If Yajur moves at 0.8 times the speed of light directly upwards, in meters, how tall will Filip appear to Yajur?","Filip is 3 meters tall in his own reference frame. If Yajur moves at 0.8 times the speed of light directly upwards, in meters, how tall will Filip appear to Yajur?",31,"""9/5 (Accept: 1.8)""",[],DASONI_2
8562f0ab5258b159fdde01c8de52a61dbb25abdb5cacf9a4c865f024978a879b,ROUND ROBIN 4,2026,1,1,TOSSUP,MULTIPLE_CHOICE,BIOLOGY,"Mr. Guisti, against all odds, is playing science bowl! When Yajur reads a physics question, Mr. Guisti feels a fight-or-flight response. Which of the following hormones has the greatest rate of increase in its blood concentration during a fight-or-flight response?","Mr. Guisti, against all odds, is playing science bowl! When Yajur reads a physics question, Mr. Guisti feels a fight-or-flight response. Which of the following hormones has the greatest rate of increase in its blood concentration during a fight-or-flight response?",40,"""W""","[""Epinephrine"", ""Adrenocorticotropic hormone"", ""Cortisol"", ""Aldosterone""]",DASONI_2
8562f0ab5258b159fdde01c8de52a61dbb25abdb5cacf9a4c865f024978a879b,ROUND ROBIN 4,2026,2,1,BONUS,SHORT_ANSWER,BIOLOGY,"In translation, what enzymes catalyze the attachment of amino acids to uncharged tRNAs?","In translation, what enzymes catalyze the attachment of amino acids to uncharged tRNAs?",13,"""Aminoacyl-tRNA synthetases""",[],DASONI_2
8562f0ab5258b159fdde01c8de52a61dbb25abdb5cacf9a4c865f024978a879b,ROUND ROBIN 4,2026,3,2,TOSSUP,SHORT_ANSWER,MATH,For what value of R are the numerical values of the volume and surface area of a sphere of radius R the same?,For what value of R are the numerical values of the volume and surface area of a sphere of radius R the same?,23,"""3""",[],DASONI_2
8562f0ab5258b159fdde01c8de52a61dbb25abdb5cacf9a4c865f024978a879b,ROUND ROBIN 4,2026,4,2,BONUS,MULTIPLE_CHOICE,MATH,"Which of the following statements is equivalent to the statement ""If A and not B, then C""?","Which of the following statements is equivalent to the statement ""If A and not B, then C""?",17,"""W""","[""If A, then B or C"", ""If A, then B and C"", ""If A, then not B or not C"", ""if A, then not B and not C""]",DASONI_2
8562f0ab5258b159fdde01c8de52a61dbb25abdb5cacf9a4c865f024978a879b,ROUND ROBIN 4,2026,5,3,TOSSUP,SHORT_ANSWER,PHYSICS,The ability of a superconductor to completely expel magnetic fields is known as what effect?,The ability of a superconductor to completely expel magnetic fields is known as what effect?,15,"""Meissner effect""",[],DASONI_2
8562f0ab5258b159fdde01c8de52a61dbb25abdb5cacf9a4c865f024978a879b,ROUND ROBIN 4,2026,6,3,BONUS,MULTIPLE_CHOICE,PHYSICS,Which of the following statements is true about special relativity?,Which of the following statements is true about special relativity?,10,"""Y""","[""Moving clocks appear to tick faster"", ""Moving objects appear longer"", ""Perfectly rigid bodies cannot exist"", ""All events can be classified as either in the past or in the future""]",DASONI_2
8562f0ab5258b159fdde01c8de52a61dbb25abdb5cacf9a4c865f024978a879b,ROUND ROBIN 4,2026,7,4,TOSSUP,MULTIPLE_CHOICE,CHEMISTRY,Which of the following solutions will work as the best buffer?,Which of the following solutions will work as the best buffer?,11,"""Y""","[""0.1 molar sodium acetate and 0.1 molar hydrochloric acid"", ""0.1 molar sodium acetate and 0.2 molar hydrochloric acid"", ""0.2 molar sodium acetate and 0.1 molar hydrochloric acid"", ""0.2 molar sodium acetate and 0.2 molar hydrochloric acid""]",DASONI_2
8562f0ab5258b159fdde01c8de52a61dbb25abdb5cacf9a4c865f024978a879b,ROUND ROBIN 4,2026,8,4,BONUS,IDENTIFY_ALL,CHEMISTRY,Identify all of the following which can form covalent network solids in their solid form: 1) Carbon dioxide 2) Silicon dioxide 3) Carbon,Identify all of the following which can form covalent network solids in their solid form: 1) Carbon dioxide 2) Silicon dioxide 3) Carbon,23,"""2, 3""",[],DASONI_2
8562f0ab5258b159fdde01c8de52a61dbb25abdb5cacf9a4c865f024978a879b,ROUND ROBIN 4,2026,9,5,TOSSUP,MULTIPLE_CHOICE,EARTH_SPACE,"You are hiking on Hawai'i and see a lava flow with a smooth, ropey surface in front of you. Which of the following types of lawa flow is this?","You are hiking on Hawai'i and see a lava flow with a smooth, ropey surface in front of you. Which of the following types of lawa flow is this?",29,"""Y""","[""A'a"", ""Lahar"", ""Pahoehoe"", ""Pillow""]",DASONI_2
8562f0ab5258b159fdde01c8de52a61dbb25abdb5cacf9a4c865f024978a879b,ROUND ROBIN 4,2026,10,5,BONUS,IDENTIFY_ALL,EARTH_SPACE,"Identify all of the following factors which, when increased, would lead to more ductile behavior of rock under stress: 1) Temperature 2) Confining Pressure 3) Duration of Stress","Identify all of the following factors which, when increased, would lead to more ductile behavior of rock under stress: 1) Temperature 2) Confining Pressure 3) Duration of Stress",28,"""ALL""",[],DASONI_2
8562f0ab5258b159fdde01c8de52a61dbb25abdb5cacf9a4c865f024978a879b,ROUND ROBIN 4,2026,11,6,TOSSUP,MULTIPLE_CHOICE,BIOLOGY,"A diploid plant species has 2n = 14. Due to a meiotic error, unreduced gametes are produced and fuse to form an offspring. Which type of polyploidy has occurred, and how many chromosomes does the resulting organism have?","A diploid plant species has 2n = 14. Due to a meiotic error, unreduced gametes are produced and fuse to form an offspring. Which type of polyploidy has occurred, and how many chromosomes does the resulting organism have?",38,"""W""","[""Autopolyploidy, 28"", ""Autopolyploidy, 14"", ""Allopolyploidy, 28"", ""Allopolyploidy, 14""]",DASONI_2
8562f0ab5258b159fdde01c8de52a61dbb25abdb5cacf9a4c865f024978a879b,ROUND ROBIN 4,2026,12,6,BONUS,RANK,BIOLOGY,Arrange the following plants from least to most recently evolved in terms of their basal taxa: 1) Northern red oak 2) Douglas fir 3) Peat moss,Arrange the following plants from least to most recently evolved in terms of their basal taxa: 1) Northern red oak 2) Douglas fir 3) Peat moss,26,"""3, 2, 1""",[],DASONI_2
8562f0ab5258b159fdde01c8de52a61dbb25abdb5cacf9a4c865f024978a879b,ROUND ROBIN 4,2026,13,7,TOSSUP,SHORT_ANSWER,MATH,What theorem in geometry states that the product of the lengths of the two diagonals in a cyclic quadrilateral is equal to the sum of the product of the lengths of the two pairs of nonadjacent edges?,What theorem in geometry states that the product of the lengths of the two diagonals in a cyclic quadrilateral is equal to the sum of the product of the lengths of the two pairs of nonadjacent edges?,37,"""Ptolemy's Theorem""",[],DASONI_2
8562f0ab5258b159fdde01c8de52a61dbb25abdb5cacf9a4c865f024978a879b,ROUND ROBIN 4,2026,14,7,BONUS,MULTIPLE_CHOICE,MATH,"On an IQ test, there are 400 multiple choice questions with 5 options each. If Ethan guesses randomly on every question, what probability distribution will his score follow?","On an IQ test, there are 400 multiple choice questions with 5 options each. If Ethan guesses randomly on every question, what probability distribution will his score follow?",28,"""W""","[""Binomial"", ""Poisson"", ""Geometric"", ""Exponential""]",DASONI_2
8562f0ab5258b159fdde01c8de52a61dbb25abdb5cacf9a4c865f024978a879b,ROUND ROBIN 4,2026,15,8,TOSSUP,IDENTIFY_ALL,PHYSICS,Identify all of the following particles that mediate the weak interaction: 1) W+ boson 2) W- boson 3) Z boson,Identify all of the following particles that mediate the weak interaction: 1) W+ boson 2) W- boson 3) Z boson,20,"""All""",[],DASONI_2
8562f0ab5258b159fdde01c8de52a61dbb25abdb5cacf9a4c865f024978a879b,ROUND ROBIN 4,2026,16,8,BONUS,SHORT_ANSWER,PHYSICS,What famous quantum-mechanical experiment confirmed de Broglie's (de-BROYS) hypothesis of the wave-particle duality of matter by shooting electrons at a crystal of nickel metal?,What famous quantum-mechanical experiment confirmed de Broglie's (de-BROYS) hypothesis of the wave-particle duality of matter by shooting electrons at a crystal of nickel metal?,24,"""Davisson-Germer experiment""",[],DASONI_2
8562f0ab5258b159fdde01c8de52a61dbb25abdb5cacf9a4c865f024978a879b,ROUND ROBIN 4,2026,17,9,TOSSUP,SHORT_ANSWER,CHEMISTRY,What law states that the change in enthalpy of a reaction is equal to the sum of the changes in enthalpy for each step?,What law states that the change in enthalpy of a reaction is equal to the sum of the changes in enthalpy for each step?,24,"""Hess's Law""",[],DASONI_2
8562f0ab5258b159fdde01c8de52a61dbb25abdb5cacf9a4c865f024978a879b,ROUND ROBIN 4,2026,18,9,BONUS,MULTIPLE_CHOICE,CHEMISTRY,"If the temperature of a reaction is held constant, which of the following best describes the relationship between Gibbs free energy, G, and the equilibrium constant, K?","If the temperature of a reaction is held constant, which of the following best describes the relationship between Gibbs free energy, G, and the equilibrium constant, K?",27,"""Y""","[""G is proportional to K"", ""G is proportional to 1 over K"", ""G is proportional to the natural log of K"", ""G is proportional to 1 over the natural log of K""]",DASONI_2
8562f0ab5258b159fdde01c8de52a61dbb25abdb5cacf9a4c865f024978a879b,ROUND ROBIN 4,2026,19,10,TOSSUP,MULTIPLE_CHOICE,EARTH_SPACE,Which of the following is closest to the amplitude of a tsunami in the open ocean?,Which of the following is closest to the amplitude of a tsunami in the open ocean?,16,"""W""","[""0.3 m"", ""3 m"", ""30 m"", ""300 m""]",DASONI_2
8562f0ab5258b159fdde01c8de52a61dbb25abdb5cacf9a4c865f024978a879b,ROUND ROBIN 4,2026,20,10,BONUS,RANK,EARTH_SPACE,A sea has recently been cut off from the ocean and is now rapidly evaporating. Order the following three evaporites from first to last to form: 1) Halite 2) Gypsum 3) Calcite,A sea has recently been cut off from the ocean and is now rapidly evaporating. Order the following three evaporites from first to last to form: 1) Halite 2) Gypsum 3) Calcite,32,"""3, 2, 1 HYDRO""",[],DASONI_2
8562f0ab5258b159fdde01c8de52a61dbb25abdb5cacf9a4c865f024978a879b,ROUND ROBIN 4,2026,21,11,TOSSUP,MULTIPLE_CHOICE,BIOLOGY,"During primary succession, pioneer species would most likely belong to which of the following phyla?","During primary succession, pioneer species would most likely belong to which of the following phyla?",15,"""Z""","[""Pteridophyta"", ""Gnetophyta"", ""Magnoliophyta"", ""Bryophyta""]",DASONI_2
8562f0ab5258b159fdde01c8de52a61dbb25abdb5cacf9a4c865f024978a879b,ROUND ROBIN 4,2026,22,11,BONUS,SHORT_ANSWER,BIOLOGY,Julian is examining an unknown sample of cells. He notices the cells are multinucleated and is told by Ethan that they remove bone tissue during growth and healing. What type of cell is Julian likely working with?,Julian is examining an unknown sample of cells. He notices the cells are multinucleated and is told by Ethan that they remove bone tissue during growth and healing. What type of cell is Julian likely working with?,37,"""Osteoclasts""",[],DASONI_2
8562f0ab5258b159fdde01c8de52a61dbb25abdb5cacf9a4c865f024978a879b,ROUND ROBIN 4,2026,23,12,TOSSUP,SHORT_ANSWER,MATH,"Casey peels oranges at a rate of 6 oranges per second, while Kaison peels oranges at a rate of 7 oranges per second. If they work together, how many seconds will it take for them to peel 78 oranges?","Casey peels oranges at a rate of 6 oranges per second, while Kaison peels oranges at a rate of 7 oranges per second. If they work together, how many seconds will it take for them to peel 78 oranges?",39,"""6""",[],DASONI_2
8562f0ab5258b159fdde01c8de52a61dbb25abdb5cacf9a4c865f024978a879b,ROUND ROBIN 4,2026,24,12,BONUS,MULTIPLE_CHOICE,MATH,What is the determinant of an upper triangular matrix?,What is the determinant of an upper triangular matrix?,9,"""Y""","[""the product of all non-zero entries"", ""the sum of all non-zero entries"", ""the product of all entries on the main diagonal"", ""the sum of all entries on the main diagonal""]",DASONI_2
8562f0ab5258b159fdde01c8de52a61dbb25abdb5cacf9a4c865f024978a879b,ROUND ROBIN 4,2026,25,13,TOSSUP,MULTIPLE_CHOICE,PHYSICS,The heat flux across a material is proportional to what power of the temperature difference between its two faces?,The heat flux across a material is proportional to what power of the temperature difference between its two faces?,19,"""Y""","[""-1"", ""0"", ""1"", ""2""]",DASONI_2
8562f0ab5258b159fdde01c8de52a61dbb25abdb5cacf9a4c865f024978a879b,ROUND ROBIN 4,2026,26,13,BONUS,IDENTIFY_ALL,PHYSICS,Julian is lying on an inclined plane with a coefficient of friction of 0.5. Identify all of the following incline angles for which Julian will begin to slide down: 1) 15 degrees 2) 30 degrees 3) 45 degrees,Julian is lying on an inclined plane with a coefficient of friction of 0.5. Identify all of the following incline angles for which Julian will begin to slide down: 1) 15 degrees 2) 30 degrees 3) 45 degrees,38,"""2 and 3""",[],DASONI_2
8562f0ab5258b159fdde01c8de52a61dbb25abdb5cacf9a4c865f024978a879b,ROUND ROBIN 4,2026,27,14,TOSSUP,RANK,CHEMISTRY,Order the following 3 elements by increasing first ionization energy: 1) Nitrogen 2) Oxygen 3) Fluorine,Order the following 3 elements by increasing first ionization energy: 1) Nitrogen 2) Oxygen 3) Fluorine,16,"""2 1 3""",[],DASONI_2
8562f0ab5258b159fdde01c8de52a61dbb25abdb5cacf9a4c865f024978a879b,ROUND ROBIN 4,2026,28,14,BONUS,SHORT_ANSWER,CHEMISTRY,"To three significant figures and in scientific notation, how many Coulombs of charge are needed to convert 1 mole of copper 2+ ions into copper metal?","To three significant figures and in scientific notation, how many Coulombs of charge are needed to convert 1 mole of copper 2+ ions into copper metal?",26,"""1.93 * $10^{5}$""",[],DASONI_2
8562f0ab5258b159fdde01c8de52a61dbb25abdb5cacf9a4c865f024978a879b,ROUND ROBIN 4,2026,29,15,TOSSUP,MULTIPLE_CHOICE,EARTH_SPACE,At which of the following latitudes could a hurricane NOT typically form at?,At which of the following latitudes could a hurricane NOT typically form at?,13,"""W""","[""0 degrees"", ""10 degrees"", ""20 degrees"", ""40 degrees""]",DASONI_2
8562f0ab5258b159fdde01c8de52a61dbb25abdb5cacf9a4c865f024978a879b,ROUND ROBIN 4,2026,30,15,BONUS,RANK,EARTH_SPACE,Order the following three stages of mid-latitude cyclone development from earliest to latest 1) Stationary Front 2) Frontal Wave 3) Initial Occlusion,Order the following three stages of mid-latitude cyclone development from earliest to latest 1) Stationary Front 2) Frontal Wave 3) Initial Occlusion,22,"""1, 2, 3""",[],DASONI_2
8562f0ab5258b159fdde01c8de52a61dbb25abdb5cacf9a4c865f024978a879b,ROUND ROBIN 4,2026,31,16,TOSSUP,MULTIPLE_CHOICE,BIOLOGY,Which of the following molecules would most likely have a receptor on the cell membrane?,Which of the following molecules would most likely have a receptor on the cell membrane?,15,"""Y""","[""Testosterone"", ""Thyroxine"", ""GABA"", ""Cortisol""]",DASONI_2
8562f0ab5258b159fdde01c8de52a61dbb25abdb5cacf9a4c865f024978a879b,ROUND ROBIN 4,2026,32,16,BONUS,MULTIPLE_CHOICE,BIOLOGY,Julian is interested in mathematically modeling population dynamics. Which of the following would be the value of the second derivative of population size with respect to time following a bottleneck event?,Julian is interested in mathematically modeling population dynamics. Which of the following would be the value of the second derivative of population size with respect to time following a bottleneck event?,31,"""W""","[""Positive"", ""Negative"", ""Zero"", ""Undefined""]",DASONI_2
8562f0ab5258b159fdde01c8de52a61dbb25abdb5cacf9a4c865f024978a879b,ROUND ROBIN 4,2026,33,17,TOSSUP,IDENTIFY_ALL,MATH,Identify all of the following types of numbers that could be transcendental: 1) rational 2) irrational 3) real,Identify all of the following types of numbers that could be transcendental: 1) rational 2) irrational 3) real,18,"""2 and 3""",[],DASONI_2
8562f0ab5258b159fdde01c8de52a61dbb25abdb5cacf9a4c865f024978a879b,ROUND ROBIN 4,2026,34,17,BONUS,SHORT_ANSWER,MATH,"Let OABC be a rectangle such that O is at the origin, A is a point on the positive y-axis, B is on the circle $x^{2}$ +$y^{2}$ = 4, and C is on the positive x-axis. What is the length of AC?","Let OABC be a rectangle such that O is at the origin, A is a point on the positive y-axis, B is on the circle + = 4, and C is on the positive x-axis. What is the length of AC?",41,"""2""",[],DASONI_2
8562f0ab5258b159fdde01c8de52a61dbb25abdb5cacf9a4c865f024978a879b,ROUND ROBIN 4,2026,35,18,TOSSUP,MULTIPLE_CHOICE,PHYSICS,"On a spacetime diagram, what is the shape of the worldline of a particle moving at a constant velocity?","On a spacetime diagram, what is the shape of the worldline of a particle moving at a constant velocity?",19,"""W""","[""Line"", ""Circle"", ""Parabola"", ""Hyperbola""]",DASONI_2
8562f0ab5258b159fdde01c8de52a61dbb25abdb5cacf9a4c865f024978a879b,ROUND ROBIN 4,2026,36,18,BONUS,MULTIPLE_CHOICE,PHYSICS,"Shayan is playing tug-of-war with Javad. Assuming that they never let go of the rope, which of the following forces is primarily responsible for determining who wins?","Shayan is playing tug-of-war with Javad. Assuming that they never let go of the rope, which of the following forces is primarily responsible for determining who wins?",27,"""X""","[""Friction between their hands and the rope"", ""Friction between their feet and the ground"", ""Tension in the rope"", ""Gravity""]",DASONI_2
8562f0ab5258b159fdde01c8de52a61dbb25abdb5cacf9a4c865f024978a879b,ROUND ROBIN 4,2026,37,19,TOSSUP,MULTIPLE_CHOICE,CHEMISTRY,Which of the following best describes the relationship between the pH of the end point and the pH of the equivalence point in the titration of acetic acid with sodium hydroxide?,Which of the following best describes the relationship between the pH of the end point and the pH of the equivalence point in the titration of acetic acid with sodium hydroxide?,31,"""W""","[""The end point will have a higher pH"", ""The end point will have a lower pH"", ""The end point will have the same pH"", ""Not enough information is given to determine the answer""]",DASONI_2
8562f0ab5258b159fdde01c8de52a61dbb25abdb5cacf9a4c865f024978a879b,ROUND ROBIN 4,2026,38,19,BONUS,SHORT_ANSWER,CHEMISTRY,"In the double replacement reaction of potassium dichromate with silver nitrate, what is the sum of all coefficients in the balanced chemical reaction?","In the double replacement reaction of potassium dichromate with silver nitrate, what is the sum of all coefficients in the balanced chemical reaction?",23,"""6""",[],DASONI_2
8562f0ab5258b159fdde01c8de52a61dbb25abdb5cacf9a4c865f024978a879b,ROUND ROBIN 4,2026,39,20,TOSSUP,MULTIPLE_CHOICE,EARTH_SPACE,Which of the following stellar populations would be associated with the highest redshifts?,Which of the following stellar populations would be associated with the highest redshifts?,13,"""Y""","[""Population I"", ""Population II"", ""Population III"", ""Population IV""]",DASONI_2
8562f0ab5258b159fdde01c8de52a61dbb25abdb5cacf9a4c865f024978a879b,ROUND ROBIN 4,2026,40,20,BONUS,MULTIPLE_CHOICE,EARTH_SPACE,Which of the following chemical signatures would you expect to be strongest in chemical analysis of a sunspot?,Which of the following chemical signatures would you expect to be strongest in chemical analysis of a sunspot?,18,"""W""","[""Ionized Calcium"", ""Neutral Calcium"", ""Ionized Hydrogen"", ""Neutral Hydrogen""]",DASONI_2
2b71647c4556d0a5c966b64bc146a3663d49cb7f7f2d46cc6f47169887a6d99b,ROUND ROBIN 5,2026,1,1,TOSSUP,SHORT_ANSWER,EARTH_SPACE,What is the term for the maximum luminosity of a star in hydrostatic equilibrium?,What is the term for the maximum luminosity of a star in hydrostatic equilibrium?,14,"""EDDINGTON LUMINOSITY (ACCEPT: EDDINGTON LIMIT)""",[],DASONI_2
2b71647c4556d0a5c966b64bc146a3663d49cb7f7f2d46cc6f47169887a6d99b,ROUND ROBIN 5,2026,2,1,BONUS,RANK,EARTH_SPACE,Order the following 3 distance measuring techniques by decreasing maximum distance at which they function: 1) Parallax 2) Hubble's Law 3) Type 1a Supernova,Order the following 3 distance measuring techniques by decreasing maximum distance at which they function: 1) Parallax 2) Hubble's Law 3) Type 1a Supernova,24,"""2, 3, 1""",[],DASONI_2
2b71647c4556d0a5c966b64bc146a3663d49cb7f7f2d46cc6f47169887a6d99b,ROUND ROBIN 5,2026,3,2,TOSSUP,MULTIPLE_CHOICE,PHYSICS,Which of the following types of scattering occurs when light bounces off of particles much smaller than the wavelength of the radiation and has a cross section proportional to the inverse fourth power of wavelength?,Which of the following types of scattering occurs when light bounces off of particles much smaller than the wavelength of the radiation and has a cross section proportional to the inverse fourth power of wavelength?,35,"""Z""","[""Compton"", ""Thomson"", ""Raman"", ""Rayleigh (RAY-lee)""]",DASONI_2
2b71647c4556d0a5c966b64bc146a3663d49cb7f7f2d46cc6f47169887a6d99b,ROUND ROBIN 5,2026,4,2,BONUS,SHORT_ANSWER,PHYSICS,"A heat engine has an efficiency of 0.3. If it expels 980 Joules into a cold reservoir, how many Joules of work does it perform?","A heat engine has an efficiency of 0.3. If it expels 980 Joules into a cold reservoir, how many Joules of work does it perform?",25,"""420""",[],DASONI_2
2b71647c4556d0a5c966b64bc146a3663d49cb7f7f2d46cc6f47169887a6d99b,ROUND ROBIN 5,2026,5,3,TOSSUP,SHORT_ANSWER,MATH,Julian starts on an arbitrary vertex of a cube with side length 6. What is the minimum distance Julian must travel if he wants to reach the diagonally opposite vertex and can only traverse the surface of the cube?,Julian starts on an arbitrary vertex of a cube with side length 6. What is the minimum distance Julian must travel if he wants to reach the diagonally opposite vertex and can only traverse the surface of the cube?,39,"""6sqrt(5)""",[],DASONI_2
2b71647c4556d0a5c966b64bc146a3663d49cb7f7f2d46cc6f47169887a6d99b,ROUND ROBIN 5,2026,6,3,BONUS,SHORT_ANSWER,MATH,What is the sum of the alternating infinite series 1-1/2+1/3-1/4+1/5-1/6+...?,What is the sum of the alternating infinite series 1-1/2+1/3-1/4+1/5-1/6+...?,10,"""ln(2)""",[],DASONI_2
2b71647c4556d0a5c966b64bc146a3663d49cb7f7f2d46cc6f47169887a6d99b,ROUND ROBIN 5,2026,7,4,TOSSUP,SHORT_ANSWER,CHEMISTRY,"Lucas painstakingly spent $10^{15}$ years counting molecules in gas samples, and realized that if any two gases are at the same temperature and pressure, their molar volumes are identical. What law did he rediscover?","Lucas painstakingly spent years counting molecules in gas samples, and realized that if any two gases are at the same temperature and pressure, their molar volumes are identical. What law did he rediscover?",33,"""Avogadro's law""",[],DASONI_2
2b71647c4556d0a5c966b64bc146a3663d49cb7f7f2d46cc6f47169887a6d99b,ROUND ROBIN 5,2026,8,4,BONUS,RANK,CHEMISTRY,Order the following 3 substances in order of increasing boiling point: 1) diatomic oxygen 2) diatomic hydrogen 3. formaldehyde,Order the following 3 substances in order of increasing boiling point: 1) diatomic oxygen 2) diatomic hydrogen 3. formaldehyde,19,"""2 1 3""",[],DASONI_2
2b71647c4556d0a5c966b64bc146a3663d49cb7f7f2d46cc6f47169887a6d99b,ROUND ROBIN 5,2026,9,5,TOSSUP,RANK,BIOLOGY,Order the following three biomes in terms of increasing species richness: 1) Savanna 2) Taiga 3) Chaparral,Order the following three biomes in terms of increasing species richness: 1) Savanna 2) Taiga 3) Chaparral,17,"""2, 3, 1""",[],DASONI_2
2b71647c4556d0a5c966b64bc146a3663d49cb7f7f2d46cc6f47169887a6d99b,ROUND ROBIN 5,2026,10,5,BONUS,SHORT_ANSWER,BIOLOGY,"Tardigrades, known for their high resistance to stress, can enter a state of dormancy when their habitats dry up. What is this adaptation called?","Tardigrades, known for their high resistance to stress, can enter a state of dormancy when their habitats dry up. What is this adaptation called?",24,"""Anhydrobiosis""",[],DASONI_2
2b71647c4556d0a5c966b64bc146a3663d49cb7f7f2d46cc6f47169887a6d99b,ROUND ROBIN 5,2026,11,6,TOSSUP,MULTIPLE_CHOICE,EARTH_SPACE,Which of the following glacial features would be the most well-sorted?,Which of the following glacial features would be the most well-sorted?,11,"""X""","[""Drumlin"", ""Kame"", ""Lateral moraine"", ""End moraine""]",DASONI_2
2b71647c4556d0a5c966b64bc146a3663d49cb7f7f2d46cc6f47169887a6d99b,ROUND ROBIN 5,2026,12,6,BONUS,SHORT_ANSWER,EARTH_SPACE,"When two water masses mix, they often form a new water mass that is denser than either of the initial water masses. What is the term for this process?","When two water masses mix, they often form a new water mass that is denser than either of the initial water masses. What is the term for this process?",29,"""CABBELING""",[],DASONI_2
2b71647c4556d0a5c966b64bc146a3663d49cb7f7f2d46cc6f47169887a6d99b,ROUND ROBIN 5,2026,13,7,TOSSUP,SHORT_ANSWER,PHYSICS,"A 12-volt battery is connected to a 2 Ohm resistor and an initially uncharged 0.5 Farad capacitor in series. After a very long time, what is the power dissipated through the resistor in Watts?","A 12-volt battery is connected to a 2 Ohm resistor and an initially uncharged 0.5 Farad capacitor in series. After a very long time, what is the power dissipated through the resistor in Watts?",34,"""0 E&M]""",[],DASONI_2
2b71647c4556d0a5c966b64bc146a3663d49cb7f7f2d46cc6f47169887a6d99b,ROUND ROBIN 5,2026,14,7,BONUS,MULTIPLE_CHOICE,PHYSICS,"A pendulum is placed on an elevator, which accelerates from rest to a constant upward velocity. Which of the following best describes what happens to the period of oscillations of the pendulum?","A pendulum is placed on an elevator, which accelerates from rest to a constant upward velocity. Which of the following best describes what happens to the period of oscillations of the pendulum?",32,"""Z""","[""It increases"", ""It decreases"", ""It increases, then decreases"", ""It decreases, then increases""]",DASONI_2
2b71647c4556d0a5c966b64bc146a3663d49cb7f7f2d46cc6f47169887a6d99b,ROUND ROBIN 5,2026,15,8,TOSSUP,MULTIPLE_CHOICE,MATH,Which of the following could be a cyclic quadrilateral?,Which of the following could be a cyclic quadrilateral?,9,"""Y""","[""A parallelogram that isn't a rectangle"", ""A nonisoceles trapezoid"", ""A kite that isn't a rhombus"", ""A rhombus that isn't a square""]",DASONI_2
2b71647c4556d0a5c966b64bc146a3663d49cb7f7f2d46cc6f47169887a6d99b,ROUND ROBIN 5,2026,16,8,BONUS,MULTIPLE_CHOICE,MATH,Which of the following is not a method used to solve differential equations?,Which of the following is not a method used to solve differential equations?,13,"""Z""","[""Separation of variables"", ""Laplace transform"", ""Variation of parameters"", ""Simpson's rule""]",DASONI_2
2b71647c4556d0a5c966b64bc146a3663d49cb7f7f2d46cc6f47169887a6d99b,ROUND ROBIN 5,2026,17,9,TOSSUP,SHORT_ANSWER,CHEMISTRY,"Standard reduction potentials are all measured with respect to what electrode, which consists of platinum in contact with hydrogen ions and bathed in a hydrogen gas at 1 atmosphere?","Standard reduction potentials are all measured with respect to what electrode, which consists of platinum in contact with hydrogen ions and bathed in a hydrogen gas at 1 atmosphere?",29,"""Standard hydrogen electrode""",[],DASONI_2
2b71647c4556d0a5c966b64bc146a3663d49cb7f7f2d46cc6f47169887a6d99b,ROUND ROBIN 5,2026,18,9,BONUS,MULTIPLE_CHOICE,CHEMISTRY,Which of the following compounds is the most acidic?,Which of the following compounds is the most acidic?,9,"""Y""","[""CaO"", ""K2O"", ""ClO2"", ""Al2O3""]",DASONI_2
2b71647c4556d0a5c966b64bc146a3663d49cb7f7f2d46cc6f47169887a6d99b,ROUND ROBIN 5,2026,19,10,TOSSUP,MULTIPLE_CHOICE,BIOLOGY,Filip is investigating the oxygen dissociation curves for hemoglobin and myoglobin. Which of the following statements would not be true?,Filip is investigating the oxygen dissociation curves for hemoglobin and myoglobin. Which of the following statements would not be true?,20,"""Y""","[""Myoglobin has a higher affinity for oxygen than hemoglobin"", ""Myoglobin's dissociation curve is a rectangular hyperbola, while hemoglobin's is sigmoidal"", ""Both myoglobin and hemoglobin exhibit cooperativity"", ""Myoglobin is a monomer, while hemoglobin is a tetramer""]",DASONI_2
2b71647c4556d0a5c966b64bc146a3663d49cb7f7f2d46cc6f47169887a6d99b,ROUND ROBIN 5,2026,20,10,BONUS,SHORT_ANSWER,BIOLOGY,"Yajur is growing a bean plant. In the plant's root nodules, what molecule is responsible for binding oxygen and regulating its concentration to protect nitrogen-fixing enzymes?","Yajur is growing a bean plant. In the plant's root nodules, what molecule is responsible for binding oxygen and regulating its concentration to protect nitrogen-fixing enzymes?",26,"""Leghemoglobin""",[],DASONI_2
2b71647c4556d0a5c966b64bc146a3663d49cb7f7f2d46cc6f47169887a6d99b,ROUND ROBIN 5,2026,21,11,TOSSUP,MULTIPLE_CHOICE,EARTH_SPACE,The breakup of which of the following supercontinents roughly 700 million years ago formed Gondwana and the Panthalassic Ocean?,The breakup of which of the following supercontinents roughly 700 million years ago formed Gondwana and the Panthalassic Ocean?,19,"""Y""","[""Columbia"", ""Nuna"", ""Rodinia"", ""Pangaea""]",DASONI_2
2b71647c4556d0a5c966b64bc146a3663d49cb7f7f2d46cc6f47169887a6d99b,ROUND ROBIN 5,2026,22,11,BONUS,IDENTIFY_ALL,EARTH_SPACE,Identify all of the following three changes that would likely occur to a mafic melt as a result of crustal assimilation: 1) Increase in magma temperature 2) Increased crystal settling 3) Increased polymerization,Identify all of the following three changes that would likely occur to a mafic melt as a result of crustal assimilation: 1) Increase in magma temperature 2) Increased crystal settling 3) Increased polymerization,33,"""2 AND 3""",[],DASONI_2
2b71647c4556d0a5c966b64bc146a3663d49cb7f7f2d46cc6f47169887a6d99b,ROUND ROBIN 5,2026,23,12,TOSSUP,MULTIPLE_CHOICE,PHYSICS,For which of the following wavelengths of light will glass have the highest index of refraction?,For which of the following wavelengths of light will glass have the highest index of refraction?,16,"""W""","[""300 nanometers"", ""400 nanometers"", ""500 nanometers"", ""600 nanometers""]",DASONI_2
2b71647c4556d0a5c966b64bc146a3663d49cb7f7f2d46cc6f47169887a6d99b,ROUND ROBIN 5,2026,24,12,BONUS,SHORT_ANSWER,PHYSICS,"Filip is on a relativistic train when he sees lightning strike both ends of his train at the same time. From the perspective of Shayan, who is on the ground, which end of the train is struck first by lightning?","Filip is on a relativistic train when he sees lightning strike both ends of his train at the same time. From the perspective of Shayan, who is on the ground, which end of the train is struck first by lightning?",40,"""The back""",[],DASONI_2
2b71647c4556d0a5c966b64bc146a3663d49cb7f7f2d46cc6f47169887a6d99b,ROUND ROBIN 5,2026,25,13,TOSSUP,SHORT_ANSWER,MATH,What group consists of just one element A such that A times A equals A?,What group consists of just one element A such that A times A equals A?,15,"""trivial group""",[],DASONI_2
2b71647c4556d0a5c966b64bc146a3663d49cb7f7f2d46cc6f47169887a6d99b,ROUND ROBIN 5,2026,26,13,BONUS,SHORT_ANSWER,MATH,"A right triangle has integer side lengths. If one side of the triangle has length 15, what is the largest possible value of another side of the triangle?","A right triangle has integer side lengths. If one side of the triangle has length 15, what is the largest possible value of another side of the triangle?",28,"""113""",[],DASONI_2
2b71647c4556d0a5c966b64bc146a3663d49cb7f7f2d46cc6f47169887a6d99b,ROUND ROBIN 5,2026,27,14,TOSSUP,SHORT_ANSWER,CHEMISTRY,What constant in the Arrhenius equation represents the frequency of properly oriented collisions?,What constant in the Arrhenius equation represents the frequency of properly oriented collisions?,13,"""Pre-exponential factor (Accept: frequency factor)""",[],DASONI_2
2b71647c4556d0a5c966b64bc146a3663d49cb7f7f2d46cc6f47169887a6d99b,ROUND ROBIN 5,2026,28,14,BONUS,IDENTIFY_ALL,CHEMISTRY,Identify all of the following atomic orbitals that can form pi bonds. 1) s 2) p 3) d,Identify all of the following atomic orbitals that can form pi bonds. 1) s 2) p 3) d,18,"""All""",[],DASONI_2
2b71647c4556d0a5c966b64bc146a3663d49cb7f7f2d46cc6f47169887a6d99b,ROUND ROBIN 5,2026,29,15,TOSSUP,SHORT_ANSWER,BIOLOGY,Arrange the following three stages in embryonic development from first to last: 1) Blastula 2) Morula 3) Gastrula,Arrange the following three stages in embryonic development from first to last: 1) Blastula 2) Morula 3) Gastrula,18,"""2, 1, 3""",[],DASONI_2
2b71647c4556d0a5c966b64bc146a3663d49cb7f7f2d46cc6f47169887a6d99b,ROUND ROBIN 5,2026,30,15,BONUS,RANK,BIOLOGY,"For oxygenated blood coming from the pulmonary vein, order the following heart valves it will encounter from first to last: 1) Tricuspid valve 2) Aortic valve 3) Bicuspid valve","For oxygenated blood coming from the pulmonary vein, order the following heart valves it will encounter from first to last: 1) Tricuspid valve 2) Aortic valve 3) Bicuspid valve",29,"""3, 2, 1""",[],DASONI_2
2b71647c4556d0a5c966b64bc146a3663d49cb7f7f2d46cc6f47169887a6d99b,ROUND ROBIN 5,2026,31,16,TOSSUP,SHORT_ANSWER,EARTH_SPACE,"Which equation in astrophysics, derived from the conservation of mechanical energy, is used to find the velocity of a planet in an elliptical orbit around its host star?","Which equation in astrophysics, derived from the conservation of mechanical energy, is used to find the velocity of a planet in an elliptical orbit around its host star?",28,"""VIS-VIVA EQUATION""",[],DASONI_2
2b71647c4556d0a5c966b64bc146a3663d49cb7f7f2d46cc6f47169887a6d99b,ROUND ROBIN 5,2026,32,16,BONUS,SHORT_ANSWER,EARTH_SPACE,"If the apparent magnitude of a star increased from 5 to 10, and the absolute magnitude remains constant, by what factor will the parallax angle of the star change?","If the apparent magnitude of a star increased from 5 to 10, and the absolute magnitude remains constant, by what factor will the parallax angle of the star change?",29,"""0.1""",[],DASONI_2
2b71647c4556d0a5c966b64bc146a3663d49cb7f7f2d46cc6f47169887a6d99b,ROUND ROBIN 5,2026,33,17,TOSSUP,SHORT_ANSWER,PHYSICS,"Ethan is playing with a soccer ball. If the ball is a hollow sphere with uniform density, what is the ratio between the moment of inertia about its center and the moment of inertia about an axis tangent to its surface?","Ethan is playing with a soccer ball. If the ball is a hollow sphere with uniform density, what is the ratio between the moment of inertia about its center and the moment of inertia about an axis tangent to its surface?",41,"""2/5""",[],DASONI_2
2b71647c4556d0a5c966b64bc146a3663d49cb7f7f2d46cc6f47169887a6d99b,ROUND ROBIN 5,2026,34,17,BONUS,SHORT_ANSWER,PHYSICS,"Shayan makes a converging lens out of glass with an index of refraction of 4/3. If the radius curvature of one face is 6 cm, while the radius curvature of the other face is 7 cm, to one significant figure and in centimeters, what is the focal length of the lens?","Shayan makes a converging lens out of glass with an index of refraction of 4/3. If the radius curvature of one face is 6 cm, while the radius curvature of the other face is 7 cm, to one significant figure and in centimeters, what is the focal length of the lens?",51,"""1""",[],DASONI_2
2b71647c4556d0a5c966b64bc146a3663d49cb7f7f2d46cc6f47169887a6d99b,ROUND ROBIN 5,2026,35,18,TOSSUP,SHORT_ANSWER,MATH,"Lucas has an infinite collection of garden gnomes, labeled 1, 2, 3, and so on. For a garden gnome labeled n, its height in meters is given by 1/$n^{2.}$ If Lucas stacks all his gnomes on top of each other, in meters, what will be the total height of the gnome stack?","Lucas has an infinite collection of garden gnomes, labeled 1, 2, 3, and so on. For a garden gnome labeled n, its height in meters is given by 1/ If Lucas stacks all his gnomes on top of each other, in meters, what will be the total height of the gnome stack?",52,"""$(\u03c0^{2})$/6""",[],DASONI_2
2b71647c4556d0a5c966b64bc146a3663d49cb7f7f2d46cc6f47169887a6d99b,ROUND ROBIN 5,2026,36,18,BONUS,SHORT_ANSWER,MATH,"Lucas realizes that he has too many gnomes! He keeps gnomes that are labeled with numbers divisible by 2 or 3, and gets rid of all the others. If Lucas stacks his remaining gnomes on top of each other, in meters, what is the new total height of the gnome stack?","Lucas realizes that he has too many gnomes! He keeps gnomes that are labeled with numbers divisible by 2 or 3, and gets rid of all the others. If Lucas stacks his remaining gnomes on top of each other, in meters, what is the new total height of the gnome stack?",51,"""$(\u03c0^{2})$/18""",[],DASONI_2
2b71647c4556d0a5c966b64bc146a3663d49cb7f7f2d46cc6f47169887a6d99b,ROUND ROBIN 5,2026,37,19,TOSSUP,MULTIPLE_CHOICE,CHEMISTRY,Which of the following gases would have the least deviation from the ideal gas law?,Which of the following gases would have the least deviation from the ideal gas law?,15,"""Y""","[""Hydrogen chloride"", ""Water vapor"", ""Argon"", ""Dichloromethane""]",DASONI_2
2b71647c4556d0a5c966b64bc146a3663d49cb7f7f2d46cc6f47169887a6d99b,ROUND ROBIN 5,2026,38,19,BONUS,RANK,CHEMISTRY,Order the following three molecular orbitals in diatomic nitrogen in increasing energy: 1) sigma 2s 2) sigma 2p 3) sigma 2p star,Order the following three molecular orbitals in diatomic nitrogen in increasing energy: 1) sigma 2s 2) sigma 2p 3) sigma 2p star,22,"""2 1 3""",[],DASONI_2
2b71647c4556d0a5c966b64bc146a3663d49cb7f7f2d46cc6f47169887a6d99b,ROUND ROBIN 5,2026,39,20,TOSSUP,IDENTIFY_ALL,BIOLOGY,"Lucas is playing Stardew Valley, and on day 22, his farm is affected by heavy rains! Identify all of the following ions that would be leached from the soil by the rain: 1) Nitrate 2) Magnesium ion 3) Carbonate","Lucas is playing Stardew Valley, and on day 22, his farm is affected by heavy rains! Identify all of the following ions that would be leached from the soil by the rain: 1) Nitrate 2) Magnesium ion 3) Carbonate",39,"""1 and 3""",[],DASONI_2
2b71647c4556d0a5c966b64bc146a3663d49cb7f7f2d46cc6f47169887a6d99b,ROUND ROBIN 5,2026,40,20,BONUS,MULTIPLE_CHOICE,BIOLOGY,"In the first step of glycolysis, hexokinase adds a phosphate group to glucose to make glucose-6-phosphate. Which of the following is most likely the purpose of this step?","In the first step of glycolysis, hexokinase adds a phosphate group to glucose to make glucose-6-phosphate. Which of the following is most likely the purpose of this step?",28,"""Z""","[""It increases the solubility of glucose"", ""It irreversibly commits glucose into glycolysis"", ""It allows glucose to pass through the mitochondrial membrane"", ""It traps glucose in the cell""]",DASONI_2
