packet_checksum,packet_name,packet_year,question_id,pair_id,question_type,question_style,category,question_text,question_text_stripped,word_count,correct_answer,options_json,source
081aa6cc45a6d686044cf6ebf631152236ebc8e7d201485c9deb4b181d8e86ce,DOUBLE ELIMINATION 1,2026,1,1,TOSSUP,MULTIPLE_CHOICE,CHEMISTRY,Materials that exhibit different physical properties on different crystal planes are described as having what property?,Materials that exhibit different physical properties on different crystal planes are described as having what property?,16,"""Z""","[""Piezoelectricity \\textbf{[pee-AY-zoh-electricity]}"", ""Polymorphosity \\textbf{[paw-lee-mor-FAW-sih-tee]}"", ""Heterogeneity \\textbf{[het-ur-oh-juh-NAY-uh-tee]}"", ""Anisotropy \\textbf{[an-EYE-soh-troh-pee]}""]",SSB_2026
081aa6cc45a6d686044cf6ebf631152236ebc8e7d201485c9deb4b181d8e86ce,DOUBLE ELIMINATION 1,2026,2,1,BONUS,MULTIPLE_CHOICE,CHEMISTRY,"Although the carbon-carbon bond in ethane rotates freely at room temperature, the bond in ethylene \textbf{[ETH-ul-een]} does not. Which of the following best explains this phenomenon?","Although the carbon-carbon bond in ethane rotates freely at room temperature, the bond in ethylene does not. Which of the following best explains this phenomenon?",25,"""Z""","[""Hydrogen atoms on adjacent carbon atoms repel each other"", ""The two regions of the carbon-carbon pi bond repel each other"", ""Rotation of the carbon-carbon sigma bond forms an energy barrier"", ""Rotation of the carbon-carbon pi bond forms an energy barrier""]",SSB_2026
081aa6cc45a6d686044cf6ebf631152236ebc8e7d201485c9deb4b181d8e86ce,DOUBLE ELIMINATION 1,2026,3,2,TOSSUP,SHORT_ANSWER,PHYSICS,"Simple permanent magnets cannot be used to lift maglev trains. Instead, either the strength of the magnets must be constantly altered or the train must be in motion in order to induce repulsive currents. This is an application of which physical law?","Simple permanent magnets cannot be used to lift maglev trains. Instead, either the strength of the magnets must be constantly altered or the train must be in motion in order to induce repulsive currents. This is an application of which physical law?",42,"""Faraday\u2019s law of induction (ACCEPT: Faraday; DO NOT ACCEPT: Faraday effect)""",[],SSB_2026
081aa6cc45a6d686044cf6ebf631152236ebc8e7d201485c9deb4b181d8e86ce,DOUBLE ELIMINATION 1,2026,4,2,BONUS,SHORT_ANSWER,PHYSICS,What is the moment of inertia of a solid cylinder with mass $M$ and radius $R$ about an axis parallel to its central axis but located along its surface?,What is the moment of inertia of a solid cylinder with mass and radius about an axis parallel to its central axis but located along its surface?,27,"""$\\frac{3}{2} M R^2$""",[],SSB_2026
081aa6cc45a6d686044cf6ebf631152236ebc8e7d201485c9deb4b181d8e86ce,DOUBLE ELIMINATION 1,2026,5,3,TOSSUP,SHORT_ANSWER,BIOLOGY,"Opsin \textbf{[OPP-sin]} is activated when what molecule, derived from vitamin A, undergoes a light-induced cis–trans isomerization?","Opsin is activated when what molecule, derived from vitamin A, undergoes a light-induced cis–trans isomerization?",15,"""Retinal \\textbf{[REH-tin-al]} (DO NOT ACCEPT: Retinol \\textbf{[REH-tin-ol]})""",[],SSB_2026
081aa6cc45a6d686044cf6ebf631152236ebc8e7d201485c9deb4b181d8e86ce,DOUBLE ELIMINATION 1,2026,6,3,BONUS,MULTIPLE_CHOICE,BIOLOGY,Gene A and Gene B have a recombination frequency of 50%. Which of the following must be true?,Gene A and Gene B have a recombination frequency of 50%. Which of the following must be true?,18,"""Z""","[""The genes have to be on the same chromosome"", ""The genes have to be on separate chromosome"", ""Crossing over must occur between the genes during meiosis"", ""A dihybrid testcross yields roughly equal frequencies of parental and recombinant genotypes""]",SSB_2026
081aa6cc45a6d686044cf6ebf631152236ebc8e7d201485c9deb4b181d8e86ce,DOUBLE ELIMINATION 1,2026,7,4,TOSSUP,MULTIPLE_CHOICE,ENERGY,Researchers at Stanford’s Barnes Lab are engineering broadly neutralizing antibodies against HIV. Which of the following refers to the specific part of an antigen that an antibody binds to?,Researchers at Stanford’s Barnes Lab are engineering broadly neutralizing antibodies against HIV. Which of the following refers to the specific part of an antigen that an antibody binds to?,29,"""X""","[""Paratope \\textbf{[PAIR-uh-tope]}"", ""Epitope \\textbf{[EP-uh-tope]}"", ""Variable region"", ""Allotype""]",SSB_2026
081aa6cc45a6d686044cf6ebf631152236ebc8e7d201485c9deb4b181d8e86ce,DOUBLE ELIMINATION 1,2026,8,4,BONUS,MULTIPLE_CHOICE,ENERGY,Scientists at Stanford Irwin’s Lab are using a so-called dark matter radio intended to resonate at frequencies produced by magnetic field oscillations created by dark matter. Which of the following circuit types is this dark matter radio most analogous to?,Scientists at Stanford Irwin’s Lab are using a so-called dark matter radio intended to resonate at frequencies produced by magnetic field oscillations created by dark matter. Which of the following circuit types is this dark matter radio most analogous to?,40,"""Y""","[""RC"", ""RL"", ""LC"", ""RLC""]",SSB_2026
081aa6cc45a6d686044cf6ebf631152236ebc8e7d201485c9deb4b181d8e86ce,DOUBLE ELIMINATION 1,2026,9,5,TOSSUP,SHORT_ANSWER,MATH,"If 3x − 4y = 5, what is the value of $\frac{2^{3x}}{2^{4y}}$ \textbf{[2 to the power of 3x over 2 to the power of 4y]}?","If 3x − 4y = 5, what is the value of ?",12,"""32""",[],SSB_2026
081aa6cc45a6d686044cf6ebf631152236ebc8e7d201485c9deb4b181d8e86ce,DOUBLE ELIMINATION 1,2026,10,5,BONUS,SHORT_ANSWER,MATH,What is the greatest integer less than 100 that leaves a remainder of 2 when divided by 3 and a remainder of 7 when divided by 8?,What is the greatest integer less than 100 that leaves a remainder of 2 when divided by 3 and a remainder of 7 when divided by 8?,27,"""95""",[],SSB_2026
081aa6cc45a6d686044cf6ebf631152236ebc8e7d201485c9deb4b181d8e86ce,DOUBLE ELIMINATION 1,2026,11,6,TOSSUP,MULTIPLE_CHOICE,EARTH_SPACE,Which of the following oceanic basins contains the oldest oceanic crust?,Which of the following oceanic basins contains the oldest oceanic crust?,11,"""X""","[""Pacific Ocean"", ""Mediterranean Sea"", ""Red Sea"", ""Atlantic Ocean""]",SSB_2026
081aa6cc45a6d686044cf6ebf631152236ebc8e7d201485c9deb4b181d8e86ce,DOUBLE ELIMINATION 1,2026,12,6,BONUS,SHORT_ANSWER,EARTH_SPACE,"Scientists are studying star 187J3X, which has ten times the radius and half the temperature of our sun. In solar luminosities, what is the luminosity of star 187J3X?","Scientists are studying star 187J3X, which has ten times the radius and half the temperature of our sun. In solar luminosities, what is the luminosity of star 187J3X?",28,"""6.25 (accept 25/4)""",[],SSB_2026
081aa6cc45a6d686044cf6ebf631152236ebc8e7d201485c9deb4b181d8e86ce,DOUBLE ELIMINATION 1,2026,13,7,TOSSUP,SHORT_ANSWER,PHYSICS,"The process by which a photon can hit an excited electron causing it to drop to a lower energy state is known as what type of emission, critical to the operation of lasers?","The process by which a photon can hit an excited electron causing it to drop to a lower energy state is known as what type of emission, critical to the operation of lasers?",33,"""Stimulated""",[],SSB_2026
081aa6cc45a6d686044cf6ebf631152236ebc8e7d201485c9deb4b181d8e86ce,DOUBLE ELIMINATION 1,2026,14,7,BONUS,SHORT_ANSWER,PHYSICS,Identify all of the following properties that are true of bosons: 1) They have half-integer spins; 2) Multiple bosons may occupy the same quantum state; 3) They can act as force carriers.,Identify all of the following properties that are true of bosons: 1) They have half-integer spins; 2) Multiple bosons may occupy the same quantum state; 3) They can act as force carriers.,32,"""2 and 3""",[],SSB_2026
081aa6cc45a6d686044cf6ebf631152236ebc8e7d201485c9deb4b181d8e86ce,DOUBLE ELIMINATION 1,2026,15,8,TOSSUP,MULTIPLE_CHOICE,ENERGY,Scientists in UCLA’s Biomaterials Lab are studying the role abscisic acid plays in the regulation of plant stress responses. Which of the following effects is primarily associated with abscisic acid in plants?,Scientists in UCLA’s Biomaterials Lab are studying the role abscisic acid plays in the regulation of plant stress responses. Which of the following effects is primarily associated with abscisic acid in plants?,32,"""X""","[""Promotion of cell elongation during primary growth"", ""Stimulation of seed dormancy"", ""Acceleration of fruit ripening"", ""Induction of lateral bud growth""]",SSB_2026
081aa6cc45a6d686044cf6ebf631152236ebc8e7d201485c9deb4b181d8e86ce,DOUBLE ELIMINATION 1,2026,16,8,BONUS,SHORT_ANSWER,ENERGY,Scientists at UCLA are studying how hydrocarbons like decane can be harnessed for alternative energy sources. Identify all of the following 3 statements that are true of decane: 1) It contains pi bonds; 2) Its molecular formula is C$_{10}$H$_{24}$ 3) It is more saturated than decyne.,Scientists at UCLA are studying how hydrocarbons like decane can be harnessed for alternative energy sources. Identify all of the following 3 statements that are true of decane: 1) It contains pi bonds; 2) Its molecular formula is CH 3) It is more saturated than decyne.,46,"""3 only""",[],SSB_2026
081aa6cc45a6d686044cf6ebf631152236ebc8e7d201485c9deb4b181d8e86ce,DOUBLE ELIMINATION 1,2026,17,9,TOSSUP,SHORT_ANSWER,CHEMISTRY,"Although the mineral aragonite \textbf{[uh-RAG-uh-nite]} is higher in potential energy than calcium carbonate’s other crystal form, calcite, aragonite does not spontaneously convert to calcite due to a high activation energy. What is the term for this type of energy state?","Although the mineral aragonite is higher in potential energy than calcium carbonate’s other crystal form, calcite, aragonite does not spontaneously convert to calcite due to a high activation energy. What is the term for this type of energy state?",39,"""Metastable""",[],SSB_2026
081aa6cc45a6d686044cf6ebf631152236ebc8e7d201485c9deb4b181d8e86ce,DOUBLE ELIMINATION 1,2026,18,9,BONUS,SHORT_ANSWER,CHEMISTRY,"During the production of aluminum, carbon reacts with aluminum oxide to form aluminum metal and carbon oxides. Identify all of the following three statements about this reaction that are true: 1) Aluminum atoms are oxidized; 2) Carbon atoms are reduced; 3) Electrons are included in the net ionic equation.","During the production of aluminum, carbon reacts with aluminum oxide to form aluminum metal and carbon oxides. Identify all of the following three statements about this reaction that are true: 1) Aluminum atoms are oxidized; 2) Carbon atoms are reduced; 3) Electrons are included in the net ionic equation.",49,"""None""",[],SSB_2026
081aa6cc45a6d686044cf6ebf631152236ebc8e7d201485c9deb4b181d8e86ce,DOUBLE ELIMINATION 1,2026,19,10,TOSSUP,SHORT_ANSWER,MATH,Consider the matrix with first row two comma negative six and second row three comma k. What value of k will make this matrix not invertible?,Consider the matrix with first row two comma negative six and second row three comma k. What value of k will make this matrix not invertible?,26,"""\u22129""",[],SSB_2026
081aa6cc45a6d686044cf6ebf631152236ebc8e7d201485c9deb4b181d8e86ce,DOUBLE ELIMINATION 1,2026,20,10,BONUS,SHORT_ANSWER,MATH,What is the value of the cube root of the fraction with numerator $33^3 + 44^3 + 55^3$ and denominator $11^3$?,What is the value of the cube root of the fraction with numerator and denominator ?,16,"""6""",[],SSB_2026
081aa6cc45a6d686044cf6ebf631152236ebc8e7d201485c9deb4b181d8e86ce,DOUBLE ELIMINATION 1,2026,21,11,TOSSUP,SHORT_ANSWER,BIOLOGY,What network of intermediate filaments reinforces the shape of the inner nuclear membrane?,What network of intermediate filaments reinforces the shape of the inner nuclear membrane?,13,"""Nuclear lamina""",[],SSB_2026
081aa6cc45a6d686044cf6ebf631152236ebc8e7d201485c9deb4b181d8e86ce,DOUBLE ELIMINATION 1,2026,22,11,BONUS,MULTIPLE_CHOICE,BIOLOGY,Which of the following molecules is not derived from cholesterol?,Which of the following molecules is not derived from cholesterol?,10,"""X""","[""Vitamin D"", ""Prostaglandin \\textbf{[proh-stuh-GLAN-din]} A2"", ""Aldosterone \\textbf{[al-DOH-stur-ohn]}"", ""Cortisol""]",SSB_2026
081aa6cc45a6d686044cf6ebf631152236ebc8e7d201485c9deb4b181d8e86ce,DOUBLE ELIMINATION 1,2026,23,12,TOSSUP,MULTIPLE_CHOICE,EARTH_SPACE,Which of the following statements is NOT true regarding cinder cone volcanoes?,Which of the following statements is NOT true regarding cinder cone volcanoes?,12,"""Z""","[""They are usually monogenetic"", ""They often appear as parasitic cones on the flanks of other volcanoes"", ""They have steep slopes composed of loose pyroclastic fragments"", ""Their eruptions generally have low volatile content""]",SSB_2026
081aa6cc45a6d686044cf6ebf631152236ebc8e7d201485c9deb4b181d8e86ce,DOUBLE ELIMINATION 1,2026,24,12,BONUS,SHORT_ANSWER,EARTH_SPACE,Order the following terrestrial solar system bodies in order of increasing mass: 1) The Moon; 2) Pluto; 3) Mercury.,Order the following terrestrial solar system bodies in order of increasing mass: 1) The Moon; 2) Pluto; 3) Mercury.,19,"""2, 1, 3""",[],SSB_2026
081aa6cc45a6d686044cf6ebf631152236ebc8e7d201485c9deb4b181d8e86ce,DOUBLE ELIMINATION 1,2026,25,13,TOSSUP,MULTIPLE_CHOICE,CHEMISTRY,Which of the following molecules has the smallest bond angle?,Which of the following molecules has the smallest bond angle?,10,"""X""","[""Water"", ""Hydrogen sulfide"", ""Ammonia"", ""Methane""]",SSB_2026
081aa6cc45a6d686044cf6ebf631152236ebc8e7d201485c9deb4b181d8e86ce,DOUBLE ELIMINATION 1,2026,26,13,BONUS,MULTIPLE_CHOICE,CHEMISTRY,Triiodide \textbf{[try-EYE-oh-dide]} ions are formed in iodine solutions when iodide ions are added. Which of the following does not correctly describes this reaction?,Triiodide ions are formed in iodine solutions when iodide ions are added. Which of the following does not correctly describes this reaction?,22,"""Y""","[""Iodine acts as a Lewis acid"", ""The reaction is exergonic"", ""The negative charge is localized to the center iodine atom"", ""A three-center four-electron bond is formed""]",SSB_2026
081aa6cc45a6d686044cf6ebf631152236ebc8e7d201485c9deb4b181d8e86ce,DOUBLE ELIMINATION 1,2026,27,14,TOSSUP,MULTIPLE_CHOICE,ENERGY,Scientists at the Johns Hopkins Schatz Lab have determined that soil microbiome activity is significantly reduced in soils experiencing extensive nutrient leaching. Which of the following soil types would be most susceptible to leaching?,Scientists at the Johns Hopkins Schatz Lab have determined that soil microbiome activity is significantly reduced in soils experiencing extensive nutrient leaching. Which of the following soil types would be most susceptible to leaching?,34,"""Z""","[""Clay"", ""Loam"", ""Silt"", ""Sand""]",SSB_2026
081aa6cc45a6d686044cf6ebf631152236ebc8e7d201485c9deb4b181d8e86ce,DOUBLE ELIMINATION 1,2026,28,14,BONUS,MULTIPLE_CHOICE,ENERGY,"Scientists at the Johns Hopkins Cooper Lab are analyzing health equity across wealth brackets. Their null hypothesis states that there is no difference in healthcare quality between wealth groups. If they incorrectly conclude that wealthier individuals receive better healthcare when there is no difference, which of the following best describes the error they have made?","Scientists at the Johns Hopkins Cooper Lab are analyzing health equity across wealth brackets. Their null hypothesis states that there is no difference in healthcare quality between wealth groups. If they incorrectly conclude that wealthier individuals receive better healthcare when there is no difference, which of the following best describes the error they have made?",55,"""W""","[""Type I, because they rejected a true null hypothesis"", ""Type I, because they failed to reject a false null hypothesis"", ""Type II, because they rejected a true null hypothesis"", ""Type II, because they failed to reject a false null hypothesis""]",SSB_2026
081aa6cc45a6d686044cf6ebf631152236ebc8e7d201485c9deb4b181d8e86ce,DOUBLE ELIMINATION 1,2026,29,15,TOSSUP,MULTIPLE_CHOICE,BIOLOGY,Some birds experience high mortality during infancy followed by a relatively constant mortality rate as adults. Which of the following best describes the survivorship curve of these birds?,Some birds experience high mortality during infancy followed by a relatively constant mortality rate as adults. Which of the following best describes the survivorship curve of these birds?,28,"""Z""","[""Type I to Type II"", ""Type I to Type III"", ""Type III to Type I"", ""Type III to Type II""]",SSB_2026
081aa6cc45a6d686044cf6ebf631152236ebc8e7d201485c9deb4b181d8e86ce,DOUBLE ELIMINATION 1,2026,30,15,BONUS,MULTIPLE_CHOICE,BIOLOGY,Targeted destruction of which of the following proteins during mitosis would most likely lead to a polypoid cell?,Targeted destruction of which of the following proteins during mitosis would most likely lead to a polypoid cell?,18,"""X""","[""Tubulin"", ""Actin"", ""Keratin"", ""Cyclin""]",SSB_2026
081aa6cc45a6d686044cf6ebf631152236ebc8e7d201485c9deb4b181d8e86ce,DOUBLE ELIMINATION 1,2026,31,16,TOSSUP,MULTIPLE_CHOICE,EARTH_SPACE,Which of the following best explains why orthoclase feldspar is rarely found in sandstone?,Which of the following best explains why orthoclase feldspar is rarely found in sandstone?,14,"""X""","[""Its grains are typically clay-sized"", ""It weathers faster than other sediments"", ""It is only formed as a product of weathering"", ""It is uncommon in igneous rocks""]",SSB_2026
081aa6cc45a6d686044cf6ebf631152236ebc8e7d201485c9deb4b181d8e86ce,DOUBLE ELIMINATION 1,2026,32,16,BONUS,SHORT_ANSWER,EARTH_SPACE,Identify all of the following three statements that are true of black smoker hydrothermal vents when compared to white smokers: 1) They are hotter; 2) They form closer to a mid ocean ridge; 3) They emit more heavy metals.,Identify all of the following three statements that are true of black smoker hydrothermal vents when compared to white smokers: 1) They are hotter; 2) They form closer to a mid ocean ridge; 3) They emit more heavy metals.,39,"""All""",[],SSB_2026
081aa6cc45a6d686044cf6ebf631152236ebc8e7d201485c9deb4b181d8e86ce,DOUBLE ELIMINATION 1,2026,33,17,TOSSUP,SHORT_ANSWER,MATH,"Stephanie and Bethany are playing tennis, but tend to lose tennis balls often. If each player independently has a two−fifths chance of losing a ball in a set, what is the expected number of balls that they will lose after playing five sets?","Stephanie and Bethany are playing tennis, but tend to lose tennis balls often. If each player independently has a two−fifths chance of losing a ball in a set, what is the expected number of balls that they will lose after playing five sets?",43,"""4""",[],SSB_2026
081aa6cc45a6d686044cf6ebf631152236ebc8e7d201485c9deb4b181d8e86ce,DOUBLE ELIMINATION 1,2026,34,17,BONUS,SHORT_ANSWER,MATH,"Hua draws three circles with radius 1 with centers $O_1$, $O_2$, and $O_3$ in a plane so that each circle is tangent to the two other circles. If Hua extends line $O_1O_2$ to points A and B, where points A and B each lie on one of the two circles, what is the length of $AO_3$  \textbf{[A O 3]}?","Hua draws three circles with radius 1 with centers , , and in a plane so that each circle is tangent to the two other circles. If Hua extends line to points A and B, where points A and B each lie on one of the two circles, what is the length of ?",54,"""$\\sqrt{7}$""",[],SSB_2026
081aa6cc45a6d686044cf6ebf631152236ebc8e7d201485c9deb4b181d8e86ce,DOUBLE ELIMINATION 1,2026,35,18,TOSSUP,SHORT_ANSWER,PHYSICS,Electrical reactance in AC circuit elements is analogous to what electrical quantity in DC circuit elements?,Electrical reactance in AC circuit elements is analogous to what electrical quantity in DC circuit elements?,16,"""Resistance""",[],SSB_2026
081aa6cc45a6d686044cf6ebf631152236ebc8e7d201485c9deb4b181d8e86ce,DOUBLE ELIMINATION 1,2026,36,18,BONUS,SHORT_ANSWER,PHYSICS,"In the Michelson-Morley experiment of 1887 an interferometer was constructed by which the time light takes to travel between two pairs of mirrors was measured. Identify all of the following hypotheses that the Michelson-Morley experiment provided evidence against: 1) Light moves at different speeds in different directions; 2) There exists a medium through which light waves must be transmitted; 3) Light is not a particle, and exists only as a wave.","In the Michelson-Morley experiment of 1887 an interferometer was constructed by which the time light takes to travel between two pairs of mirrors was measured. Identify all of the following hypotheses that the Michelson-Morley experiment provided evidence against: 1) Light moves at different speeds in different directions; 2) There exists a medium through which light waves must be transmitted; 3) Light is not a particle, and exists only as a wave.",71,"""1 and 2""",[],SSB_2026
081aa6cc45a6d686044cf6ebf631152236ebc8e7d201485c9deb4b181d8e86ce,DOUBLE ELIMINATION 1,2026,37,19,TOSSUP,SHORT_ANSWER,CHEMISTRY,What is the name of the mixture of two or more liquids whose proportions are not changed when boiled on a ternary phase diagram?,What is the name of the mixture of two or more liquids whose proportions are not changed when boiled on a ternary phase diagram?,24,"""Azeotrope \\textbf{[AY-zee-uh-trope]}""",[],SSB_2026
081aa6cc45a6d686044cf6ebf631152236ebc8e7d201485c9deb4b181d8e86ce,DOUBLE ELIMINATION 1,2026,38,19,BONUS,SHORT_ANSWER,CHEMISTRY,Carbon-14 with concentration $C$ decays into nitrogen-14 with concentration $N$ via first-order kinetics. Identify all of the following three quantities that will result in a linear graph when graphed against time: 1) Natural log of $C$; 2) Natural log of $N$; 3) $C$ over $N$,Carbon-14 with concentration decays into nitrogen-14 with concentration via first-order kinetics. Identify all of the following three quantities that will result in a linear graph when graphed against time: 1) Natural log of ; 2) Natural log of ; 3) over,41,"""1 and 3""",[],SSB_2026
081aa6cc45a6d686044cf6ebf631152236ebc8e7d201485c9deb4b181d8e86ce,DOUBLE ELIMINATION 1,2026,39,20,TOSSUP,SHORT_ANSWER,BIOLOGY,Order the following three types of lipids by increasing number of ester linkages: 1) Steroid; 2) Triglyceride; 3) Phospholipid.,Order the following three types of lipids by increasing number of ester linkages: 1) Steroid; 2) Triglyceride; 3) Phospholipid.,19,"""1, 3, 2""",[],SSB_2026
081aa6cc45a6d686044cf6ebf631152236ebc8e7d201485c9deb4b181d8e86ce,DOUBLE ELIMINATION 1,2026,40,20,BONUS,MULTIPLE_CHOICE,BIOLOGY,Which of the following plant groups has a gametophyte-dominant life cycle?,Which of the following plant groups has a gametophyte-dominant life cycle?,11,"""W""","[""Hornworts"", ""Quillworts"", ""Club mosses"", ""Spikemosses""]",SSB_2026
081aa6cc45a6d686044cf6ebf631152236ebc8e7d201485c9deb4b181d8e86ce,DOUBLE ELIMINATION 1,2026,41,21,TOSSUP,SHORT_ANSWER,MATH,What is the value of 43^2 − 33^2?,What is the value of 43^2 − 33^2?,8,"""760""",[],SSB_2026
081aa6cc45a6d686044cf6ebf631152236ebc8e7d201485c9deb4b181d8e86ce,DOUBLE ELIMINATION 1,2026,42,21,BONUS,SHORT_ANSWER,MATH,"Kafka has 4 red socks and 7 black socks in her drawer. If she randomly selects two socks without replacement, what is the probability that the two socks are the same color?","Kafka has 4 red socks and 7 black socks in her drawer. If she randomly selects two socks without replacement, what is the probability that the two socks are the same color?",32,"""27/55""",[],SSB_2026
081aa6cc45a6d686044cf6ebf631152236ebc8e7d201485c9deb4b181d8e86ce,DOUBLE ELIMINATION 1,2026,43,22,TOSSUP,MULTIPLE_CHOICE,PHYSICS,"Geo and Lily tighten bolts using identical wrenches. While both pull on the wrench at its end with an identical amount of force, Geo pulls at an angle of 90 degrees, while Lily pulls at an angle of 60 degrees relative to its axis. By what factor is the torque exerted on Geo’s bolt larger than that of Lily’s bolt?","Geo and Lily tighten bolts using identical wrenches. While both pull on the wrench at its end with an identical amount of force, Geo pulls at an angle of 90 degrees, while Lily pulls at an angle of 60 degrees relative to its axis. By what factor is the torque exerted on Geo’s bolt larger than that of Lily’s bolt?",60,"""X""","[""$\\frac{\\sqrt{3}}{3}$ \\textbf{[square root of three over three]}"", ""$\\frac{2\\sqrt{3}}{3}$ \\textbf{[two square root of three over three]}"", ""$\\sqrt{3}$ \\textbf{[square root of three]}"", ""$\\frac{4\\sqrt{3}}{3}$ \\textbf{[four square root of three over three]}""]",SSB_2026
081aa6cc45a6d686044cf6ebf631152236ebc8e7d201485c9deb4b181d8e86ce,DOUBLE ELIMINATION 1,2026,44,22,BONUS,MULTIPLE_CHOICE,PHYSICS,Which of the following best describes what happens to an object that continuously accelerates while traveling at a relativistic speed?,Which of the following best describes what happens to an object that continuously accelerates while traveling at a relativistic speed?,20,"""Y""","[""Both its velocity and kinetic energy approach a constant"", ""Its velocity continues to increase while its kinetic energy approaches a constant"", ""Its kinetic energy continues to increase while its velocity approaches a constant"", ""Both its velocity and kinetic energy continue to increase""]",SSB_2026
081aa6cc45a6d686044cf6ebf631152236ebc8e7d201485c9deb4b181d8e86ce,DOUBLE ELIMINATION 1,2026,45,23,TOSSUP,SHORT_ANSWER,EARTH_SPACE,"A low-mass red giant star has exhausted the hydrogen in its core. As the temperature continues to rise, nuclear fusion suddenly ignites in a rapid, runaway reaction. What is this event called?","A low-mass red giant star has exhausted the hydrogen in its core. As the temperature continues to rise, nuclear fusion suddenly ignites in a rapid, runaway reaction. What is this event called?",32,"""Helium flash""",[],SSB_2026
081aa6cc45a6d686044cf6ebf631152236ebc8e7d201485c9deb4b181d8e86ce,DOUBLE ELIMINATION 1,2026,46,23,BONUS,SHORT_ANSWER,EARTH_SPACE,Identify all of the following three Lagrange points that are located approximately along the path of Earth’s orbit: 1) L1; 2) L3; 3) L5.,Identify all of the following three Lagrange points that are located approximately along the path of Earth’s orbit: 1) L1; 2) L3; 3) L5.,24,"""2 and 3""",[],SSB_2026
0893dd958622c372168847f4b4ec0ef4ffd6ecf0e5c4fc92db82112c30f60126,DOUBLE ELIMINATION 2,2026,1,1,TOSSUP,SHORT_ANSWER,BIOLOGY,The left and right hemispheres of the cerebrum are primarily connected by what structure consisting of a thick myelinated axon bundle?,The left and right hemispheres of the cerebrum are primarily connected by what structure consisting of a thick myelinated axon bundle?,21,"""Corpus callosum (DO NOT ACCEPT: Anterior commissure)""",[],SSB_2026
0893dd958622c372168847f4b4ec0ef4ffd6ecf0e5c4fc92db82112c30f60126,DOUBLE ELIMINATION 2,2026,2,1,BONUS,SHORT_ANSWER,BIOLOGY,Order the following three proteins by increasing percentage of their amino acid sequence composed of hydrophobic amino acids: 1) Epinephrine \textbf{[ep-uh-NEF-rin]} receptor; 2) Actin; 3) Histone 3.,Order the following three proteins by increasing percentage of their amino acid sequence composed of hydrophobic amino acids: 1) Epinephrine receptor; 2) Actin; 3) Histone 3.,26,"""3, 2, 1""",[],SSB_2026
0893dd958622c372168847f4b4ec0ef4ffd6ecf0e5c4fc92db82112c30f60126,DOUBLE ELIMINATION 2,2026,3,2,TOSSUP,MULTIPLE_CHOICE,PHYSICS,"Grant is scuba diving in the ocean and notices that if he looks up at the surface, he sees a circular window of sky above him surrounded by the reflected sea floor. Which of the following statements about this scenario is false?","Grant is scuba diving in the ocean and notices that if he looks up at the surface, he sees a circular window of sky above him surrounded by the reflected sea floor. Which of the following statements about this scenario is false?",42,"""X""","[""The angle of this window\u2019s edge from the vertical is the critical angle of water"", ""The window would be wider in oil with a larger refractive index"", ""He sees the reflected seafloor as a result of total internal reflection"", ""The sky in the window is distorted as a result of refraction""]",SSB_2026
0893dd958622c372168847f4b4ec0ef4ffd6ecf0e5c4fc92db82112c30f60126,DOUBLE ELIMINATION 2,2026,4,2,BONUS,SHORT_ANSWER,PHYSICS,"The path of a molecule in a gas is often modeled as a random walk, in which a particle takes a series of steps, each in a random direction chosen independently. The root mean square displacement of a molecule in a given number of steps n scales according to what function of n?","The path of a molecule in a gas is often modeled as a random walk, in which a particle takes a series of steps, each in a random direction chosen independently. The root mean square displacement of a molecule in a given number of steps n scales according to what function of n?",53,"""Square root (Accept: $\\sqrt{n}$)""",[],SSB_2026
0893dd958622c372168847f4b4ec0ef4ffd6ecf0e5c4fc92db82112c30f60126,DOUBLE ELIMINATION 2,2026,5,3,TOSSUP,MULTIPLE_CHOICE,CHEMISTRY,"Akshath bubbles chlorine gas through a solution of iron (II) \textbf{[two]} chloride. Respectively, which of the following best describes the initial and final colors of the solution?","Akshath bubbles chlorine gas through a solution of iron (II) chloride. Respectively, which of the following best describes the initial and final colors of the solution?",26,"""W""","[""Green, yellow"", ""Yellow, green"", ""Blue, yellow"", ""Yellow, blue""]",SSB_2026
0893dd958622c372168847f4b4ec0ef4ffd6ecf0e5c4fc92db82112c30f60126,DOUBLE ELIMINATION 2,2026,6,3,BONUS,SHORT_ANSWER,CHEMISTRY,"The lattice constant of sodium chloride is 5.5 angstroms. In angstroms and to two significant figures, what is the distance between two adjacent sodium nuclei?","The lattice constant of sodium chloride is 5.5 angstroms. In angstroms and to two significant figures, what is the distance between two adjacent sodium nuclei?",25,"""3.9""",[],SSB_2026
0893dd958622c372168847f4b4ec0ef4ffd6ecf0e5c4fc92db82112c30f60126,DOUBLE ELIMINATION 2,2026,7,4,TOSSUP,MULTIPLE_CHOICE,EARTH_SPACE,Which of the following best describes how the angle of repose of dry sand changes as water is added?,Which of the following best describes how the angle of repose of dry sand changes as water is added?,19,"""Y""","[""Always increases"", ""Always decreases"", ""Increases then decreases"", ""Decreases then increases""]",SSB_2026
0893dd958622c372168847f4b4ec0ef4ffd6ecf0e5c4fc92db82112c30f60126,DOUBLE ELIMINATION 2,2026,8,4,BONUS,SHORT_ANSWER,EARTH_SPACE,Order the following three rungs of the cosmic distance ladder from shortest to farthest effective distance: 1) Parallax; 2) Cepheid variables; 3) Hubble constant.,Order the following three rungs of the cosmic distance ladder from shortest to farthest effective distance: 1) Parallax; 2) Cepheid variables; 3) Hubble constant.,24,"""1, 2, 3""",[],SSB_2026
0893dd958622c372168847f4b4ec0ef4ffd6ecf0e5c4fc92db82112c30f60126,DOUBLE ELIMINATION 2,2026,9,5,TOSSUP,SHORT_ANSWER,MATH,Felix randomly chooses one of the 54 stickers on a 3x3x3 Rubik’s cube. What is the probability that the sticker is part of a corner piece?,Felix randomly chooses one of the 54 stickers on a 3x3x3 Rubik’s cube. What is the probability that the sticker is part of a corner piece?,26,"""4/9""",[],SSB_2026
0893dd958622c372168847f4b4ec0ef4ffd6ecf0e5c4fc92db82112c30f60126,DOUBLE ELIMINATION 2,2026,10,5,BONUS,SHORT_ANSWER,MATH,What is the remainder when $7^{16}$ is divided by 50?,What is the remainder when is divided by 50?,9,"""1""",[],SSB_2026
0893dd958622c372168847f4b4ec0ef4ffd6ecf0e5c4fc92db82112c30f60126,DOUBLE ELIMINATION 2,2026,11,6,TOSSUP,SHORT_ANSWER,ENERGY,"Scientists at Stanford’s Hilley Lab are modeling elevation change along faults. If the elevation at two locations is the same, and the elevation function is continuous and differentiable between them, what theorem guarantees there is at least one point between the two locations where the rate of change of elevation is zero?","Scientists at Stanford’s Hilley Lab are modeling elevation change along faults. If the elevation at two locations is the same, and the elevation function is continuous and differentiable between them, what theorem guarantees there is at least one point between the two locations where the rate of change of elevation is zero?",52,"""Rolle\u2019s theorem (ACCEPT: Mean Value Theorem)""",[],SSB_2026
0893dd958622c372168847f4b4ec0ef4ffd6ecf0e5c4fc92db82112c30f60126,DOUBLE ELIMINATION 2,2026,12,6,BONUS,MULTIPLE_CHOICE,ENERGY,Scientists at Stanford are studying electrochemical cells in phones. Which of the following correctly describes a difference between galvanic and electrolytic cells?,Scientists at Stanford are studying electrochemical cells in phones. Which of the following correctly describes a difference between galvanic and electrolytic cells?,22,"""W""","[""Galvanic cells involve spontaneous redox reactions, electrolytic cells require external electrical energy"", ""Galvanic cells operate only in aqueous solutions, electrolytic cells do not"", ""Galvanic cells always use identical electrode materials, electrolytic cells do not"", ""Galvanic cells convert electrical energy into chemical energy, electrolytic cells convert chemical energy into electrical energy""]",SSB_2026
0893dd958622c372168847f4b4ec0ef4ffd6ecf0e5c4fc92db82112c30f60126,DOUBLE ELIMINATION 2,2026,13,7,TOSSUP,MULTIPLE_CHOICE,EARTH_SPACE,"Due to the orbital resonances of Io, Europa, and Ganymede, which of the following best describes the dominant tidal pattern experienced by Jupiter?","Due to the orbital resonances of Io, Europa, and Ganymede, which of the following best describes the dominant tidal pattern experienced by Jupiter?",23,"""Y""","[""Primarily diurnal tides"", ""Primarily semidiurnal tides"", ""Multi-period tides with superimposed frequencies"", ""No significant tides""]",SSB_2026
0893dd958622c372168847f4b4ec0ef4ffd6ecf0e5c4fc92db82112c30f60126,DOUBLE ELIMINATION 2,2026,14,7,BONUS,SHORT_ANSWER,EARTH_SPACE,Identify all of the following three trends that can be attributed to the Hadley cell circulation: 1) High thunderstorm activity at the equator; 2) Presence of deserts at 30 degrees latitude; 3) Presence of temperate rainforests at 60 degrees latitude.,Identify all of the following three trends that can be attributed to the Hadley cell circulation: 1) High thunderstorm activity at the equator; 2) Presence of deserts at 30 degrees latitude; 3) Presence of temperate rainforests at 60 degrees latitude.,40,"""1 and 2""",[],SSB_2026
0893dd958622c372168847f4b4ec0ef4ffd6ecf0e5c4fc92db82112c30f60126,DOUBLE ELIMINATION 2,2026,15,8,TOSSUP,SHORT_ANSWER,CHEMISTRY,"What rule states that a planar, cyclic, fully conjugated molecule is aromatic only if it contains 4n + 2$\pi$ electrons, where n is a nonnegative integer?","What rule states that a planar, cyclic, fully conjugated molecule is aromatic only if it contains 4n + 2 electrons, where n is a nonnegative integer?",26,"""H\u00fcckel\u2019s rule""",[],SSB_2026
0893dd958622c372168847f4b4ec0ef4ffd6ecf0e5c4fc92db82112c30f60126,DOUBLE ELIMINATION 2,2026,16,8,BONUS,SHORT_ANSWER,CHEMISTRY,"The total order of some reaction $A + B$ yields $C$ is observed to be 3. If the reaction is run with excess concentration of $B$ and very low concentration of $A$, the reaction rate quarters when the concentration of $A$ halves. What is the reaction order with respect to reactant $B$?","The total order of some reaction yields is observed to be 3. If the reaction is run with excess concentration of and very low concentration of , the reaction rate quarters when the concentration of halves. What is the reaction order with respect to reactant ?",46,"""1""",[],SSB_2026
0893dd958622c372168847f4b4ec0ef4ffd6ecf0e5c4fc92db82112c30f60126,DOUBLE ELIMINATION 2,2026,17,9,TOSSUP,MULTIPLE_CHOICE,PHYSICS,"Which of the following is closest to the ratio between the orbital speeds of the ISS, orbiting at an altitude of 400 kilometers, and GOES-18, orbiting at an altitude of 36,000 kilometers?","Which of the following is closest to the ratio between the orbital speeds of the ISS, orbiting at an altitude of 400 kilometers, and GOES-18, orbiting at an altitude of 36,000 kilometers?",32,"""W""","[""3"", ""7"", ""30"", ""70""]",SSB_2026
0893dd958622c372168847f4b4ec0ef4ffd6ecf0e5c4fc92db82112c30f60126,DOUBLE ELIMINATION 2,2026,18,9,BONUS,MULTIPLE_CHOICE,PHYSICS,A frictionless banked turn with radius 100 meters is set up such that a car can perfectly travel around it at a velocity of 20 meters per second. Which of the following is closest to the coefficient of friction that would be required to allow a car to travel around the turn at any slower speed?,A frictionless banked turn with radius 100 meters is set up such that a car can perfectly travel around it at a velocity of 20 meters per second. Which of the following is closest to the coefficient of friction that would be required to allow a car to travel around the turn at any slower speed?,56,"""X""","[""0.2"", ""0.4"", ""0.6"", ""0.8""]",SSB_2026
0893dd958622c372168847f4b4ec0ef4ffd6ecf0e5c4fc92db82112c30f60126,DOUBLE ELIMINATION 2,2026,19,10,TOSSUP,MULTIPLE_CHOICE,ENERGY,Scientists at UCLA’s Lowry Lab are studying how crosslinking in keratins confer additional rigidity. What amino acid greatly strengthens keratin due to its ability to form disulfide bridges?,Scientists at UCLA’s Lowry Lab are studying how crosslinking in keratins confer additional rigidity. What amino acid greatly strengthens keratin due to its ability to form disulfide bridges?,28,"""Z""","[""Glycine \\textbf{[GLY-seen]}"", ""Serine \\textbf{[SAIR-een]}"", ""Phenylalanine \\textbf{[[feen-ul-AL-uh-neen]}"", ""Cysteine \\textbf{[SIS-teen]}""]",SSB_2026
0893dd958622c372168847f4b4ec0ef4ffd6ecf0e5c4fc92db82112c30f60126,DOUBLE ELIMINATION 2,2026,20,10,BONUS,SHORT_ANSWER,ENERGY,Scientists at the Johns Hopkins Sing Lab are studying the atmospheric composition of exoplanets. Order the following planets in increasing gravitational field strength: 1) Planet with mass M and radius R/2; 2) Planet with mass 2M and radius R; 3) Planet with mass M/4 and radius 4R.,Scientists at the Johns Hopkins Sing Lab are studying the atmospheric composition of exoplanets. Order the following planets in increasing gravitational field strength: 1) Planet with mass M and radius R/2; 2) Planet with mass 2M and radius R; 3) Planet with mass M/4 and radius 4R.,47,"""3, 2, 1""",[],SSB_2026
0893dd958622c372168847f4b4ec0ef4ffd6ecf0e5c4fc92db82112c30f60126,DOUBLE ELIMINATION 2,2026,21,11,TOSSUP,SHORT_ANSWER,MATH,"If f(x) = x + 2^x, what is $f(f(2))$ \textbf{[f of f of 2]}?","If f(x) = x + 2^x, what is ?",9,"""70""",[],SSB_2026
0893dd958622c372168847f4b4ec0ef4ffd6ecf0e5c4fc92db82112c30f60126,DOUBLE ELIMINATION 2,2026,22,11,BONUS,SHORT_ANSWER,MATH,What is the sum of the coefficients of the polynomial $(x+4)^3(x+7)$ \textbf{[the quantity x plus four cubed times the quantity x plus seven]} when it is expanded?,What is the sum of the coefficients of the polynomial when it is expanded?,14,"""1000""",[],SSB_2026
0893dd958622c372168847f4b4ec0ef4ffd6ecf0e5c4fc92db82112c30f60126,DOUBLE ELIMINATION 2,2026,23,12,TOSSUP,SHORT_ANSWER,BIOLOGY,"In eudicots, pollen grains usually contain how many opening through which a pollen tube may emerge upon germination?","In eudicots, pollen grains usually contain how many opening through which a pollen tube may emerge upon germination?",18,"""3""",[],SSB_2026
0893dd958622c372168847f4b4ec0ef4ffd6ecf0e5c4fc92db82112c30f60126,DOUBLE ELIMINATION 2,2026,24,12,BONUS,MULTIPLE_CHOICE,BIOLOGY,A suspension of Staphylococcus bacteria is treated with lysozyme \textbf{[LY-soh-zime]}. In which of the following osmolarity \textbf{[os-moh-LAIR-uh-tee]} conditions would there be the greatest bacterial death after treatment?,A suspension of Staphylococcus bacteria is treated with lysozyme . In which of the following osmolarity conditions would there be the greatest bacterial death after treatment?,26,"""X""","[""Hypertonic"", ""Hypotonic"", ""Isotonic"", ""Hypertonic and hypotonic conditions will have equal death rates, but higher than isotonic""]",SSB_2026
0893dd958622c372168847f4b4ec0ef4ffd6ecf0e5c4fc92db82112c30f60126,DOUBLE ELIMINATION 2,2026,25,13,TOSSUP,SHORT_ANSWER,CHEMISTRY,What region of an infrared spectrum contains a complex pattern of peaks unique to each molecule and is commonly used to confirm a compound’s identity?,What region of an infrared spectrum contains a complex pattern of peaks unique to each molecule and is commonly used to confirm a compound’s identity?,25,"""Fingerprint region""",[],SSB_2026
0893dd958622c372168847f4b4ec0ef4ffd6ecf0e5c4fc92db82112c30f60126,DOUBLE ELIMINATION 2,2026,26,13,BONUS,SHORT_ANSWER,CHEMISTRY,Identify all of the following three reactions which are examples of disproportionation: 1) Two ethyl radicals form ethylene and ethane; 2) Superoxide ions form oxygen gas and hydrogen peroxide; 3) Potassium permanganate and manganese sulfate form manganese oxide.,Identify all of the following three reactions which are examples of disproportionation: 1) Two ethyl radicals form ethylene and ethane; 2) Superoxide ions form oxygen gas and hydrogen peroxide; 3) Potassium permanganate and manganese sulfate form manganese oxide.,38,"""1 and 2""",[],SSB_2026
0893dd958622c372168847f4b4ec0ef4ffd6ecf0e5c4fc92db82112c30f60126,DOUBLE ELIMINATION 2,2026,27,14,TOSSUP,SHORT_ANSWER,ENERGY,Scientists at the Johns Hopkins Zabransky Lab are studying how GDF-15 promotes the spread of pancreatic cancer to the liver. What term best describes this phenomenon where tumors grow in distant organs beyond the primary site?,Scientists at the Johns Hopkins Zabransky Lab are studying how GDF-15 promotes the spread of pancreatic cancer to the liver. What term best describes this phenomenon where tumors grow in distant organs beyond the primary site?,36,"""Metastasis \\textbf{[muh-TAH-stuh-sis]}""",[],SSB_2026
0893dd958622c372168847f4b4ec0ef4ffd6ecf0e5c4fc92db82112c30f60126,DOUBLE ELIMINATION 2,2026,28,14,BONUS,SHORT_ANSWER,ENERGY,Engineers on the Johns Hopkins University Rocketry Team are calculating how air resistance will affect the landing trajectory of their rocket. Identify all of the following four factors that directly affect air resistance: 1) Mass of the rocket; 2) Gravitational acceleration;  3) Drag coefficient of the object; 4) Density of surrounding air.,Engineers on the Johns Hopkins University Rocketry Team are calculating how air resistance will affect the landing trajectory of their rocket. Identify all of the following four factors that directly affect air resistance: 1) Mass of the rocket; 2) Gravitational acceleration; 3) Drag coefficient of the object; 4) Density of surrounding air.,52,"""3 and 4""",[],SSB_2026
0893dd958622c372168847f4b4ec0ef4ffd6ecf0e5c4fc92db82112c30f60126,DOUBLE ELIMINATION 2,2026,29,15,TOSSUP,MULTIPLE_CHOICE,BIOLOGY,Which of the following lengths in nucleotides could represent a mRNA open reading frame that will encode for a protein?,Which of the following lengths in nucleotides could represent a mRNA open reading frame that will encode for a protein?,20,"""Y""","[""1000"", ""2000"", ""3000"", ""4000""]",SSB_2026
0893dd958622c372168847f4b4ec0ef4ffd6ecf0e5c4fc92db82112c30f60126,DOUBLE ELIMINATION 2,2026,30,15,BONUS,SHORT_ANSWER,BIOLOGY,Identify all of the following three processes that would happen at greater frequency in brown adipose \textbf{[AD-uh-pose]} tissue compared to white adipose tissue: 1) Flow of protons into mitochondrial matrix; 2) Synthesis of ATP by oxidative phosphorylation \textbf{[fos-for-uh-LAY-shin]}; 3) Synthesis of ATP by glycolysis.,Identify all of the following three processes that would happen at greater frequency in brown adipose tissue compared to white adipose tissue: 1) Flow of protons into mitochondrial matrix; 2) Synthesis of ATP by oxidative phosphorylation ; 3) Synthesis of ATP by glycolysis.,43,"""1 and 3""",[],SSB_2026
0893dd958622c372168847f4b4ec0ef4ffd6ecf0e5c4fc92db82112c30f60126,DOUBLE ELIMINATION 2,2026,31,16,TOSSUP,SHORT_ANSWER,EARTH_SPACE,Identify all of the following three types of supernovae that are the occur due to the collapse of supermassive stars: 1) Type Ia \textbf{[one-A]}; 2) Type Ib \textbf{[one-B]}; 3) Type II.,Identify all of the following three types of supernovae that are the occur due to the collapse of supermassive stars: 1) Type Ia ; 2) Type Ib ; 3) Type II.,31,"""2 and 3""",[],SSB_2026
0893dd958622c372168847f4b4ec0ef4ffd6ecf0e5c4fc92db82112c30f60126,DOUBLE ELIMINATION 2,2026,32,16,BONUS,MULTIPLE_CHOICE,EARTH_SPACE,Which of the following best describes why a strong El Niño decreases primary productivity in the Pacific Ocean?,Which of the following best describes why a strong El Niño decreases primary productivity in the Pacific Ocean?,18,"""W""","[""It weakens trade winds, which reduces upwelling of nutrients"", ""It weakens trade winds, which increases cloud cover and reduces photosynthesis"", ""It increases sea surface temperatures, which kills off phytoplankton"", ""It increases sea surface temperatures, which promotes secondary producers that consume phytoplankton""]",SSB_2026
0893dd958622c372168847f4b4ec0ef4ffd6ecf0e5c4fc92db82112c30f60126,DOUBLE ELIMINATION 2,2026,33,17,TOSSUP,MULTIPLE_CHOICE,MATH,A normal distribution has mean 5 and standard deviation 3. Which of the following is closest to the percentage of data contained in the interval from 8 to infinity?,A normal distribution has mean 5 and standard deviation 3. Which of the following is closest to the percentage of data contained in the interval from 8 to infinity?,29,"""W""","[""16%"", ""32%"", ""68%"", ""95%""]",SSB_2026
0893dd958622c372168847f4b4ec0ef4ffd6ecf0e5c4fc92db82112c30f60126,DOUBLE ELIMINATION 2,2026,34,17,BONUS,SHORT_ANSWER,MATH,"Aaron ties his pet goat Shohei to the corner of a square barn with sides 10 meters long with a rope of length 20 meters. In square meters, what is the area that Shohei can reach?","Aaron ties his pet goat Shohei to the corner of a square barn with sides 10 meters long with a rope of length 20 meters. In square meters, what is the area that Shohei can reach?",36,"""$350 \\pi$""",[],SSB_2026
0893dd958622c372168847f4b4ec0ef4ffd6ecf0e5c4fc92db82112c30f60126,DOUBLE ELIMINATION 2,2026,35,18,TOSSUP,MULTIPLE_CHOICE,PHYSICS,"A new Formula 1 car travels at a max speed of 100 meters per second. If its wheels each have a diameter of 50 centimeters, which of the following is closest to the rotation speed of each wheel in revolutions per second?","A new Formula 1 car travels at a max speed of 100 meters per second. If its wheels each have a diameter of 50 centimeters, which of the following is closest to the rotation speed of each wheel in revolutions per second?",42,"""Y""","[""20"", ""40"", ""60"", ""80""]",SSB_2026
0893dd958622c372168847f4b4ec0ef4ffd6ecf0e5c4fc92db82112c30f60126,DOUBLE ELIMINATION 2,2026,36,18,BONUS,MULTIPLE_CHOICE,PHYSICS,"At rest, a muon’s lifetime is $2.2 \mu s$ [2.2 microseconds]. Despite this, muons travelling near the speed of light from space survive the trip to the Earth’s surface. In the muon’s reference frame, which of the following best describes why it survives?","At rest, a muon’s lifetime is [2.2 microseconds]. Despite this, muons travelling near the speed of light from space survive the trip to the Earth’s surface. In the muon’s reference frame, which of the following best describes why it survives?",40,"""X""","[""The muon experiences a longer time to reach the surface"", ""The distance from the muon to the Earth is contracted"", ""The muon\u2019s lifetime times the speed of light is a distance longer than the atmosphere\u2019s height"", ""The muon\u2019s wavefunction extends longer than the atmosphere\u2019s height""]",SSB_2026
0893dd958622c372168847f4b4ec0ef4ffd6ecf0e5c4fc92db82112c30f60126,DOUBLE ELIMINATION 2,2026,37,19,TOSSUP,SHORT_ANSWER,BIOLOGY,"After plasmogamy, haploid nuclei fuse during what stage of the fungi reproductive cycle to form a diploid zygote?","After plasmogamy, haploid nuclei fuse during what stage of the fungi reproductive cycle to form a diploid zygote?",18,"""Karyogamy""",[],SSB_2026
0893dd958622c372168847f4b4ec0ef4ffd6ecf0e5c4fc92db82112c30f60126,DOUBLE ELIMINATION 2,2026,38,19,BONUS,SHORT_ANSWER,BIOLOGY,A male with cystic fibrosis mates with a female who has Huntington’s disease and red-green colorblindness. Identify all of the following three statements that must be true for their offspring: 1) All male offspring will have red-green colorblindness; 2) All female offspring will be unaffected by cystic fibrosis; 3) All offspring will inherit Huntington’s disease.,A male with cystic fibrosis mates with a female who has Huntington’s disease and red-green colorblindness. Identify all of the following three statements that must be true for their offspring: 1) All male offspring will have red-green colorblindness; 2) All female offspring will be unaffected by cystic fibrosis; 3) All offspring will inherit Huntington’s disease.,55,"""1 only""",[],SSB_2026
0893dd958622c372168847f4b4ec0ef4ffd6ecf0e5c4fc92db82112c30f60126,DOUBLE ELIMINATION 2,2026,39,20,TOSSUP,SHORT_ANSWER,EARTH_SPACE,"Just after the Big Bang, a large number of small primordial black holes are thought to have formed from condensed matter. Many of these objects have likely dissipated due to the action of what form of radiation that causes black holes to lose mass?","Just after the Big Bang, a large number of small primordial black holes are thought to have formed from condensed matter. Many of these objects have likely dissipated due to the action of what form of radiation that causes black holes to lose mass?",44,"""Hawking radiation""",[],SSB_2026
0893dd958622c372168847f4b4ec0ef4ffd6ecf0e5c4fc92db82112c30f60126,DOUBLE ELIMINATION 2,2026,40,20,BONUS,MULTIPLE_CHOICE,EARTH_SPACE,Which of the following metamorphic facies does NOT typically form via subduction zone metamorphism?,Which of the following metamorphic facies does NOT typically form via subduction zone metamorphism?,14,"""Y""","[""Blueschist"", ""Eclogite \\textbf{[EK-luh-jite]}"", ""Granulite"", ""Greenschist""]",SSB_2026
0893dd958622c372168847f4b4ec0ef4ffd6ecf0e5c4fc92db82112c30f60126,DOUBLE ELIMINATION 2,2026,41,21,TOSSUP,SHORT_ANSWER,MATH,Lumine rolls a standard die three times. What is the probability that she gets at least one repeated number?,Lumine rolls a standard die three times. What is the probability that she gets at least one repeated number?,19,"""4/9""",[],SSB_2026
0893dd958622c372168847f4b4ec0ef4ffd6ecf0e5c4fc92db82112c30f60126,DOUBLE ELIMINATION 2,2026,42,21,BONUS,SHORT_ANSWER,MATH,How many ways are there for Wemby to place 3 rooks in a 4 by 4 chess board if no two rooks can be in the same column or row?,How many ways are there for Wemby to place 3 rooks in a 4 by 4 chess board if no two rooks can be in the same column or row?,30,"""96""",[],SSB_2026
0893dd958622c372168847f4b4ec0ef4ffd6ecf0e5c4fc92db82112c30f60126,DOUBLE ELIMINATION 2,2026,43,22,TOSSUP,MULTIPLE_CHOICE,CHEMISTRY,"Eli analyzes a blood sample with GC-MS and finds many small, unknown peaks in place of distinct peaks corresponding to large organic compounds. Which of the following could be the cause of this?","Eli analyzes a blood sample with GC-MS and finds many small, unknown peaks in place of distinct peaks corresponding to large organic compounds. Which of the following could be the cause of this?",33,"""W""","[""The high temperatures used for gas chromatography degrades compounds"", ""Organic compounds in blood are not easily ionized"", ""The vacuum of the mass spectrometer does not have low enough pressure"", ""Gas chromatography has a relatively low resolution compared to liquid chromatography""]",SSB_2026
0893dd958622c372168847f4b4ec0ef4ffd6ecf0e5c4fc92db82112c30f60126,DOUBLE ELIMINATION 2,2026,44,22,BONUS,SHORT_ANSWER,CHEMISTRY,Identify all of the following three ground state neutral atoms whose first two ionizations remove two electrons from the same orbital: 1) Cobalt; 2) Chromium; 3) Copper.,Identify all of the following three ground state neutral atoms whose first two ionizations remove two electrons from the same orbital: 1) Cobalt; 2) Chromium; 3) Copper.,27,"""1 only""",[],SSB_2026
0893dd958622c372168847f4b4ec0ef4ffd6ecf0e5c4fc92db82112c30f60126,DOUBLE ELIMINATION 2,2026,45,23,TOSSUP,SHORT_ANSWER,PHYSICS,"Evan and Shelly both hold cylindrical metal bars that are 1 meter in length.  Evan begins spinning his bar about its center, while Shelley starts spinning her bar about its end. Assuming both rods are now spinning at the same angular velocity $\omega$ [Omega], by what factor is the angular momentum of Shelly’s bar greater than that of Evan’s bar?","Evan and Shelly both hold cylindrical metal bars that are 1 meter in length. Evan begins spinning his bar about its center, while Shelley starts spinning her bar about its end. Assuming both rods are now spinning at the same angular velocity [Omega], by what factor is the angular momentum of Shelly’s bar greater than that of Evan’s bar?",59,"""4""",[],SSB_2026
0893dd958622c372168847f4b4ec0ef4ffd6ecf0e5c4fc92db82112c30f60126,DOUBLE ELIMINATION 2,2026,46,23,BONUS,SHORT_ANSWER,PHYSICS,"An ideal gas does work as it expands isothermally from an initial volume $V$. In terms of $V$, what must its final volume be for its total work to be equal to $nRT$?","An ideal gas does work as it expands isothermally from an initial volume . In terms of , what must its final volume be for its total work to be equal to ?",33,"""$eV$""",[],SSB_2026
90ad383158a46a681dc2b164a6a1932953f25b650356d24d40211de23926eb07,DOUBLE ELIMINATION 3,2026,1,1,TOSSUP,MULTIPLE_CHOICE,EARTH_SPACE,Which of the following crystal habits is most likely to develop in an environment with very few nucleation sites?,Which of the following crystal habits is most likely to develop in an environment with very few nucleation sites?,19,"""Z""","[""Botryoidal \\textbf{[boh-tree-OY-dul]}"", ""Drusy \\textbf{[DROO-zee]}"", ""Massive"", ""Tabular""]",SSB_2026
90ad383158a46a681dc2b164a6a1932953f25b650356d24d40211de23926eb07,DOUBLE ELIMINATION 3,2026,2,1,BONUS,SHORT_ANSWER,EARTH_SPACE,Identify all of the following three objects that are indicaters of star formation: 1) Bok globules; 2) OB associations; 3) T Tauri associations.,Identify all of the following three objects that are indicaters of star formation: 1) Bok globules; 2) OB associations; 3) T Tauri associations.,23,"""All""",[],SSB_2026
90ad383158a46a681dc2b164a6a1932953f25b650356d24d40211de23926eb07,DOUBLE ELIMINATION 3,2026,3,2,TOSSUP,SHORT_ANSWER,BIOLOGY,"Protein phosphatases \textbf{[fos-FAH-tae-sis]} dephorsphorylate \textbf{[dee-fos-FOR-ee-late]} kinases to return them to their inactive state. Similarly for cyclic AMP, what enzyme degrades the secondary messenger to turn off a cell signaling pathway?","Protein phosphatases dephorsphorylate kinases to return them to their inactive state. Similarly for cyclic AMP, what enzyme degrades the secondary messenger to turn off a cell signaling pathway?",28,"""cAMP phosphodiesterase (ACCEPT: Phosphodiesterase)""",[],SSB_2026
90ad383158a46a681dc2b164a6a1932953f25b650356d24d40211de23926eb07,DOUBLE ELIMINATION 3,2026,4,2,BONUS,SHORT_ANSWER,BIOLOGY,Identify all of the following three processes that would involve the active transport of ions: 1) Movement of H$^+$ from a parietal cell into the stomach lumen; 2) Movement of Ca$^{2+}$ from the cytosol into the sarcoplasmic reticulum; 3) Movement of Na$^+$ from saliva into taste receptor cells.,Identify all of the following three processes that would involve the active transport of ions: 1) Movement of H from a parietal cell into the stomach lumen; 2) Movement of Ca from the cytosol into the sarcoplasmic reticulum; 3) Movement of Na from saliva into taste receptor cells.,48,"""1 and 2""",[],SSB_2026
90ad383158a46a681dc2b164a6a1932953f25b650356d24d40211de23926eb07,DOUBLE ELIMINATION 3,2026,5,3,TOSSUP,MULTIPLE_CHOICE,PHYSICS,"The tallest building in San Francisco is 300 meters tall and can be approximated as a thin rod with mass $M$. If an earthquake displaces the tower’s foundation such that it leans at an angle of five degrees relative to the vertical, which of the following best approximates the torque in newton meters exerted on the tower about its foundation?","The tallest building in San Francisco is 300 meters tall and can be approximated as a thin rod with mass . If an earthquake displaces the tower’s foundation such that it leans at an angle of five degrees relative to the vertical, which of the following best approximates the torque in newton meters exerted on the tower about its foundation?",60,"""Y""","[""$150 M G \\cos(5^{\\circ})$ \\textbf{[150 M g cosine 5 degrees]}"", ""$300 M G \\cos(5^{\\circ})$ \\textbf{[300 M g cosine 5 degrees]}"", ""$150 M G \\sin(5^{\\circ})$ \\textbf{[150 M g sine 5 degrees]}"", ""$300 M G \\sin(5^{\\circ})$ \\textbf{[300 M g sine 5 degrees]}""]",SSB_2026
90ad383158a46a681dc2b164a6a1932953f25b650356d24d40211de23926eb07,DOUBLE ELIMINATION 3,2026,6,3,BONUS,MULTIPLE_CHOICE,PHYSICS,Which of the following best describes how air resistance scales with an object’s velocity $v$?,Which of the following best describes how air resistance scales with an object’s velocity ?,15,"""X""","[""Generally proportional to $v$"", ""Proportional to $v$ at low velocity and $v^2$ at high velocity"", ""Proportional to $v^2$ at low velocity and $v$ at high velocity"", ""Generally proportional to $v^2$""]",SSB_2026
90ad383158a46a681dc2b164a6a1932953f25b650356d24d40211de23926eb07,DOUBLE ELIMINATION 3,2026,7,4,TOSSUP,MULTIPLE_CHOICE,CHEMISTRY,Which of the following transition elements crystallizes in a lattice with a 0.74 packing efficiency at room temperature?,Which of the following transition elements crystallizes in a lattice with a 0.74 packing efficiency at room temperature?,18,"""X""","[""Iron"", ""Gold"", ""Molybdenum"", ""Chromium""]",SSB_2026
90ad383158a46a681dc2b164a6a1932953f25b650356d24d40211de23926eb07,DOUBLE ELIMINATION 3,2026,8,4,BONUS,MULTIPLE_CHOICE,CHEMISTRY,Which of the following one-to-one mixtures of liquids would be expected to show the greatest deviation from Raoult’s \textbf{[rah-OOLZ]} law?,Which of the following one-to-one mixtures of liquids would be expected to show the greatest deviation from Raoult’s law?,19,"""Z""","[""Water and ethanol"", ""Water and cyclohexanol"", ""Hexane and butane"", ""Acetone and chloroform""]",SSB_2026
90ad383158a46a681dc2b164a6a1932953f25b650356d24d40211de23926eb07,DOUBLE ELIMINATION 3,2026,9,5,TOSSUP,SHORT_ANSWER,MATH,What is the area of a regular heptagon with side length 8 and apothem 13?,What is the area of a regular heptagon with side length 8 and apothem 13?,15,"""364""",[],SSB_2026
90ad383158a46a681dc2b164a6a1932953f25b650356d24d40211de23926eb07,DOUBLE ELIMINATION 3,2026,10,5,BONUS,SHORT_ANSWER,MATH,"How many subsets of the set {0, 1, 2, 3, 4, 5, 6, 7} have an odd number of elements?","How many subsets of the set {0, 1, 2, 3, 4, 5, 6, 7} have an odd number of elements?",20,"""128""",[],SSB_2026
90ad383158a46a681dc2b164a6a1932953f25b650356d24d40211de23926eb07,DOUBLE ELIMINATION 3,2026,11,6,TOSSUP,SHORT_ANSWER,ENERGY,"Researchers at Stanford are contributing to the Cryogenic Dark Matter Search, an experiment searching for WIMPs as candidates for dark matter. Identify all of the following three fundamental forces that are thought to affect WIMPs: 1) Gravity; 2) Electromagnetism; 3) Weak force.","Researchers at Stanford are contributing to the Cryogenic Dark Matter Search, an experiment searching for WIMPs as candidates for dark matter. Identify all of the following three fundamental forces that are thought to affect WIMPs: 1) Gravity; 2) Electromagnetism; 3) Weak force.",42,"""1 and 3""",[],SSB_2026
90ad383158a46a681dc2b164a6a1932953f25b650356d24d40211de23926eb07,DOUBLE ELIMINATION 3,2026,12,6,BONUS,MULTIPLE_CHOICE,ENERGY,"Scientists at Stanford’s Kim Lab are comparing the mean body mass of two small independent samples, with population standard deviations unknown. Which statistical test is most appropriate to determine whether the population means differ?","Scientists at Stanford’s Kim Lab are comparing the mean body mass of two small independent samples, with population standard deviations unknown. Which statistical test is most appropriate to determine whether the population means differ?",34,"""X""","[""ANOVA"", ""T-test"", ""Chi-square test"", ""Linear regression""]",SSB_2026
90ad383158a46a681dc2b164a6a1932953f25b650356d24d40211de23926eb07,DOUBLE ELIMINATION 3,2026,13,7,TOSSUP,SHORT_ANSWER,EARTH_SPACE,Order the following three eruptive types in terms of increasing strength: 1) Plinian; 2) Strombolian; 3) Vulcanian.,Order the following three eruptive types in terms of increasing strength: 1) Plinian; 2) Strombolian; 3) Vulcanian.,17,"""2, 3, 1""",[],SSB_2026
90ad383158a46a681dc2b164a6a1932953f25b650356d24d40211de23926eb07,DOUBLE ELIMINATION 3,2026,14,7,BONUS,MULTIPLE_CHOICE,EARTH_SPACE,"Compared to a comet orbiting the Sun at the same relative distance, how would a comet orbiting an O-type main-sequence star most likely differ?","Compared to a comet orbiting the Sun at the same relative distance, how would a comet orbiting an O-type main-sequence star most likely differ?",24,"""W""","[""Larger dust tail, larger ion tail"", ""Larger dust tail, smaller ion tail"", ""Smaller dust tail, larger ion tail"", ""Smaller dust tail, smaller ion tail""]",SSB_2026
90ad383158a46a681dc2b164a6a1932953f25b650356d24d40211de23926eb07,DOUBLE ELIMINATION 3,2026,15,8,TOSSUP,SHORT_ANSWER,CHEMISTRY,"The atomic radius of hafnium is nearly the same as that of zirconium, despite hafnium being located below zirconium on the periodic table. What phenomenon contributes to this unexpectedly small increase in radius between zirconium and hafnium?","The atomic radius of hafnium is nearly the same as that of zirconium, despite hafnium being located below zirconium on the periodic table. What phenomenon contributes to this unexpectedly small increase in radius between zirconium and hafnium?",37,"""Lanthanide contraction""",[],SSB_2026
90ad383158a46a681dc2b164a6a1932953f25b650356d24d40211de23926eb07,DOUBLE ELIMINATION 3,2026,16,8,BONUS,SHORT_ANSWER,CHEMISTRY,"An isotope decays in a first order reaction with a rate constant of 0.5 inverse seconds. To two significant figures, what is the ratio of the initial concentration of the isotope to its concentration after 2.1 seconds?","An isotope decays in a first order reaction with a rate constant of 0.5 inverse seconds. To two significant figures, what is the ratio of the initial concentration of the isotope to its concentration after 2.1 seconds?",37,"""2.8""",[],SSB_2026
90ad383158a46a681dc2b164a6a1932953f25b650356d24d40211de23926eb07,DOUBLE ELIMINATION 3,2026,17,9,TOSSUP,SHORT_ANSWER,PHYSICS,"What effect occurs when an external magnetic field causes atomic sublevels with different magnetic quantum numbers to shift in energy by different amounts, resulting in a splitting of spectral lines?","What effect occurs when an external magnetic field causes atomic sublevels with different magnetic quantum numbers to shift in energy by different amounts, resulting in a splitting of spectral lines?",30,"""Zeeman effect (ACCEPT: Normal Zeeman effect, anomalous Zeeman effect)""",[],SSB_2026
90ad383158a46a681dc2b164a6a1932953f25b650356d24d40211de23926eb07,DOUBLE ELIMINATION 3,2026,18,9,BONUS,MULTIPLE_CHOICE,PHYSICS,A proton and an alpha particle travel at the same velocity. What is the ratio of the de Broglie \textbf{[duh BROY]} wavelength of the proton to that of the alpha particle?,A proton and an alpha particle travel at the same velocity. What is the ratio of the de Broglie wavelength of the proton to that of the alpha particle?,29,"""Z""","[""1 to 4"", ""1 to 2"", ""2 to 1"", ""4 to 1""]",SSB_2026
90ad383158a46a681dc2b164a6a1932953f25b650356d24d40211de23926eb07,DOUBLE ELIMINATION 3,2026,19,10,TOSSUP,MULTIPLE_CHOICE,BIOLOGY,A knockout mutation to which of the following enzymes will most likely lead to a high NADH to NAD+ ratio in the cell?,A knockout mutation to which of the following enzymes will most likely lead to a high NADH to NAD+ ratio in the cell?,23,"""Z""","[""Hexokinase"", ""Phosphofructokinase"", ""G3P dehydrogenase"", ""Lactate dehydrogenase""]",SSB_2026
90ad383158a46a681dc2b164a6a1932953f25b650356d24d40211de23926eb07,DOUBLE ELIMINATION 3,2026,20,10,BONUS,SHORT_ANSWER,BIOLOGY,Order the following three aneuploidy disorders by increasing average lifespan of affected individuals: 1) Trisomy of chromosome 13; 2) Trisomy of chromosome 21; 3) Monosomy of X chromosome.,Order the following three aneuploidy disorders by increasing average lifespan of affected individuals: 1) Trisomy of chromosome 13; 2) Trisomy of chromosome 21; 3) Monosomy of X chromosome.,28,"""1, 2, 3""",[],SSB_2026
90ad383158a46a681dc2b164a6a1932953f25b650356d24d40211de23926eb07,DOUBLE ELIMINATION 3,2026,21,11,TOSSUP,MULTIPLE_CHOICE,ENERGY,Scientists at UCLA’s Koehler Lab are studying how Meiosis I arrest abnormalities affect human reproduction. How many homologous chromosomes are in each human sperm cell after the completion of meiosis?,Scientists at UCLA’s Koehler Lab are studying how Meiosis I arrest abnormalities affect human reproduction. How many homologous chromosomes are in each human sperm cell after the completion of meiosis?,30,"""W""","[""0"", ""2"", ""23"", ""46""]",SSB_2026
90ad383158a46a681dc2b164a6a1932953f25b650356d24d40211de23926eb07,DOUBLE ELIMINATION 3,2026,22,11,BONUS,MULTIPLE_CHOICE,ENERGY,"Scientists in the Zong Group at Stanford are studying Mott insulators, which are insulators that band theory predicts to be metals. Which of the following best describes the band structure of most materials predicted to be metals?","Scientists in the Zong Group at Stanford are studying Mott insulators, which are insulators that band theory predicts to be metals. Which of the following best describes the band structure of most materials predicted to be metals?",37,"""X""","[""Conduction and valence bands entirely overlap"", ""Conduction and valence bands partially overlap"", ""Conduction and valence bands are adjacent but not overlapping"", ""Conduction and valence bands are far from each other""]",SSB_2026
90ad383158a46a681dc2b164a6a1932953f25b650356d24d40211de23926eb07,DOUBLE ELIMINATION 3,2026,23,12,TOSSUP,SHORT_ANSWER,MATH,"What is the space diagonal of a four−dimensional rectangular prism with side lengths of 2, 4, 5, and 6?","What is the space diagonal of a four−dimensional rectangular prism with side lengths of 2, 4, 5, and 6?",19,"""9""",[],SSB_2026
90ad383158a46a681dc2b164a6a1932953f25b650356d24d40211de23926eb07,DOUBLE ELIMINATION 3,2026,24,12,BONUS,SHORT_ANSWER,MATH,"Mark constructs a unit circle and inscribes a square inside the circle. He then inscribes a circle inside the square, and then a square inside that circle, and repeats this process indefinitely. The total area of all the circles approaches what value?","Mark constructs a unit circle and inscribes a square inside the circle. He then inscribes a circle inside the square, and then a square inside that circle, and repeats this process indefinitely. The total area of all the circles approaches what value?",42,"""$2\\pi$""",[],SSB_2026
90ad383158a46a681dc2b164a6a1932953f25b650356d24d40211de23926eb07,DOUBLE ELIMINATION 3,2026,25,13,TOSSUP,SHORT_ANSWER,EARTH_SPACE,What type of nebula appears blue because its interstellar dust scatters light from a nearby star rather than emitting its own radiation?,What type of nebula appears blue because its interstellar dust scatters light from a nearby star rather than emitting its own radiation?,22,"""Reflection nebula [ASr]""",[],SSB_2026
90ad383158a46a681dc2b164a6a1932953f25b650356d24d40211de23926eb07,DOUBLE ELIMINATION 3,2026,26,13,BONUS,SHORT_ANSWER,EARTH_SPACE,"Anurag has discovered a star with a peak wavelength in the UV. If the Sun has a temperature of 6000 K and a peak wavelength of 500 nm, then what is the minimum temperature of Anurag’s star if the star emits most of its visible light at 400 nm?","Anurag has discovered a star with a peak wavelength in the UV. If the Sun has a temperature of 6000 K and a peak wavelength of 500 nm, then what is the minimum temperature of Anurag’s star if the star emits most of its visible light at 400 nm?",49,"""7500 K""",[],SSB_2026
90ad383158a46a681dc2b164a6a1932953f25b650356d24d40211de23926eb07,DOUBLE ELIMINATION 3,2026,27,14,TOSSUP,MULTIPLE_CHOICE,PHYSICS,"A string is attached to a wall at one end. Eddy pulls on the other end, creating a tension T. He notices that a wave traveling along the string has speed v. If Eddy pulls harder to increase the tension to 3T, at what speed would a new wave travel along the spring?","A string is attached to a wall at one end. Eddy pulls on the other end, creating a tension T. He notices that a wave traveling along the string has speed v. If Eddy pulls harder to increase the tension to 3T, at what speed would a new wave travel along the spring?",53,"""X""","[""v"", ""$\\sqrt{3}$v"", ""3v"", ""9v""]",SSB_2026
90ad383158a46a681dc2b164a6a1932953f25b650356d24d40211de23926eb07,DOUBLE ELIMINATION 3,2026,28,14,BONUS,MULTIPLE_CHOICE,PHYSICS,Which of the following best describes the charge produced on the surface of a spherical conductor from a charge Q in a cavity near the surface of the conductor?,Which of the following best describes the charge produced on the surface of a spherical conductor from a charge Q in a cavity near the surface of the conductor?,29,"""Y""","[""Charge less than Q evenly distributed over the surface"", ""Charge less than Q unevenly distributed over the surface"", ""Charge equal to Q evenly distributed over the surface"", ""Charge equal to Q unevenly distributed over the surface""]",SSB_2026
90ad383158a46a681dc2b164a6a1932953f25b650356d24d40211de23926eb07,DOUBLE ELIMINATION 3,2026,29,15,TOSSUP,SHORT_ANSWER,CHEMISTRY,"In photoelectric devices, electrons are ejected from a metal surface only if incoming light has enough energy to overcome a material-specific threshold. What is the name of this threshold energy required to remove an electron from the surface of a metal in a vacuum?","In photoelectric devices, electrons are ejected from a metal surface only if incoming light has enough energy to overcome a material-specific threshold. What is the name of this threshold energy required to remove an electron from the surface of a metal in a vacuum?",44,"""Work function""",[],SSB_2026
90ad383158a46a681dc2b164a6a1932953f25b650356d24d40211de23926eb07,DOUBLE ELIMINATION 3,2026,30,15,BONUS,SHORT_ANSWER,CHEMISTRY,Identify all of the following three statements which are true about water’s HOMO \textbf{[ho-mo]} and LUMO \textbf{[lu-mo]}: 1) Water’s molecular plane is the nodal plane of its HOMO; 2) Water’s HOMO is non-bonding; 3) Water’s LUMO donates electrons when it acts as a nucleophile.,Identify all of the following three statements which are true about water’s HOMO and LUMO : 1) Water’s molecular plane is the nodal plane of its HOMO; 2) Water’s HOMO is non-bonding; 3) Water’s LUMO donates electrons when it acts as a nucleophile.,43,"""1 and 2""",[],SSB_2026
90ad383158a46a681dc2b164a6a1932953f25b650356d24d40211de23926eb07,DOUBLE ELIMINATION 3,2026,31,16,TOSSUP,MULTIPLE_CHOICE,ENERGY,Scientists at the Johns Hopkins Thoi Lab are investigating elements with high chemical stability for use in fuel cells. Which of the following elements has the highest first ionization energy?,Scientists at the Johns Hopkins Thoi Lab are investigating elements with high chemical stability for use in fuel cells. Which of the following elements has the highest first ionization energy?,30,"""Y""","[""Lithium"", ""Copper"", ""Silicon"", ""Sodium""]",SSB_2026
90ad383158a46a681dc2b164a6a1932953f25b650356d24d40211de23926eb07,DOUBLE ELIMINATION 3,2026,32,16,BONUS,SHORT_ANSWER,ENERGY,Scientists at the Johns Hopkins Maksimovic Lab are studying the hadronic decays of heavy particles produced by the Large Hadron Collider. Identify all of the following particles that could be produced during hadronic decay: 1) Proton; 2) Tauon; 3) Pion.,Scientists at the Johns Hopkins Maksimovic Lab are studying the hadronic decays of heavy particles produced by the Large Hadron Collider. Identify all of the following particles that could be produced during hadronic decay: 1) Proton; 2) Tauon; 3) Pion.,40,"""1 and 3""",[],SSB_2026
90ad383158a46a681dc2b164a6a1932953f25b650356d24d40211de23926eb07,DOUBLE ELIMINATION 3,2026,33,17,TOSSUP,SHORT_ANSWER,MATH,What is the maximum possible number of intersection points between nine circles?,What is the maximum possible number of intersection points between nine circles?,12,"""72""",[],SSB_2026
90ad383158a46a681dc2b164a6a1932953f25b650356d24d40211de23926eb07,DOUBLE ELIMINATION 3,2026,34,17,BONUS,SHORT_ANSWER,MATH,A rectangular room has an area of 42 and a perimeter of 34. What is the length of the smallest side of the room?,A rectangular room has an area of 42 and a perimeter of 34. What is the length of the smallest side of the room?,24,"""3""",[],SSB_2026
90ad383158a46a681dc2b164a6a1932953f25b650356d24d40211de23926eb07,DOUBLE ELIMINATION 3,2026,35,18,TOSSUP,SHORT_ANSWER,BIOLOGY,"In maize, what shield-shaped cotyledon \textbf{[koh-tuh-LEE-din]} absorbs nutrients from the endosperm and transfers them to the developing embryo during germination?","In maize, what shield-shaped cotyledon absorbs nutrients from the endosperm and transfers them to the developing embryo during germination?",19,"""Scutellum""",[],SSB_2026
90ad383158a46a681dc2b164a6a1932953f25b650356d24d40211de23926eb07,DOUBLE ELIMINATION 3,2026,36,18,BONUS,SHORT_ANSWER,BIOLOGY,"Edwin and his father Edbig go camping when Edbig is attacked by a bear. Edwin can either run away with his survival guaranteed or attempt to save his father. If Edwin can have 4 offspring and Edbig can have 2 more offspring, what is the minimum probability that Edwin survives that makes saving his father evolutionarily favorable?","Edwin and his father Edbig go camping when Edbig is attacked by a bear. Edwin can either run away with his survival guaranteed or attempt to save his father. If Edwin can have 4 offspring and Edbig can have 2 more offspring, what is the minimum probability that Edwin survives that makes saving his father evolutionarily favorable?",57,"""0.75""",[],SSB_2026
90ad383158a46a681dc2b164a6a1932953f25b650356d24d40211de23926eb07,DOUBLE ELIMINATION 3,2026,37,19,TOSSUP,SHORT_ANSWER,CHEMISTRY,What is the angular momentum of an electron in a 3s orbital?,What is the angular momentum of an electron in a 3s orbital?,12,"""0""",[],SSB_2026
90ad383158a46a681dc2b164a6a1932953f25b650356d24d40211de23926eb07,DOUBLE ELIMINATION 3,2026,38,19,BONUS,SHORT_ANSWER,CHEMISTRY,Charlie analyzes the production of acetaldehyde from ethylene and oxygen using proton NMR spectroscopy. What is the positive difference between the number of peaks that would be observed between the reactants and the product?,Charlie analyzes the production of acetaldehyde from ethylene and oxygen using proton NMR spectroscopy. What is the positive difference between the number of peaks that would be observed between the reactants and the product?,34,"""1""",[],SSB_2026
90ad383158a46a681dc2b164a6a1932953f25b650356d24d40211de23926eb07,DOUBLE ELIMINATION 3,2026,39,20,TOSSUP,SHORT_ANSWER,EARTH_SPACE,"If wind patterns shift over time and begin blowing from two consistent directions, transverse dunes can stretch and realign into long, parallel formations. What type of dune would they eventually become?","If wind patterns shift over time and begin blowing from two consistent directions, transverse dunes can stretch and realign into long, parallel formations. What type of dune would they eventually become?",31,"""Longitudinal""",[],SSB_2026
90ad383158a46a681dc2b164a6a1932953f25b650356d24d40211de23926eb07,DOUBLE ELIMINATION 3,2026,40,20,BONUS,MULTIPLE_CHOICE,EARTH_SPACE,Low nutrient levels and clear water indicate the presence of which of the following types of lakes?,Low nutrient levels and clear water indicate the presence of which of the following types of lakes?,17,"""Z""","[""Endorheic \\textbf{[en-duh-REE-ik]}"", ""Exorheic \\textbf{[EX-uh-ree-ik]}"", ""Eutrophic \\textbf{[yoo-TROH-fik]}"", ""Oligotrophic \\textbf{[uh-lig-oh-TROH-fik]}""]",SSB_2026
90ad383158a46a681dc2b164a6a1932953f25b650356d24d40211de23926eb07,DOUBLE ELIMINATION 3,2026,41,21,TOSSUP,MULTIPLE_CHOICE,PHYSICS,The useful work extractable from a closed thermodynamic system at constant temperature and volume is given by which of the following quantities?,The useful work extractable from a closed thermodynamic system at constant temperature and volume is given by which of the following quantities?,22,"""Z""","[""Enthalpy"", ""Entropy"", ""Gibbs free energy"", ""Helmholtz free energy""]",SSB_2026
90ad383158a46a681dc2b164a6a1932953f25b650356d24d40211de23926eb07,DOUBLE ELIMINATION 3,2026,42,21,BONUS,SHORT_ANSWER,PHYSICS,"A rocket reaches a speed of 1 kilometer per second before its propulsion fails and shuts off. Ignoring air resistance, what is the maximum height, in kilometers, it could reach above its current position before falling back to the ground?","A rocket reaches a speed of 1 kilometer per second before its propulsion fails and shuts off. Ignoring air resistance, what is the maximum height, in kilometers, it could reach above its current position before falling back to the ground?",40,"""51""",[],SSB_2026
90ad383158a46a681dc2b164a6a1932953f25b650356d24d40211de23926eb07,DOUBLE ELIMINATION 3,2026,43,22,TOSSUP,MULTIPLE_CHOICE,BIOLOGY,Which of the following best describes how the primary nitrogenous waste excreted by a frog changes as it ages into an adult?,Which of the following best describes how the primary nitrogenous waste excreted by a frog changes as it ages into an adult?,22,"""Y""","[""Urea to ammonia"", ""Urea to uric acid"", ""Ammonia to urea"", ""Ammonia to uric acid""]",SSB_2026
90ad383158a46a681dc2b164a6a1932953f25b650356d24d40211de23926eb07,DOUBLE ELIMINATION 3,2026,44,22,BONUS,SHORT_ANSWER,BIOLOGY,"In a mature oak tree, order the following three cells by increasing distance from the pith: 1) Youngest vessel element; 2) Youngest sieve tube element; 3) Oldest sieve tube element.","In a mature oak tree, order the following three cells by increasing distance from the pith: 1) Youngest vessel element; 2) Youngest sieve tube element; 3) Oldest sieve tube element.",30,"""1, 2, 3""",[],SSB_2026
90ad383158a46a681dc2b164a6a1932953f25b650356d24d40211de23926eb07,DOUBLE ELIMINATION 3,2026,45,23,TOSSUP,SHORT_ANSWER,MATH,"A rectangular prism has three faces of area 8, 14, and 28. What is the volume of the prism?","A rectangular prism has three faces of area 8, 14, and 28. What is the volume of the prism?",19,"""56""",[],SSB_2026
90ad383158a46a681dc2b164a6a1932953f25b650356d24d40211de23926eb07,DOUBLE ELIMINATION 3,2026,46,23,BONUS,SHORT_ANSWER,MATH,Order the following three numbers in different bases from smallest to largest when expressed in base 10: 1) 1012 base 3 \textbf{[one zero one two base three]}; 2) 133 base 8 \textbf{[one three three base eight]}; 3) 210 base 5 \textbf{[two one zero base five]}.,Order the following three numbers in different bases from smallest to largest when expressed in base 10: 1) 1012 base 3 ; 2) 133 base 8 ; 3) 210 base 5 .,32,"""1, 3, 2""",[],SSB_2026
d6c5a411df32560bd2f939dc8903d0e11d37f6844b0f5e474a268148f0e34ec6,DOUBLE ELIMINATION 4,2026,1,1,TOSSUP,SHORT_ANSWER,CHEMISTRY,"In chemical kinetics, what term describes the change in a reaction’s rate constant when hydrogen is replaced by deuterium, due to differences in zero-point energy and bond vibrational frequencies?","In chemical kinetics, what term describes the change in a reaction’s rate constant when hydrogen is replaced by deuterium, due to differences in zero-point energy and bond vibrational frequencies?",29,"""Kinetic isotope effect""",[],SSB_2026
d6c5a411df32560bd2f939dc8903d0e11d37f6844b0f5e474a268148f0e34ec6,DOUBLE ELIMINATION 4,2026,2,1,BONUS,SHORT_ANSWER,CHEMISTRY,"At the Boyle temperature, what is the exponent of the leading-order term describing the deviation of the compressibility factor Z from ideal behavior when the virial equation is written as a power series in density?","At the Boyle temperature, what is the exponent of the leading-order term describing the deviation of the compressibility factor Z from ideal behavior when the virial equation is written as a power series in density?",35,"""2 (ACCEPT: Second order)""",[],SSB_2026
d6c5a411df32560bd2f939dc8903d0e11d37f6844b0f5e474a268148f0e34ec6,DOUBLE ELIMINATION 4,2026,3,2,TOSSUP,MULTIPLE_CHOICE,BIOLOGY,"Katherine is spinning in her gaming chair, accelerating only in the counterclockwise direction. As she gains speed, which of the following best describes action potential frequency in afferent neurons from her utricle and saccule, respectively?","Katherine is spinning in her gaming chair, accelerating only in the counterclockwise direction. As she gains speed, which of the following best describes action potential frequency in afferent neurons from her utricle and saccule, respectively?",35,"""Z""","[""Increased frequency, increased frequency"", ""Increased frequency, baseline frequency"", ""Baseline frequency, increased frequency"", ""Baseline frequency, baseline frequency""]",SSB_2026
d6c5a411df32560bd2f939dc8903d0e11d37f6844b0f5e474a268148f0e34ec6,DOUBLE ELIMINATION 4,2026,4,2,BONUS,SHORT_ANSWER,BIOLOGY,Identify all of the following three roles that all amino acids can act as: 1) Hydrogen bond donor; 2) Electron pair donor; 3) Proton donor.,Identify all of the following three roles that all amino acids can act as: 1) Hydrogen bond donor; 2) Electron pair donor; 3) Proton donor.,25,"""All""",[],SSB_2026
d6c5a411df32560bd2f939dc8903d0e11d37f6844b0f5e474a268148f0e34ec6,DOUBLE ELIMINATION 4,2026,5,3,TOSSUP,SHORT_ANSWER,PHYSICS,A hoop of mass m and radius r is rolling without slipping down a hill at speed v. What is the ratio of rotational kinetic energy to linear kinetic energy for the hoop?,A hoop of mass m and radius r is rolling without slipping down a hill at speed v. What is the ratio of rotational kinetic energy to linear kinetic energy for the hoop?,33,"""1:1 (ACCEPT: 1)""",[],SSB_2026
d6c5a411df32560bd2f939dc8903d0e11d37f6844b0f5e474a268148f0e34ec6,DOUBLE ELIMINATION 4,2026,6,3,BONUS,MULTIPLE_CHOICE,PHYSICS,Phasors are a mathematical tool most directly used to represent which of the following types of signals?,Phasors are a mathematical tool most directly used to represent which of the following types of signals?,17,"""W""","[""Sinusoidal"", ""Damped sinusoidal"", ""Exponential growth"", ""Exponential decay""]",SSB_2026
d6c5a411df32560bd2f939dc8903d0e11d37f6844b0f5e474a268148f0e34ec6,DOUBLE ELIMINATION 4,2026,7,4,TOSSUP,SHORT_ANSWER,EARTH_SPACE,"The gravitational influence of Jupiter results in the formation of what features within the asteroid belt, where few asteroids are found?","The gravitational influence of Jupiter results in the formation of what features within the asteroid belt, where few asteroids are found?",21,"""Kirkwood gaps""",[],SSB_2026
d6c5a411df32560bd2f939dc8903d0e11d37f6844b0f5e474a268148f0e34ec6,DOUBLE ELIMINATION 4,2026,8,4,BONUS,MULTIPLE_CHOICE,EARTH_SPACE,"If melt within a magma chamber were superheated far above its liquidus temperature prior to eruption, which of the following textures would most likely characterize the resulting volcanic rock?","If melt within a magma chamber were superheated far above its liquidus temperature prior to eruption, which of the following textures would most likely characterize the resulting volcanic rock?",29,"""X""","[""Abundant large phenocrysts \\textbf{[FEE-noh-crists]} in a fine groundmass"", ""Glassy or aphanitic \\textbf{[af-uh-NIH-tik]} texture with few or no phenocrysts"", ""Strongly porphyritic \\textbf{[por-fuh-RIH-tik]} texture with resorbed crystals"", ""Pegmatitic \\textbf{[peg-muh-TIH-tik]} texture""]",SSB_2026
d6c5a411df32560bd2f939dc8903d0e11d37f6844b0f5e474a268148f0e34ec6,DOUBLE ELIMINATION 4,2026,9,5,TOSSUP,SHORT_ANSWER,ENERGY,"Researchers at the Stanford Institute for Human-Centered Artificial Intelligence are studying new methods of policy optimization in machine learning. What machine learning paradigm are these researchers studying, which attempts to determine how a model should act in an environment to maximize a reward?","Researchers at the Stanford Institute for Human-Centered Artificial Intelligence are studying new methods of policy optimization in machine learning. What machine learning paradigm are these researchers studying, which attempts to determine how a model should act in an environment to maximize a reward?",43,"""Reinforcement learning""",[],SSB_2026
d6c5a411df32560bd2f939dc8903d0e11d37f6844b0f5e474a268148f0e34ec6,DOUBLE ELIMINATION 4,2026,10,5,BONUS,SHORT_ANSWER,ENERGY,"Scientists at UCLA’s Energy Research Center are analyzing urban power transmission systems. Before electricity from transmission lines reaches consumers, it passes through a step-down transformer. Identify all of the following 3 changes that occur across an ideal step-down transformer: 1) The voltage decreases; 2) The current decreases; 3) The electrical power decreases.","Scientists at UCLA’s Energy Research Center are analyzing urban power transmission systems. Before electricity from transmission lines reaches consumers, it passes through a step-down transformer. Identify all of the following 3 changes that occur across an ideal step-down transformer: 1) The voltage decreases; 2) The current decreases; 3) The electrical power decreases.",52,"""1 only""",[],SSB_2026
d6c5a411df32560bd2f939dc8903d0e11d37f6844b0f5e474a268148f0e34ec6,DOUBLE ELIMINATION 4,2026,11,6,TOSSUP,SHORT_ANSWER,MATH,"Jean is travelling to Lisa’s house, which is 5 miles away. If she needs to be there in 15 minutes and jogs the first two miles in 10 minutes, how fast in miles per hour does Jean need to travel in order to reach Lisa’s house on time?","Jean is travelling to Lisa’s house, which is 5 miles away. If she needs to be there in 15 minutes and jogs the first two miles in 10 minutes, how fast in miles per hour does Jean need to travel in order to reach Lisa’s house on time?",48,"""36""",[],SSB_2026
d6c5a411df32560bd2f939dc8903d0e11d37f6844b0f5e474a268148f0e34ec6,DOUBLE ELIMINATION 4,2026,12,6,BONUS,SHORT_ANSWER,MATH,"What is the determinant of the $3 \times 3$ matrix with first row 1, 3, 5, second row 0, 0, 3, and third row −1, 1, 1?","What is the determinant of the matrix with first row 1, 3, 5, second row 0, 0, 3, and third row −1, 1, 1?",24,"""\u221212""",[],SSB_2026
d6c5a411df32560bd2f939dc8903d0e11d37f6844b0f5e474a268148f0e34ec6,DOUBLE ELIMINATION 4,2026,13,7,TOSSUP,SHORT_ANSWER,PHYSICS,A spacecraft intends to move from low Earth orbit to a geostationary orbit. What orbital maneuver will allow the spacecraft to make the move with the smallest required delta v?,A spacecraft intends to move from low Earth orbit to a geostationary orbit. What orbital maneuver will allow the spacecraft to make the move with the smallest required delta v?,30,"""Hohmann transfer""",[],SSB_2026
d6c5a411df32560bd2f939dc8903d0e11d37f6844b0f5e474a268148f0e34ec6,DOUBLE ELIMINATION 4,2026,14,7,BONUS,SHORT_ANSWER,PHYSICS,Claire constructs a parallel plate capacitor with two square plates of side length $d$. She then cuts each plate into a circle with diameter $d$. By what factor is the capacitance multiplied when Claire changes the plates’ shapes?,Claire constructs a parallel plate capacitor with two square plates of side length . She then cuts each plate into a circle with diameter . By what factor is the capacitance multiplied when Claire changes the plates’ shapes?,38,"""$\\frac{\\pi}{4}$""",[],SSB_2026
d6c5a411df32560bd2f939dc8903d0e11d37f6844b0f5e474a268148f0e34ec6,DOUBLE ELIMINATION 4,2026,15,8,TOSSUP,SHORT_ANSWER,EARTH_SPACE,Order the following three spectral classes in terms of increasing strength of Balmer absorption lines in their spectra: 1) O; 2) A; 3) M.,Order the following three spectral classes in terms of increasing strength of Balmer absorption lines in their spectra: 1) O; 2) A; 3) M.,24,"""1, 3, 2""",[],SSB_2026
d6c5a411df32560bd2f939dc8903d0e11d37f6844b0f5e474a268148f0e34ec6,DOUBLE ELIMINATION 4,2026,16,8,BONUS,MULTIPLE_CHOICE,EARTH_SPACE,Which of the following phenomena would most directly increase the global frequency of noctilucent cloud formation?,Which of the following phenomena would most directly increase the global frequency of noctilucent cloud formation?,16,"""Y""","[""Eruption of a supervolcano"", ""Occurrence of a coronal mass ejection"", ""Passage of the Earth through a comet\u2019s dust tail"", ""Decrease in solar wind intensity""]",SSB_2026
d6c5a411df32560bd2f939dc8903d0e11d37f6844b0f5e474a268148f0e34ec6,DOUBLE ELIMINATION 4,2026,17,9,TOSSUP,SHORT_ANSWER,BIOLOGY,"If the start codon accumulates random nucleotide substitutions over time, order the following three outcomes by increasing likelihood of occurance: 1) A silent mutation; 2) A missense mutation; 3) A nonsense mutation.","If the start codon accumulates random nucleotide substitutions over time, order the following three outcomes by increasing likelihood of occurance: 1) A silent mutation; 2) A missense mutation; 3) A nonsense mutation.",32,"""1, 3, 2""",[],SSB_2026
d6c5a411df32560bd2f939dc8903d0e11d37f6844b0f5e474a268148f0e34ec6,DOUBLE ELIMINATION 4,2026,18,9,BONUS,SHORT_ANSWER,BIOLOGY,"Order the following three islands by increasing levels of competitive exclusion between species: 1) Large island, close to mainland; 2) Large island, far from the mainland; 3) Small island, close to the mainland.","Order the following three islands by increasing levels of competitive exclusion between species: 1) Large island, close to mainland; 2) Large island, far from the mainland; 3) Small island, close to the mainland.",33,"""2, 1, 3""",[],SSB_2026
d6c5a411df32560bd2f939dc8903d0e11d37f6844b0f5e474a268148f0e34ec6,DOUBLE ELIMINATION 4,2026,19,10,TOSSUP,MULTIPLE_CHOICE,ENERGY,"Scientists at UCLA’s Graphics Center are designing algorithms to process multidimensional data. If an algorithm processes every element in an N by N grid exactly once, what is the algorithm’s asymptotic time complexity?","Scientists at UCLA’s Graphics Center are designing algorithms to process multidimensional data. If an algorithm processes every element in an N by N grid exactly once, what is the algorithm’s asymptotic time complexity?",33,"""Y""","[""O of one"", ""O of N"", ""O of N squared"", ""O of log N""]",SSB_2026
d6c5a411df32560bd2f939dc8903d0e11d37f6844b0f5e474a268148f0e34ec6,DOUBLE ELIMINATION 4,2026,20,10,BONUS,SHORT_ANSWER,ENERGY,Scientists at UCLA’s Weather Center are studying ocean-atmosphere coupling during El Niño events. Identify all of the following changes that occur during El Niño events: 1) The thermocline deepens off the western coast of the Americas; 2) Upwelling decreases along the western coast of South America. 3) Strengthening of the Walker circulation.,Scientists at UCLA’s Weather Center are studying ocean-atmosphere coupling during El Niño events. Identify all of the following changes that occur during El Niño events: 1) The thermocline deepens off the western coast of the Americas; 2) Upwelling decreases along the western coast of South America. 3) Strengthening of the Walker circulation.,52,"""1 and 2""",[],SSB_2026
d6c5a411df32560bd2f939dc8903d0e11d37f6844b0f5e474a268148f0e34ec6,DOUBLE ELIMINATION 4,2026,21,11,TOSSUP,MULTIPLE_CHOICE,CHEMISTRY,Which of the following metals can support the most stable +1 oxidation state?,Which of the following metals can support the most stable +1 oxidation state?,13,"""Z""","[""Al"", ""Ga"", ""In"", ""Tl""]",SSB_2026
d6c5a411df32560bd2f939dc8903d0e11d37f6844b0f5e474a268148f0e34ec6,DOUBLE ELIMINATION 4,2026,22,11,BONUS,SHORT_ANSWER,CHEMISTRY,"Surya wants to determine if he needs to implement cathodic protection in a steel water heater to prevent corrosion from particularly alkaline water. To do so, he plots the stabilities of various phases of iron at different pH values and voltaic potentials. What type of diagram has he constructed?","Surya wants to determine if he needs to implement cathodic protection in a steel water heater to prevent corrosion from particularly alkaline water. To do so, he plots the stabilities of various phases of iron at different pH values and voltaic potentials. What type of diagram has he constructed?",49,"""Pourbaix \\textbf{[poor-BAY]}""",[],SSB_2026
d6c5a411df32560bd2f939dc8903d0e11d37f6844b0f5e474a268148f0e34ec6,DOUBLE ELIMINATION 4,2026,23,12,TOSSUP,MULTIPLE_CHOICE,MATH,Which of the following techniques does not give an exact value for the area under the curve f(x) = 5x + 6 from x = 0 to x = 2?,Which of the following techniques does not give an exact value for the area under the curve f(x) = 5x + 6 from x = 0 to x = 2?,30,"""Z""","[""Definite integral"", ""Midpoint Riemann sum with three subintervals"", ""Trapezoidal Riemann sum with four subintervals"", ""Left Riemann sum with five subintervals""]",SSB_2026
d6c5a411df32560bd2f939dc8903d0e11d37f6844b0f5e474a268148f0e34ec6,DOUBLE ELIMINATION 4,2026,24,12,BONUS,SHORT_ANSWER,MATH,A sphere in 3D space contains points in $n$ octants. What is the sum of all possible values of $n$?,A sphere in 3D space contains points in octants. What is the sum of all possible values of ?,19,"""36""",[],SSB_2026
d6c5a411df32560bd2f939dc8903d0e11d37f6844b0f5e474a268148f0e34ec6,DOUBLE ELIMINATION 4,2026,25,13,TOSSUP,MULTIPLE_CHOICE,ENERGY,Scientists at the Johns Hopkins Dang Lab are studying how oncogenes activate the transcription of telomerase. Which of the following cells has low telomerase activity?,Scientists at the Johns Hopkins Dang Lab are studying how oncogenes activate the transcription of telomerase. Which of the following cells has low telomerase activity?,25,"""Z""","[""Germ cells"", ""Stem cells"", ""Tumor cells"", ""Skin cells""]",SSB_2026
d6c5a411df32560bd2f939dc8903d0e11d37f6844b0f5e474a268148f0e34ec6,DOUBLE ELIMINATION 4,2026,26,13,BONUS,SHORT_ANSWER,ENERGY,Scientists at the Johns Hopkins Bevan Lab are studying how colloidal particles self-assemble under external electric fields by mapping their energy landscapes. Identify all of the following three statements that are true about colloids: 1) Colloids can scatter light; 2) The average particle size in colloids is smaller than those in solutions; 3) Colloidal particles settle out over time.,Scientists at the Johns Hopkins Bevan Lab are studying how colloidal particles self-assemble under external electric fields by mapping their energy landscapes. Identify all of the following three statements that are true about colloids: 1) Colloids can scatter light; 2) The average particle size in colloids is smaller than those in solutions; 3) Colloidal particles settle out over time.,59,"""1 only""",[],SSB_2026
d6c5a411df32560bd2f939dc8903d0e11d37f6844b0f5e474a268148f0e34ec6,DOUBLE ELIMINATION 4,2026,27,14,TOSSUP,SHORT_ANSWER,EARTH_SPACE,"When falling snowflakes encounter supercooled water droplets, they are coated in layers of ice and form soft, pellet-like balls. What is the name of this type of precipitation?","When falling snowflakes encounter supercooled water droplets, they are coated in layers of ice and form soft, pellet-like balls. What is the name of this type of precipitation?",28,"""Graupel""",[],SSB_2026
d6c5a411df32560bd2f939dc8903d0e11d37f6844b0f5e474a268148f0e34ec6,DOUBLE ELIMINATION 4,2026,28,14,BONUS,MULTIPLE_CHOICE,EARTH_SPACE,Which of the following best describes the expected state of the Local Group approximately 500 billion years in the future?,Which of the following best describes the expected state of the Local Group approximately 500 billion years in the future?,20,"""X""","[""The group will have expanded significantly due to dark energy, isolating all member galaxies"", ""The group will have merged into a single, massive elliptical galaxy"", ""Most stars will have been ejected into intergalactic space, leaving only black holes"", ""Star formation will have completely ceased leaving behind dead galaxies""]",SSB_2026
d6c5a411df32560bd2f939dc8903d0e11d37f6844b0f5e474a268148f0e34ec6,DOUBLE ELIMINATION 4,2026,29,15,TOSSUP,SHORT_ANSWER,PHYSICS,Identify all of the following four types of expansion and compression steps that can be present in an ideal Carnot heat engine: 1) Adiabatic; 2) Isobaric; 3) Isochoric; 4) Isothermal.,Identify all of the following four types of expansion and compression steps that can be present in an ideal Carnot heat engine: 1) Adiabatic; 2) Isobaric; 3) Isochoric; 4) Isothermal.,30,"""1 and 4""",[],SSB_2026
d6c5a411df32560bd2f939dc8903d0e11d37f6844b0f5e474a268148f0e34ec6,DOUBLE ELIMINATION 4,2026,30,15,BONUS,SHORT_ANSWER,PHYSICS,"Daniel is looking at a microscope through two polarizing filters placed one after another, both vertically oriented. If the incoming light is unpolarized, then in terms of the incident electric field strength $E$, what is the electric field strength of the light waves that Daniel sees?","Daniel is looking at a microscope through two polarizing filters placed one after another, both vertically oriented. If the incoming light is unpolarized, then in terms of the incident electric field strength , what is the electric field strength of the light waves that Daniel sees?",46,"""$\\frac{\\sqrt{2}}{2}E$ (ACCEPT: \\frac{E}{\\sqrt{2}})""",[],SSB_2026
d6c5a411df32560bd2f939dc8903d0e11d37f6844b0f5e474a268148f0e34ec6,DOUBLE ELIMINATION 4,2026,31,16,TOSSUP,SHORT_ANSWER,BIOLOGY,The primary electron acceptor in photosystem I transfers photoexcited electrons to what iron-sulfur protein that will reduce NADP+ to create NADPH?,The primary electron acceptor in photosystem I transfers photoexcited electrons to what iron-sulfur protein that will reduce NADP+ to create NADPH?,21,"""Ferredoxin (ACCEPT: Ferredoxin-NADP+ reductase)""",[],SSB_2026
d6c5a411df32560bd2f939dc8903d0e11d37f6844b0f5e474a268148f0e34ec6,DOUBLE ELIMINATION 4,2026,32,16,BONUS,MULTIPLE_CHOICE,BIOLOGY,Which of the following capillaries in the kidney would not experience net water reabsorption?,Which of the following capillaries in the kidney would not experience net water reabsorption?,14,"""X""","[""Proximal pertibular capillaries"", ""Descending vasa recta"", ""Ascending vasa recta"", ""Distal peritubular capillaries""]",SSB_2026
d6c5a411df32560bd2f939dc8903d0e11d37f6844b0f5e474a268148f0e34ec6,DOUBLE ELIMINATION 4,2026,33,17,TOSSUP,SHORT_ANSWER,CHEMISTRY,A molecule has the formula C4H8 and contains a carbon-carbon double bond. Which of the following is capable of exhibiting cis-trans (E–Z) stereoisomerism?,A molecule has the formula C4H8 and contains a carbon-carbon double bond. Which of the following is capable of exhibiting cis-trans (E–Z) stereoisomerism?,23,"""X) 2-butene""",[],SSB_2026
d6c5a411df32560bd2f939dc8903d0e11d37f6844b0f5e474a268148f0e34ec6,DOUBLE ELIMINATION 4,2026,34,17,BONUS,MULTIPLE_CHOICE,CHEMISTRY,Which of the following factors most significantly promotes an E2 mechanism over an SN2 mechanism in an organic reaction?,Which of the following factors most significantly promotes an E2 mechanism over an SN2 mechanism in an organic reaction?,19,"""Y""","[""Low temperature, protic solvent"", ""Low temperature, aprotic solvent"", ""High temperature, protic solvent"", ""High temperature, aprotic solvent""]",SSB_2026
d6c5a411df32560bd2f939dc8903d0e11d37f6844b0f5e474a268148f0e34ec6,DOUBLE ELIMINATION 4,2026,35,18,TOSSUP,SHORT_ANSWER,MATH,"What is the sum of the x coordinates of all points on the line y = 12 that are 13 units away from the point (5, 0)?","What is the sum of the x coordinates of all points on the line y = 12 that are 13 units away from the point (5, 0)?",27,"""10""",[],SSB_2026
d6c5a411df32560bd2f939dc8903d0e11d37f6844b0f5e474a268148f0e34ec6,DOUBLE ELIMINATION 4,2026,36,18,BONUS,SHORT_ANSWER,MATH,"What is the least common multiple of the three numbers 21, 35, and 56?","What is the least common multiple of the three numbers 21, 35, and 56?",14,"""840""",[],SSB_2026
d6c5a411df32560bd2f939dc8903d0e11d37f6844b0f5e474a268148f0e34ec6,DOUBLE ELIMINATION 4,2026,37,19,TOSSUP,SHORT_ANSWER,BIOLOGY,"The chloroplasts of cryptomonads contain small chromosomes that are transcribed within a tiny vestigial nucleus. What is the name of this remnant nucleus, which originates from secondary endosymbiosis?","The chloroplasts of cryptomonads contain small chromosomes that are transcribed within a tiny vestigial nucleus. What is the name of this remnant nucleus, which originates from secondary endosymbiosis?",28,"""Nucleomorph""",[],SSB_2026
d6c5a411df32560bd2f939dc8903d0e11d37f6844b0f5e474a268148f0e34ec6,DOUBLE ELIMINATION 4,2026,38,19,BONUS,SHORT_ANSWER,BIOLOGY,Identify all of the following three statements that are true about angiosperm reproduction: 1) A sperm cell fuses with one polar nuclei to form the primary endosperm nucleus; 2) A generative cell undergoes meiosis to form two sperm cells in a pollen grain; 3) Antipodal cells attract the pollen tube to the ovule through chemical signals.,Identify all of the following three statements that are true about angiosperm reproduction: 1) A sperm cell fuses with one polar nuclei to form the primary endosperm nucleus; 2) A generative cell undergoes meiosis to form two sperm cells in a pollen grain; 3) Antipodal cells attract the pollen tube to the ovule through chemical signals.,56,"""None""",[],SSB_2026
d6c5a411df32560bd2f939dc8903d0e11d37f6844b0f5e474a268148f0e34ec6,DOUBLE ELIMINATION 4,2026,39,20,TOSSUP,SHORT_ANSWER,EARTH_SPACE,Identify all of the following three coastal features that indicate the presence of a submergent shoreline: 1) Fjords; 2) Marine terraces; 3) Wave-cut platforms.,Identify all of the following three coastal features that indicate the presence of a submergent shoreline: 1) Fjords; 2) Marine terraces; 3) Wave-cut platforms.,24,"""1 and 3""",[],SSB_2026
d6c5a411df32560bd2f939dc8903d0e11d37f6844b0f5e474a268148f0e34ec6,DOUBLE ELIMINATION 4,2026,40,20,BONUS,MULTIPLE_CHOICE,EARTH_SPACE,Seismic waves recorded on crystalline bedrock typically exhibit larger amplitudes than those recorded on unconsolidated sandstone at the same distance from an epicenter. Which of the following best explains this difference?,Seismic waves recorded on crystalline bedrock typically exhibit larger amplitudes than those recorded on unconsolidated sandstone at the same distance from an epicenter. Which of the following best explains this difference?,31,"""X""","[""Sandstone reflects more energy at grain boundaries, increasing wave speed"", ""Loose, water-rich sediments dissipate energy through internal friction and scattering"", ""Bedrock amplifies waves through resonance"", ""Sandstone has a higher bulk modulus than crystalline rock""]",SSB_2026
d6c5a411df32560bd2f939dc8903d0e11d37f6844b0f5e474a268148f0e34ec6,DOUBLE ELIMINATION 4,2026,41,21,TOSSUP,SHORT_ANSWER,MATH,What is the sum of the first six perfect squares?,What is the sum of the first six perfect squares?,10,"""91""",[],SSB_2026
d6c5a411df32560bd2f939dc8903d0e11d37f6844b0f5e474a268148f0e34ec6,DOUBLE ELIMINATION 4,2026,42,21,BONUS,SHORT_ANSWER,MATH,How many real values of $x$ satisfy the equation $x^2 − |4x|−4=0$?,How many real values of satisfy the equation ?,9,"""2""",[],SSB_2026
d6c5a411df32560bd2f939dc8903d0e11d37f6844b0f5e474a268148f0e34ec6,DOUBLE ELIMINATION 4,2026,43,22,TOSSUP,SHORT_ANSWER,CHEMISTRY,The deprotonation of a carbonyl species alpha to the carbonyl carbon forms what negatively charged functional group?,The deprotonation of a carbonyl species alpha to the carbonyl carbon forms what negatively charged functional group?,17,"""Enolate""",[],SSB_2026
d6c5a411df32560bd2f939dc8903d0e11d37f6844b0f5e474a268148f0e34ec6,DOUBLE ELIMINATION 4,2026,44,22,BONUS,MULTIPLE_CHOICE,CHEMISTRY,Which of the following is true about the quantum particle in a box model?,Which of the following is true about the quantum particle in a box model?,14,"""Y""","[""The particle is confined to a region of finite nonzero potential"", ""The particle\u2019s wavefunction has nonzero value everywhere due to tunneling"", ""The particle\u2019s wavefunction inside the box has the same form as a free particle"", ""The particle can only take on finitely many energy values""]",SSB_2026
d6c5a411df32560bd2f939dc8903d0e11d37f6844b0f5e474a268148f0e34ec6,DOUBLE ELIMINATION 4,2026,45,23,TOSSUP,MULTIPLE_CHOICE,PHYSICS,"Ignoring vibration, how many degrees of freedom does a diatomic gas have?","Ignoring vibration, how many degrees of freedom does a diatomic gas have?",12,"""X""","[""3"", ""5"", ""7"", ""9""]",SSB_2026
d6c5a411df32560bd2f939dc8903d0e11d37f6844b0f5e474a268148f0e34ec6,DOUBLE ELIMINATION 4,2026,46,23,BONUS,MULTIPLE_CHOICE,PHYSICS,"A physical pendulum is made by swinging a small statue about a pivot located at its head. A sculptor creates a second statue out of the same material with each dimension twice that of the smaller statue. If the second statue is also made into a pendulum, which of the following is equal to the ratio between its period and the period of the smaller statue?","A physical pendulum is made by swinging a small statue about a pivot located at its head. A sculptor creates a second statue out of the same material with each dimension twice that of the smaller statue. If the second statue is also made into a pendulum, which of the following is equal to the ratio between its period and the period of the smaller statue?",66,"""Y""","[""$\\frac{1}{\\sqrt{2}}$"", ""1"", ""$\\sqrt{2}$"", ""2""]",SSB_2026
9851a2177c625b9b27546960c193be53c0a517ab55dc90e3eda4e80b768b4d77,DOUBLE ELIMINATION 5,2026,1,1,TOSSUP,SHORT_ANSWER,EARTH_SPACE,Order the following three soil horizons in order of increasing soil profile development: 1) Entisols; 2) Inceptisols; 3) Oxisols,Order the following three soil horizons in order of increasing soil profile development: 1) Entisols; 2) Inceptisols; 3) Oxisols,19,"""1, 2, 3""",[],SSB_2026
9851a2177c625b9b27546960c193be53c0a517ab55dc90e3eda4e80b768b4d77,DOUBLE ELIMINATION 5,2026,2,1,BONUS,MULTIPLE_CHOICE,EARTH_SPACE,The Huronian Glaciation was a 300-million-year period during which the entirety of Earth was buried under glaciers. Which of the following most likely triggered the Huronian Glaciation?,The Huronian Glaciation was a 300-million-year period during which the entirety of Earth was buried under glaciers. Which of the following most likely triggered the Huronian Glaciation?,27,"""W""","[""The depletion of atmospheric methane via the Great Oxygenation"", ""The formation of a supercontinent over the South Pole"", ""A series of volcanic eruptions forming a large igneous province"", ""Solar changes causing a sudden worldwide drop in oceanic salinity""]",SSB_2026
9851a2177c625b9b27546960c193be53c0a517ab55dc90e3eda4e80b768b4d77,DOUBLE ELIMINATION 5,2026,3,2,TOSSUP,MULTIPLE_CHOICE,CHEMISTRY,"A reversible reaction, A goes to B has forward rate constant of 0.8 inverse seconds, and reverse rate constant of 0.2 inverse seconds. If the system is allowed to reach equilibrium, what fraction of the molecules will be present as B?","A reversible reaction, A goes to B has forward rate constant of 0.8 inverse seconds, and reverse rate constant of 0.2 inverse seconds. If the system is allowed to reach equilibrium, what fraction of the molecules will be present as B?",41,"""Z""","[""0.20"", ""0.25"", ""0.75"", ""0.80""]",SSB_2026
9851a2177c625b9b27546960c193be53c0a517ab55dc90e3eda4e80b768b4d77,DOUBLE ELIMINATION 5,2026,4,2,BONUS,SHORT_ANSWER,CHEMISTRY,Order the following three ketone reactions by increasing optimal pH by which it should be performed: 1) Acetal formation; 2) Imine formation; 3) Cyanohydrin formation,Order the following three ketone reactions by increasing optimal pH by which it should be performed: 1) Acetal formation; 2) Imine formation; 3) Cyanohydrin formation,25,"""1, 2, 3""",[],SSB_2026
9851a2177c625b9b27546960c193be53c0a517ab55dc90e3eda4e80b768b4d77,DOUBLE ELIMINATION 5,2026,5,3,TOSSUP,SHORT_ANSWER,MATH,"If two integers x and y satisfy x + y = 2 and 2x − y = 1, what is x − y?","If two integers x and y satisfy x + y = 2 and 2x − y = 1, what is x − y?",23,"""0""",[],SSB_2026
9851a2177c625b9b27546960c193be53c0a517ab55dc90e3eda4e80b768b4d77,DOUBLE ELIMINATION 5,2026,6,3,BONUS,SHORT_ANSWER,MATH,What is $\lim_{x \to 2} \frac{x^6 − 64}{x^2 − 4}$ \textbf{[the limit as x approaches 2 of the fraction with numerator x to the sixth minus 64 and denominator x squared minus 4]}?,What is ?,3,"""48""",[],SSB_2026
9851a2177c625b9b27546960c193be53c0a517ab55dc90e3eda4e80b768b4d77,DOUBLE ELIMINATION 5,2026,7,4,TOSSUP,MULTIPLE_CHOICE,BIOLOGY,Which of the following vitamins would most likely not be found inside a chylomicron?,Which of the following vitamins would most likely not be found inside a chylomicron?,14,"""X""","[""Retinol"", ""Niacin"", ""Tocopherol"", ""Phylloquinone""]",SSB_2026
9851a2177c625b9b27546960c193be53c0a517ab55dc90e3eda4e80b768b4d77,DOUBLE ELIMINATION 5,2026,8,4,BONUS,MULTIPLE_CHOICE,BIOLOGY,"Which of the following amino acids, once incorporated into the middle of a polypeptide, is unable to donate a hydrogen bond from its backbone?","Which of the following amino acids, once incorporated into the middle of a polypeptide, is unable to donate a hydrogen bond from its backbone?",24,"""Z""","[""Histidine"", ""Phenylalanine"", ""Glycine"", ""Proline""]",SSB_2026
9851a2177c625b9b27546960c193be53c0a517ab55dc90e3eda4e80b768b4d77,DOUBLE ELIMINATION 5,2026,9,5,TOSSUP,SHORT_ANSWER,ENERGY,"Scientists in the Moler Group at Stanford University are studying thermoelectric properties of novel quantum materials. When a temperature gradient is applied across a conductor, what phenomenon describes the generation of an electric potential due to charge carriers diffusing from the hot to cold side?","Scientists in the Moler Group at Stanford University are studying thermoelectric properties of novel quantum materials. When a temperature gradient is applied across a conductor, what phenomenon describes the generation of an electric potential due to charge carriers diffusing from the hot to cold side?",45,"""Seebeck effect""",[],SSB_2026
9851a2177c625b9b27546960c193be53c0a517ab55dc90e3eda4e80b768b4d77,DOUBLE ELIMINATION 5,2026,10,5,BONUS,MULTIPLE_CHOICE,ENERGY,"Radiologists at UCLA are building neural networks to analyze CT scans. In their model, what operation is used when a small matrix of weights slides across the image to extract features like edges and textures?","Radiologists at UCLA are building neural networks to analyze CT scans. In their model, what operation is used when a small matrix of weights slides across the image to extract features like edges and textures?",35,"""Y""","[""Pooling"", ""Backpropagation"", ""Convolution"", ""Normalization""]",SSB_2026
9851a2177c625b9b27546960c193be53c0a517ab55dc90e3eda4e80b768b4d77,DOUBLE ELIMINATION 5,2026,11,6,TOSSUP,SHORT_ANSWER,PHYSICS,The electric potential produced by a perfect quadrupole is proportional to the distance from it raised to what power?,The electric potential produced by a perfect quadrupole is proportional to the distance from it raised to what power?,19,"""-3""",[],SSB_2026
9851a2177c625b9b27546960c193be53c0a517ab55dc90e3eda4e80b768b4d77,DOUBLE ELIMINATION 5,2026,12,6,BONUS,SHORT_ANSWER,PHYSICS,"An RLC circuit consists of a 2 ohm resistor, a 20 millihenry inductor, and a 200 microfarad capacitor. What is the circuit’s angular frequency of oscillation in radians per second?","An RLC circuit consists of a 2 ohm resistor, a 20 millihenry inductor, and a 200 microfarad capacitor. What is the circuit’s angular frequency of oscillation in radians per second?",30,"""500""",[],SSB_2026
9851a2177c625b9b27546960c193be53c0a517ab55dc90e3eda4e80b768b4d77,DOUBLE ELIMINATION 5,2026,13,7,TOSSUP,MULTIPLE_CHOICE,BIOLOGY,Vivek wants to look at 3D images of a live onion root cell as it undergoes mitosis. Which of the following types of microscopy should he employ?,Vivek wants to look at 3D images of a live onion root cell as it undergoes mitosis. Which of the following types of microscopy should he employ?,27,"""X""","[""Phase-contrast microscopy"", ""Differential interference contrast microscopy"", ""Scanning electron microscopy"", ""Transmission electron microscopy""]",SSB_2026
9851a2177c625b9b27546960c193be53c0a517ab55dc90e3eda4e80b768b4d77,DOUBLE ELIMINATION 5,2026,14,7,BONUS,SHORT_ANSWER,BIOLOGY,Identify all of the following three hormones whose secretion is directly regulated by chemoreceptors: 1) Secretin; 2) Parathyroid hormone; 3) Antidiuretic hormone.,Identify all of the following three hormones whose secretion is directly regulated by chemoreceptors: 1) Secretin; 2) Parathyroid hormone; 3) Antidiuretic hormone.,22,"""All""",[],SSB_2026
9851a2177c625b9b27546960c193be53c0a517ab55dc90e3eda4e80b768b4d77,DOUBLE ELIMINATION 5,2026,15,8,TOSSUP,MULTIPLE_CHOICE,EARTH_SPACE,"Which of the following is true regarding an air parcel with a temperature of 18$^\circ$C at an altitude of 10 kilometers, given that the surface temperature is 26$^\circ$C and the moist adiabatic lapse rate is 5$^\circ$C per kilometer?","Which of the following is true regarding an air parcel with a temperature of 18C at an altitude of 10 kilometers, given that the surface temperature is 26C and the moist adiabatic lapse rate is 5C per kilometer?",38,"""W""","[""It is absolutely stable"", ""It is conditionally stable"", ""It is absolutely unstable"", ""There is no way to determine stability without the dry adiabatic lapse rate""]",SSB_2026
9851a2177c625b9b27546960c193be53c0a517ab55dc90e3eda4e80b768b4d77,DOUBLE ELIMINATION 5,2026,16,8,BONUS,SHORT_ANSWER,EARTH_SPACE,Identify all of the following atmospheric conditions which would be beneficial for a strengthening tropical cyclone: 1) Upper-level divergence; 2) Westerly steering flow and easterly winds aloft; 3) Nearby strong upper-level trough,Identify all of the following atmospheric conditions which would be beneficial for a strengthening tropical cyclone: 1) Upper-level divergence; 2) Westerly steering flow and easterly winds aloft; 3) Nearby strong upper-level trough,32,"""1 only""",[],SSB_2026
9851a2177c625b9b27546960c193be53c0a517ab55dc90e3eda4e80b768b4d77,DOUBLE ELIMINATION 5,2026,17,9,TOSSUP,SHORT_ANSWER,PHYSICS,A particle moves under the influence of a spherically symmetric gravitational potential. Identify all of the following three properties of the particle that are conserved: 1) Linear momentum; 2) Angular momentum; 3) Total energy.,A particle moves under the influence of a spherically symmetric gravitational potential. Identify all of the following three properties of the particle that are conserved: 1) Linear momentum; 2) Angular momentum; 3) Total energy.,34,"""2 and 3""",[],SSB_2026
9851a2177c625b9b27546960c193be53c0a517ab55dc90e3eda4e80b768b4d77,DOUBLE ELIMINATION 5,2026,18,9,BONUS,SHORT_ANSWER,PHYSICS,A material with dielectric constant 4 is placed within a parallel plate capacitor such that it is flush against one plate and fills half of the gap between the plates. By what factor is the capacitance multiplied after the material is placed inside?,A material with dielectric constant 4 is placed within a parallel plate capacitor such that it is flush against one plate and fills half of the gap between the plates. By what factor is the capacitance multiplied after the material is placed inside?,43,"""1.6 (ACCEPT: $\\frac{8}{5}$)""",[],SSB_2026
9851a2177c625b9b27546960c193be53c0a517ab55dc90e3eda4e80b768b4d77,DOUBLE ELIMINATION 5,2026,19,10,TOSSUP,MULTIPLE_CHOICE,CHEMISTRY,Which of the following best describes a Grignard reagent?,Which of the following best describes a Grignard reagent?,9,"""Y""","[""Hard electrophile"", ""Soft electrophile"", ""Hard nucleophile"", ""Soft nucleophile""]",SSB_2026
9851a2177c625b9b27546960c193be53c0a517ab55dc90e3eda4e80b768b4d77,DOUBLE ELIMINATION 5,2026,20,10,BONUS,SHORT_ANSWER,CHEMISTRY,"An electron is in a 1D particle-in-a-box. In the 4th energy level, how many antinodes are observed in the electron’s wavefunction?","An electron is in a 1D particle-in-a-box. In the 4th energy level, how many antinodes are observed in the electron’s wavefunction?",21,"""4""",[],SSB_2026
9851a2177c625b9b27546960c193be53c0a517ab55dc90e3eda4e80b768b4d77,DOUBLE ELIMINATION 5,2026,21,11,TOSSUP,SHORT_ANSWER,MATH,What is the sum of all terms of an infinite geometric series with first term 3 and fourth term 1/72?,What is the sum of all terms of an infinite geometric series with first term 3 and fourth term 1/72?,20,"""18/5""",[],SSB_2026
9851a2177c625b9b27546960c193be53c0a517ab55dc90e3eda4e80b768b4d77,DOUBLE ELIMINATION 5,2026,22,11,BONUS,SHORT_ANSWER,MATH,"The product of the factors of 2026, including itself, can be written as $2026^n$, where n is a positive integer. What is the value of n?","The product of the factors of 2026, including itself, can be written as , where n is a positive integer. What is the value of n?",26,"""2""",[],SSB_2026
9851a2177c625b9b27546960c193be53c0a517ab55dc90e3eda4e80b768b4d77,DOUBLE ELIMINATION 5,2026,23,12,TOSSUP,MULTIPLE_CHOICE,ENERGY,"Scientists at UCLA have discovered hydrogen sulfide in exoplanets, helping them discern between planets and brown dwarfs. Which of the following features are NOT characterisitic of brown dwarfs?","Scientists at UCLA have discovered hydrogen sulfide in exoplanets, helping them discern between planets and brown dwarfs. Which of the following features are NOT characterisitic of brown dwarfs?",28,"""Z""","[""Presence of a strong lithium spectral line"", ""Ability to fuse deuterium early in their lifetimes"", ""Located in the lower right of the HR diagram"", ""Their surface temperatures slowly rise over time""]",SSB_2026
9851a2177c625b9b27546960c193be53c0a517ab55dc90e3eda4e80b768b4d77,DOUBLE ELIMINATION 5,2026,24,12,BONUS,MULTIPLE_CHOICE,ENERGY,The Chu Group at Stanford is developing optical tweezers for applications in biophysics. Which of the following best describes the purpose of optical tweezers in biophysics?,The Chu Group at Stanford is developing optical tweezers for applications in biophysics. Which of the following best describes the purpose of optical tweezers in biophysics?,26,"""W""","[""Suspending individual biomolecules"", ""Splitting apart individual biomolecules"", ""Splitting apart cells and organelles"", ""Isolating cells from their environment""]",SSB_2026
9851a2177c625b9b27546960c193be53c0a517ab55dc90e3eda4e80b768b4d77,DOUBLE ELIMINATION 5,2026,25,13,TOSSUP,MULTIPLE_CHOICE,CHEMISTRY,Which of the following substituted cyclohexanes would not possess any chiral centers?,Which of the following substituted cyclohexanes would not possess any chiral centers?,12,"""Y""","[""trans-1,2-dimethylcyclohexane"", ""trans-1,3-dimethylcyclohexane"", ""trans-1,4-dimethylcyclohexane"", ""trans-1,5-dimethylcyclohexane""]",SSB_2026
9851a2177c625b9b27546960c193be53c0a517ab55dc90e3eda4e80b768b4d77,DOUBLE ELIMINATION 5,2026,26,13,BONUS,SHORT_ANSWER,CHEMISTRY,Order the following 3 compounds by increasing melting point:1) Hexane; 2) Cyclohexane; 3) 2-ethylbutane,Order the following 3 compounds by increasing melting point:1) Hexane; 2) Cyclohexane; 3) 2-ethylbutane,14,"""3, 1, 2""",[],SSB_2026
9851a2177c625b9b27546960c193be53c0a517ab55dc90e3eda4e80b768b4d77,DOUBLE ELIMINATION 5,2026,27,14,TOSSUP,SHORT_ANSWER,PHYSICS,The Ising model in statistical mechanics is used to describe what property of a material?,The Ising model in statistical mechanics is used to describe what property of a material?,15,"""Ferromagnetism""",[],SSB_2026
9851a2177c625b9b27546960c193be53c0a517ab55dc90e3eda4e80b768b4d77,DOUBLE ELIMINATION 5,2026,28,14,BONUS,MULTIPLE_CHOICE,PHYSICS,Which of the following processes violates conservation of baryon number?,Which of the following processes violates conservation of baryon number?,10,"""W""","[""Proton decay into a positron and neutral pion"", ""Neutron decay into a proton, electron, and antineutrino"", ""Electron-positron annihilation into two photons"", ""Proton-antiproton annihilation into pions""]",SSB_2026
9851a2177c625b9b27546960c193be53c0a517ab55dc90e3eda4e80b768b4d77,DOUBLE ELIMINATION 5,2026,29,15,TOSSUP,SHORT_ANSWER,EARTH_SPACE,"Flora is using remote sensing to observe parallel lines of increased chlorophyll-a concentration on the ocean surface. What wind-driven phenomenon is she observing, which is characterized by these streaks of high biological productivity formed by counter-rotating vortices?","Flora is using remote sensing to observe parallel lines of increased chlorophyll-a concentration on the ocean surface. What wind-driven phenomenon is she observing, which is characterized by these streaks of high biological productivity formed by counter-rotating vortices?",37,"""Langmuir Circulation [ASr]""",[],SSB_2026
9851a2177c625b9b27546960c193be53c0a517ab55dc90e3eda4e80b768b4d77,DOUBLE ELIMINATION 5,2026,30,15,BONUS,MULTIPLE_CHOICE,EARTH_SPACE,"In which directions do the equatorial currents and antarctic circumpolar currents flow, respectively?","In which directions do the equatorial currents and antarctic circumpolar currents flow, respectively?",13,"""X""","[""East-to-west, east-to-west"", ""East-to-west, west-to-east"", ""West-to-east, east-to-west"", ""West-to-east, west-to-east""]",SSB_2026
9851a2177c625b9b27546960c193be53c0a517ab55dc90e3eda4e80b768b4d77,DOUBLE ELIMINATION 5,2026,31,16,TOSSUP,MULTIPLE_CHOICE,ENERGY,Scientists at the Johns Hopkins Reiss Lab measure the effects of dark energy using observations of Type Ia supernovae. Which of the following is NOT a reason why Type Ia supernovae are good candidates for studying dark energy?,Scientists at the Johns Hopkins Reiss Lab measure the effects of dark energy using observations of Type Ia supernovae. Which of the following is NOT a reason why Type Ia supernovae are good candidates for studying dark energy?,38,"""W""","[""Their brightness decreases linearly with time"", ""They have a consistent peak luminosity"", ""Their light curves follow a predictable shape"", ""They are observable across cosmological distances""]",SSB_2026
9851a2177c625b9b27546960c193be53c0a517ab55dc90e3eda4e80b768b4d77,DOUBLE ELIMINATION 5,2026,32,16,BONUS,MULTIPLE_CHOICE,ENERGY,Scientists at the Johns Hopkins Talamini Lab are studying how invasive surgery activates the sympathetic nervous system. Which of the following neurotransmitters is released by a sympathetic preganglionic neuron?,Scientists at the Johns Hopkins Talamini Lab are studying how invasive surgery activates the sympathetic nervous system. Which of the following neurotransmitters is released by a sympathetic preganglionic neuron?,29,"""W""","[""Acetylcholine"", ""Epinephrine"", ""Norepinephrine"", ""Glycine""]",SSB_2026
9851a2177c625b9b27546960c193be53c0a517ab55dc90e3eda4e80b768b4d77,DOUBLE ELIMINATION 5,2026,33,17,TOSSUP,MULTIPLE_CHOICE,MATH,Which of the following numbers is prime?,Which of the following numbers is prime?,7,"""X""","[""217"", ""373"", ""453"", ""539""]",SSB_2026
9851a2177c625b9b27546960c193be53c0a517ab55dc90e3eda4e80b768b4d77,DOUBLE ELIMINATION 5,2026,34,17,BONUS,SHORT_ANSWER,MATH,"The company Sigma2 hires from a pool of candidates whose scores on an entry test follow a normal distribution. Sigma2 only hires candidates who score above the second standard deviation, but not above the third standard deviation. To two significant figures, what percent of the candidate pool does Sigma2 hire?","The company Sigma2 hires from a pool of candidates whose scores on an entry test follow a normal distribution. Sigma2 only hires candidates who score above the second standard deviation, but not above the third standard deviation. To two significant figures, what percent of the candidate pool does Sigma2 hire?",50,"""2.1""",[],SSB_2026
9851a2177c625b9b27546960c193be53c0a517ab55dc90e3eda4e80b768b4d77,DOUBLE ELIMINATION 5,2026,35,18,TOSSUP,SHORT_ANSWER,BIOLOGY,"UV radiation creates pyrimidine dimers that distort the DNA helix. What DNA repair pathway,  involving the removal of twelve to thirty nucleotides, is used to fix this damage?","UV radiation creates pyrimidine dimers that distort the DNA helix. What DNA repair pathway, involving the removal of twelve to thirty nucleotides, is used to fix this damage?",28,"""Nucleotide excision repair""",[],SSB_2026
9851a2177c625b9b27546960c193be53c0a517ab55dc90e3eda4e80b768b4d77,DOUBLE ELIMINATION 5,2026,36,18,BONUS,SHORT_ANSWER,BIOLOGY,Identify all of the following three cells that are haploid: 1) Heterocysts; 2) Sporozoites; 3) Conidia.,Identify all of the following three cells that are haploid: 1) Heterocysts; 2) Sporozoites; 3) Conidia.,16,"""All""",[],SSB_2026
9851a2177c625b9b27546960c193be53c0a517ab55dc90e3eda4e80b768b4d77,DOUBLE ELIMINATION 5,2026,37,19,TOSSUP,SHORT_ANSWER,EARTH_SPACE,Coronal mass ejections often erupt from what loop-shaped magnetic plasma structures that extend from the photosphere?,Coronal mass ejections often erupt from what loop-shaped magnetic plasma structures that extend from the photosphere?,16,"""Solar prominences (accept filaments)""",[],SSB_2026
9851a2177c625b9b27546960c193be53c0a517ab55dc90e3eda4e80b768b4d77,DOUBLE ELIMINATION 5,2026,38,19,BONUS,MULTIPLE_CHOICE,EARTH_SPACE,Which of the following best describes the carbonate-silicate cycle?,Which of the following best describes the carbonate-silicate cycle?,9,"""Z""","[""A positive feedback loop that accelerates Earth towards a hothouse climate"", ""A positive feedback loop that regulates Earth\u2019s temperature"", ""A negative feedback loop that accelerates Earth towards a hothouse climate"", ""A negative feedback loop that regulates Earth\u2019s temperature""]",SSB_2026
9851a2177c625b9b27546960c193be53c0a517ab55dc90e3eda4e80b768b4d77,DOUBLE ELIMINATION 5,2026,39,20,TOSSUP,SHORT_ANSWER,PHYSICS,"An insulating sphere has a uniform charge density throughout its volume. Within the sphere, the electric field strength is proportional to the distance from its center raised to what power?","An insulating sphere has a uniform charge density throughout its volume. Within the sphere, the electric field strength is proportional to the distance from its center raised to what power?",30,"""1""",[],SSB_2026
9851a2177c625b9b27546960c193be53c0a517ab55dc90e3eda4e80b768b4d77,DOUBLE ELIMINATION 5,2026,40,20,BONUS,SHORT_ANSWER,PHYSICS,Identify all of the following four terms that are present in the Fourier series of a square wave function with period $2\pi$ that begins at the origin: 1) $\sin{x}$; 2) $\sin{2x}$; 3) $\cos{x}$; 4) $\cos{2x}$.,Identify all of the following four terms that are present in the Fourier series of a square wave function with period that begins at the origin: 1) ; 2) ; 3) ; 4) .,34,"""1 only""",[],SSB_2026
9851a2177c625b9b27546960c193be53c0a517ab55dc90e3eda4e80b768b4d77,DOUBLE ELIMINATION 5,2026,41,21,TOSSUP,SHORT_ANSWER,CHEMISTRY,Identify all of the following three compounds that are paramagnetic in its ground state: 1) $N_2 ^{2-}$ \textbf{[N two two minus]}; 2) O_2^{2-} \textbf{[O two two minus]}; 3) F_2 ^{2-} \textbf{[F two two minus]},Identify all of the following three compounds that are paramagnetic in its ground state: 1) ; 2) O_2^{2-} ; 3) F_2 ^{2-},22,"""1 only""",[],SSB_2026
9851a2177c625b9b27546960c193be53c0a517ab55dc90e3eda4e80b768b4d77,DOUBLE ELIMINATION 5,2026,42,21,BONUS,MULTIPLE_CHOICE,CHEMISTRY,AIBN is a commonly used initiator in free radical polymerization. Which of the following polymers would not use AIBN as an initiator during synthesis?,AIBN is a commonly used initiator in free radical polymerization. Which of the following polymers would not use AIBN as an initiator during synthesis?,24,"""Y""","[""Polypropylene"", ""Polyvinyl chloride"", ""Polyester"", ""Polystyrene""]",SSB_2026
9851a2177c625b9b27546960c193be53c0a517ab55dc90e3eda4e80b768b4d77,DOUBLE ELIMINATION 5,2026,43,22,TOSSUP,SHORT_ANSWER,MATH,"The Charlotte Chess Center sells pawn plushies in three pack sizes: 7, 8, and 14. What is the greatest total number of pawn plushies that cannot be bought as a combination of these three sizes?","The Charlotte Chess Center sells pawn plushies in three pack sizes: 7, 8, and 14. What is the greatest total number of pawn plushies that cannot be bought as a combination of these three sizes?",35,"""41""",[],SSB_2026
9851a2177c625b9b27546960c193be53c0a517ab55dc90e3eda4e80b768b4d77,DOUBLE ELIMINATION 5,2026,44,22,BONUS,SHORT_ANSWER,MATH,"Cyrene adds up the integers from 1 to 20, but forgets to add one integer. Given that the sum she got is a perfect square, which number did she forget to add?","Cyrene adds up the integers from 1 to 20, but forgets to add one integer. Given that the sum she got is a perfect square, which number did she forget to add?",32,"""14""",[],SSB_2026
9851a2177c625b9b27546960c193be53c0a517ab55dc90e3eda4e80b768b4d77,DOUBLE ELIMINATION 5,2026,45,23,TOSSUP,SHORT_ANSWER,BIOLOGY,"During early organogenesis in frogs, order the following three structures from most interior to most exterior in the embryo: 1) Archenteron; 2) Notochord; 3) Neural plate.","During early organogenesis in frogs, order the following three structures from most interior to most exterior in the embryo: 1) Archenteron; 2) Notochord; 3) Neural plate.",26,"""1, 2, 3""",[],SSB_2026
9851a2177c625b9b27546960c193be53c0a517ab55dc90e3eda4e80b768b4d77,DOUBLE ELIMINATION 5,2026,46,23,BONUS,SHORT_ANSWER,BIOLOGY,"To get better aesthetics in his garden, Edward alters soil nutrient levels to change leaf color. Order the following three nutrients by increasing wavelength of the first color that most likely appears in young leaves when the nutrient is deficient: 1) Copper; 2) Iron; 3) Phosphorus.","To get better aesthetics in his garden, Edward alters soil nutrient levels to change leaf color. Order the following three nutrients by increasing wavelength of the first color that most likely appears in young leaves when the nutrient is deficient: 1) Copper; 2) Iron; 3) Phosphorus.",46,"""3, 1, 2""",[],SSB_2026
040b08920e50cf7939e63b91865f451b5a7be5f641d38c563461254e3d8bc8f9,DOUBLE ELIMINATION 6,2026,1,1,TOSSUP,MULTIPLE_CHOICE,CHEMISTRY,"When benzyne reacts with 1,3-butadiene to form a bicyclic compound, how many pi bonds are in the resulting product?","When benzyne reacts with 1,3-butadiene to form a bicyclic compound, how many pi bonds are in the resulting product?",19,"""X""","[""3"", ""4"", ""5"", ""6""]",SSB_2026
040b08920e50cf7939e63b91865f451b5a7be5f641d38c563461254e3d8bc8f9,DOUBLE ELIMINATION 6,2026,2,1,BONUS,SHORT_ANSWER,CHEMISTRY,Order the following three gases by increasing compressibility factor at STP: 1) HF; 2) N_2; 3) He,Order the following three gases by increasing compressibility factor at STP: 1) HF; 2) N_2; 3) He,17,"""1, 2, 3""",[],SSB_2026
040b08920e50cf7939e63b91865f451b5a7be5f641d38c563461254e3d8bc8f9,DOUBLE ELIMINATION 6,2026,3,2,TOSSUP,SHORT_ANSWER,MATH,"The distribution of positive test scores for an exam has an average of 18 points and standard deviation of 18 points. Which of the following is true about the distribution of test scores? 
W) The distribution is skewed right
X) The distribution is skewed left
Y) The distribution is symmetric around 18  
Z) A score of 0 would be considered an outlier",The distribution of positive test scores for an exam has an average of 18 points and standard deviation of 18 points. Which of the following is true about the distribution of test scores? W) The distribution is skewed right X) The distribution is skewed left Y) The distribution is symmetric around 18 Z) A score of 0 would be considered an outlier,62,"""W) The distribution is skewed right""",[],SSB_2026
040b08920e50cf7939e63b91865f451b5a7be5f641d38c563461254e3d8bc8f9,DOUBLE ELIMINATION 6,2026,4,2,BONUS,SHORT_ANSWER,MATH,What is the term for a geometry in which the interior angles of a triangle sum to strictly less than 180 degrees?,What is the term for a geometry in which the interior angles of a triangle sum to strictly less than 180 degrees?,22,"""Hyperbolic""",[],SSB_2026
040b08920e50cf7939e63b91865f451b5a7be5f641d38c563461254e3d8bc8f9,DOUBLE ELIMINATION 6,2026,5,3,TOSSUP,MULTIPLE_CHOICE,PHYSICS,Which of the following symmetry violations are kaons not observed to have violated?,Which of the following symmetry violations are kaons not observed to have violated?,13,"""Z""","[""C"", ""P"", ""CP"", ""CPT""]",SSB_2026
040b08920e50cf7939e63b91865f451b5a7be5f641d38c563461254e3d8bc8f9,DOUBLE ELIMINATION 6,2026,6,3,BONUS,MULTIPLE_CHOICE,PHYSICS,"Kamy constructs a “gravity train” from Boston to Punta Arenas, located on the same line of longitude but separated by 90 degrees latitude. He drills a frictionless tunnel through Earth, for which any object inside will be a simple harmonic oscillator with force $F = -k r$. Using $G$ as the gravitational constant and $\rho$ \textbf{[rho]} as the density of the Earth, what is $k$?","Kamy constructs a “gravity train” from Boston to Punta Arenas, located on the same line of longitude but separated by 90 degrees latitude. He drills a frictionless tunnel through Earth, for which any object inside will be a simple harmonic oscillator with force . Using as the gravitational constant and as the density of the Earth, what is ?",59,"""Y""","[""$\\frac{1}{3} \\pi G \\rho$ \\textbf{[one third pi g rho]}"", ""$\\frac{2}{3} \\pi G \\rho$ \\textbf{[two thirds pi g rho]}"", ""$\\frac{4}{3} \\pi G \\rho$ \\textbf{[four thirds pi g rho]}"", ""$\\frac{8}{3} \\pi G \\rho$ \\textbf{[eight thirds pi g rho]}""]",SSB_2026
040b08920e50cf7939e63b91865f451b5a7be5f641d38c563461254e3d8bc8f9,DOUBLE ELIMINATION 6,2026,7,4,TOSSUP,MULTIPLE_CHOICE,BIOLOGY,Which of the following organisms has higher blood pressure in arteries supplying respiratory capillaries than in arteries supplying the capillaries of other body tissues?,Which of the following organisms has higher blood pressure in arteries supplying respiratory capillaries than in arteries supplying the capillaries of other body tissues?,24,"""Z""","[""Frog"", ""Bird"", ""Turtle"", ""Fish""]",SSB_2026
040b08920e50cf7939e63b91865f451b5a7be5f641d38c563461254e3d8bc8f9,DOUBLE ELIMINATION 6,2026,8,4,BONUS,MULTIPLE_CHOICE,BIOLOGY,"Plant cells often maintain a high membrane surface area-to-cytosolic volume ratio. When placed in a hypertonic environment, this ratio decreases. Which of the following cells would experience the greatest magntitude of decrease?","Plant cells often maintain a high membrane surface area-to-cytosolic volume ratio. When placed in a hypertonic environment, this ratio decreases. Which of the following cells would experience the greatest magntitude of decrease?",32,"""X""","[""Sieve tube element"", ""Palisade mesophyll cell"", ""Tracheid"", ""Sclereid""]",SSB_2026
040b08920e50cf7939e63b91865f451b5a7be5f641d38c563461254e3d8bc8f9,DOUBLE ELIMINATION 6,2026,9,5,TOSSUP,MULTIPLE_CHOICE,ENERGY,"Scientists at Stanford’s Leskovec Lab are using graph models to study patterns of social interactions, where each person is represented as a vertex and each interaction between two people is represented as an undirected edge. If there are n people in a room, how many different possible interaction networks could exist?","Scientists at Stanford’s Leskovec Lab are using graph models to study patterns of social interactions, where each person is represented as a vertex and each interaction between two people is represented as an undirected edge. If there are n people in a room, how many different possible interaction networks could exist?",51,"""Y""","[""2^n"", ""n!"", ""$2^{\\binom{n}{2}}$ \\textbf{[two to the power of n choose 2]}"", ""$\\binom{n}{2}$ \\textbf{[n choose 2]}""]",SSB_2026
040b08920e50cf7939e63b91865f451b5a7be5f641d38c563461254e3d8bc8f9,DOUBLE ELIMINATION 6,2026,10,5,BONUS,MULTIPLE_CHOICE,ENERGY,The Schuster Lab at Stanford is working on materials that create the quantum Hall effect. Which of the following properties defines the quantum Hall effect as a variation of the normal Hall effect?,The Schuster Lab at Stanford is working on materials that create the quantum Hall effect. Which of the following properties defines the quantum Hall effect as a variation of the normal Hall effect?,33,"""X""","[""Its current is quantized"", ""Its resistance is quantized"", ""It occurs in superconductors"", ""It occurs outside of superconductors""]",SSB_2026
040b08920e50cf7939e63b91865f451b5a7be5f641d38c563461254e3d8bc8f9,DOUBLE ELIMINATION 6,2026,11,6,TOSSUP,SHORT_ANSWER,EARTH_SPACE,Identify all of the following three factors that influence the tidal frequency of a coastline: 1) Coastal geography; 2) Ocean currents; 3) Local wind patterns,Identify all of the following three factors that influence the tidal frequency of a coastline: 1) Coastal geography; 2) Ocean currents; 3) Local wind patterns,25,"""1 and 2""",[],SSB_2026
040b08920e50cf7939e63b91865f451b5a7be5f641d38c563461254e3d8bc8f9,DOUBLE ELIMINATION 6,2026,12,6,BONUS,MULTIPLE_CHOICE,EARTH_SPACE,Which of the following best explains why cirrus clouds located above a lower layer of nimbostratus clouds often lead to a significant increase in snowfall?,Which of the following best explains why cirrus clouds located above a lower layer of nimbostratus clouds often lead to a significant increase in snowfall?,25,"""X""","[""They reduce the vapor pressure of the surrounding air, accelerating the Bergeron process"", ""They precipitate out ice crystals that act as condensation nuclei for snow"", ""They reflect incoming shortwave radiation, lowering the cloud base temperature"", ""The high clouds create a vacuum that pulls moisture upward from the lower clouds""]",SSB_2026
040b08920e50cf7939e63b91865f451b5a7be5f641d38c563461254e3d8bc8f9,DOUBLE ELIMINATION 6,2026,13,7,TOSSUP,SHORT_ANSWER,MATH,An equilateral triangle has perimeter numerically equal to its area. What is the side length of the triangle?,An equilateral triangle has perimeter numerically equal to its area. What is the side length of the triangle?,18,"""$4\\sqrt{3}$""",[],SSB_2026
040b08920e50cf7939e63b91865f451b5a7be5f641d38c563461254e3d8bc8f9,DOUBLE ELIMINATION 6,2026,14,7,BONUS,SHORT_ANSWER,MATH,"Acheron is playing a variant of curling, where she must slide rocks on ice onto a target. The target is made of 3 concentric circles of radius 1, 2, and 3, and the zones from outermost to innermost are worth 50, 100, and 150 points respectively, based on the center of the rock. If the center of Acheron’s rock will end up at a uniformly random place on the target, what is the expected number of points that she gets with a single rock?","Acheron is playing a variant of curling, where she must slide rocks on ice onto a target. The target is made of 3 concentric circles of radius 1, 2, and 3, and the zones from outermost to innermost are worth 50, 100, and 150 points respectively, based on the center of the rock. If the center of Acheron’s rock will end up at a uniformly random place on the target, what is the expected number of points that she gets with a single rock?",84,"""$\\frac{700}{9}$""",[],SSB_2026
040b08920e50cf7939e63b91865f451b5a7be5f641d38c563461254e3d8bc8f9,DOUBLE ELIMINATION 6,2026,15,8,TOSSUP,SHORT_ANSWER,ENERGY,"Scientists at UCLA are studying the production of elemental phosphorus, in which minerals are reduced under heat to form phosphorus vapor. In accordance with Ostwald’s step rule, what allotrope of phosphorus is initially deposited from vapor?","Scientists at UCLA are studying the production of elemental phosphorus, in which minerals are reduced under heat to form phosphorus vapor. In accordance with Ostwald’s step rule, what allotrope of phosphorus is initially deposited from vapor?",36,"""White Phosphorus""",[],SSB_2026
040b08920e50cf7939e63b91865f451b5a7be5f641d38c563461254e3d8bc8f9,DOUBLE ELIMINATION 6,2026,16,8,BONUS,SHORT_ANSWER,ENERGY,Scientists at the Johns Hopkins Sahetya Lab are studying the effects of positive-pressure ventilation in patients with acute respiratory distress syndrome. Identify all of the following three organisms that use positive-pressure breathing under normal physiological conditions: 1) Caecilians; 2) Turtles; 3) Frogs.,Scientists at the Johns Hopkins Sahetya Lab are studying the effects of positive-pressure ventilation in patients with acute respiratory distress syndrome. Identify all of the following three organisms that use positive-pressure breathing under normal physiological conditions: 1) Caecilians; 2) Turtles; 3) Frogs.,42,"""1 and 3""",[],SSB_2026
040b08920e50cf7939e63b91865f451b5a7be5f641d38c563461254e3d8bc8f9,DOUBLE ELIMINATION 6,2026,17,9,TOSSUP,MULTIPLE_CHOICE,CHEMISTRY,Which of the following complexes has a planar geometry?,Which of the following complexes has a planar geometry?,9,"""Z""","[""[CoCl4]2-"", ""[NiCl4]2-"", ""[RhCl4]2-"", ""[PdCl4]2-""]",SSB_2026
040b08920e50cf7939e63b91865f451b5a7be5f641d38c563461254e3d8bc8f9,DOUBLE ELIMINATION 6,2026,18,9,BONUS,SHORT_ANSWER,CHEMISTRY,"A reaction in which F plus G yields H is first order in F and first order in G. If the initial concentrations of F and G are both 1.0 molar, and the rate constant is equal to 0.429, to the nearest second, how long will it take for the concentration of F to decrease from 1.0 molar to 0.10 molar?","A reaction in which F plus G yields H is first order in F and first order in G. If the initial concentrations of F and G are both 1.0 molar, and the rate constant is equal to 0.429, to the nearest second, how long will it take for the concentration of F to decrease from 1.0 molar to 0.10 molar?",61,"""21""",[],SSB_2026
040b08920e50cf7939e63b91865f451b5a7be5f641d38c563461254e3d8bc8f9,DOUBLE ELIMINATION 6,2026,19,10,TOSSUP,SHORT_ANSWER,PHYSICS,What adjective is given to neutrinos that have a weak isospin of 0?,What adjective is given to neutrinos that have a weak isospin of 0?,13,"""Sterile""",[],SSB_2026
040b08920e50cf7939e63b91865f451b5a7be5f641d38c563461254e3d8bc8f9,DOUBLE ELIMINATION 6,2026,20,10,BONUS,SHORT_ANSWER,PHYSICS,"A conducting cube has one face separated and held at potential V while the rest of its faces are grounded. In terms of V, what is the potential at the center of the cube?","A conducting cube has one face separated and held at potential V while the rest of its faces are grounded. In terms of V, what is the potential at the center of the cube?",34,"""$\\frac{V}{6}$""",[],SSB_2026
040b08920e50cf7939e63b91865f451b5a7be5f641d38c563461254e3d8bc8f9,DOUBLE ELIMINATION 6,2026,21,11,TOSSUP,SHORT_ANSWER,BIOLOGY,"In receptor-mediated endocytosis, vesicle budding is mediated by the formation of a cage composed of a triskelion protein that induces membrane curvature. What is the name of this protein?","In receptor-mediated endocytosis, vesicle budding is mediated by the formation of a cage composed of a triskelion protein that induces membrane curvature. What is the name of this protein?",29,"""Clathrin""",[],SSB_2026
040b08920e50cf7939e63b91865f451b5a7be5f641d38c563461254e3d8bc8f9,DOUBLE ELIMINATION 6,2026,22,11,BONUS,MULTIPLE_CHOICE,BIOLOGY,"When the secondary oocyte is in telophase II, how many total chromosomes are enclosed within its cell membrane?","When the secondary oocyte is in telophase II, how many total chromosomes are enclosed within its cell membrane?",18,"""Y""","[""23"", ""46"", ""69"", ""92""]",SSB_2026
040b08920e50cf7939e63b91865f451b5a7be5f641d38c563461254e3d8bc8f9,DOUBLE ELIMINATION 6,2026,23,12,TOSSUP,MULTIPLE_CHOICE,EARTH_SPACE,"Samuel is looking for garnet in his thin section of eclogite. When looking under cross-polarized light, which of the following would be an indication that he has found garnet?","Samuel is looking for garnet in his thin section of eclogite. When looking under cross-polarized light, which of the following would be an indication that he has found garnet?",29,"""Z""","[""A mineral enters extinction in parallel bands"", ""A mineral enters extinction in perpendicular bands"", ""A mineral is in extinction at specific angles"", ""A mineral is in extinction at all angles""]",SSB_2026
040b08920e50cf7939e63b91865f451b5a7be5f641d38c563461254e3d8bc8f9,DOUBLE ELIMINATION 6,2026,24,12,BONUS,SHORT_ANSWER,EARTH_SPACE,Identify all of the following which may create a knickpoints on a river channel: 1) A meander on the river is cut off and forms an oxbow lake; 2) A canyon is formed by the river through uniform rock layers; 3) Sea levels fall around the river mouth,Identify all of the following which may create a knickpoints on a river channel: 1) A meander on the river is cut off and forms an oxbow lake; 2) A canyon is formed by the river through uniform rock layers; 3) Sea levels fall around the river mouth,48,"""13""",[],SSB_2026
040b08920e50cf7939e63b91865f451b5a7be5f641d38c563461254e3d8bc8f9,DOUBLE ELIMINATION 6,2026,25,13,TOSSUP,SHORT_ANSWER,CHEMISTRY,Oxaphosphetane is a key intermediate in what reaction that converts a carbonyl compound into an alkene via a [2+2] cycloaddition?,Oxaphosphetane is a key intermediate in what reaction that converts a carbonyl compound into an alkene via a [2+2] cycloaddition?,20,"""Wittig reaction""",[],SSB_2026
040b08920e50cf7939e63b91865f451b5a7be5f641d38c563461254e3d8bc8f9,DOUBLE ELIMINATION 6,2026,26,13,BONUS,SHORT_ANSWER,CHEMISTRY,"What laboratory technique involves heating a reaction mixture to its boiling point while continuously condensing the vapor and returning it to the reaction flask, so the reaction can run for a long time without losing solvent?","What laboratory technique involves heating a reaction mixture to its boiling point while continuously condensing the vapor and returning it to the reaction flask, so the reaction can run for a long time without losing solvent?",36,"""Reflux""",[],SSB_2026
040b08920e50cf7939e63b91865f451b5a7be5f641d38c563461254e3d8bc8f9,DOUBLE ELIMINATION 6,2026,27,14,TOSSUP,MULTIPLE_CHOICE,BIOLOGY,Under which of the following conditions would hemoglobin’s binding curve have the highest resemblance to the myoglobin binding curve?,Under which of the following conditions would hemoglobin’s binding curve have the highest resemblance to the myoglobin binding curve?,19,"""Z""","[""High 2,3-BPG, high CO2"", ""High 2,3-BPG, low CO2"", ""Low 2,3-BPG, high CO2"", ""Low 2,3-BPG, low CO2""]",SSB_2026
040b08920e50cf7939e63b91865f451b5a7be5f641d38c563461254e3d8bc8f9,DOUBLE ELIMINATION 6,2026,28,14,BONUS,MULTIPLE_CHOICE,BIOLOGY,"Which of the following chromatin modifications affecting genes APC and BRCA1, respectively, would most likely promote cancer development?","Which of the following chromatin modifications affecting genes APC and BRCA1, respectively, would most likely promote cancer development?",18,"""W""","[""Abnormal methylation, abnormal methylation"", ""Abnormal methylation, abnormal acetylation"", ""Abnormal acetylation, abnormal methylation"", ""Abnormal acetylation, abnormal acetylation""]",SSB_2026
040b08920e50cf7939e63b91865f451b5a7be5f641d38c563461254e3d8bc8f9,DOUBLE ELIMINATION 6,2026,29,15,TOSSUP,MULTIPLE_CHOICE,ENERGY,Scientists at JHU’s Liu Lab are developing imaging-based diagnostic platforms to study battery longevity. Advancement of rechargeable batteries is hindered by the unavoidable growth of what feature during charging?,Scientists at JHU’s Liu Lab are developing imaging-based diagnostic platforms to study battery longevity. Advancement of rechargeable batteries is hindered by the unavoidable growth of what feature during charging?,29,"""W""","[""Lithium dendrites"", ""Lead-acid precipitates"", ""Nickel deposits"", ""Cobalt oxide powder""]",SSB_2026
040b08920e50cf7939e63b91865f451b5a7be5f641d38c563461254e3d8bc8f9,DOUBLE ELIMINATION 6,2026,30,15,BONUS,SHORT_ANSWER,ENERGY,"Scientists at UCLA are analyzing the structure of an unknown organic compound with IR spectroscopy, and they notice an absorption peak at around 1700 inverse centimeters. Identify all of the following three compounds that this peak could indicate: 1) Collagen; 2) Ribonucleic acid; 3) Alpha-linolenic acid.","Scientists at UCLA are analyzing the structure of an unknown organic compound with IR spectroscopy, and they notice an absorption peak at around 1700 inverse centimeters. Identify all of the following three compounds that this peak could indicate: 1) Collagen; 2) Ribonucleic acid; 3) Alpha-linolenic acid.",46,"""All""",[],SSB_2026
040b08920e50cf7939e63b91865f451b5a7be5f641d38c563461254e3d8bc8f9,DOUBLE ELIMINATION 6,2026,31,16,TOSSUP,MULTIPLE_CHOICE,MATH,Which of the following is the equivalent to the sum 6^2 + 7^2 + 8^2 + 9^2 + 10^2?,Which of the following is the equivalent to the sum 6^2 + 7^2 + 8^2 + 9^2 + 10^2?,19,"""X""","[""320"", ""330"", ""340"", ""350""]",SSB_2026
040b08920e50cf7939e63b91865f451b5a7be5f641d38c563461254e3d8bc8f9,DOUBLE ELIMINATION 6,2026,32,16,BONUS,SHORT_ANSWER,MATH,Identify all of the following three functions that are convex: 1) $f(x) = 2x^2 + 3x − 1$; 2) $f(x) = − \log(x)$; 3) $f(x)  = \sqrt{4x+5}$.,Identify all of the following three functions that are convex: 1) ; 2) ; 3) .,16,"""1 and 2""",[],SSB_2026
040b08920e50cf7939e63b91865f451b5a7be5f641d38c563461254e3d8bc8f9,DOUBLE ELIMINATION 6,2026,33,17,TOSSUP,SHORT_ANSWER,PHYSICS,Order the following three phenomena in terms of increasing energy of occurrence: 1) Compton scattering; 2) Pair production; 3) Photoelectric effect.,Order the following three phenomena in terms of increasing energy of occurrence: 1) Compton scattering; 2) Pair production; 3) Photoelectric effect.,21,"""3, 1, 2""",[],SSB_2026
040b08920e50cf7939e63b91865f451b5a7be5f641d38c563461254e3d8bc8f9,DOUBLE ELIMINATION 6,2026,34,17,BONUS,MULTIPLE_CHOICE,PHYSICS,"In statistical mechanics, the probability that a system will occupy a state with energy $E$ will resemble which of the following functions?","In statistical mechanics, the probability that a system will occupy a state with energy will resemble which of the following functions?",21,"""Z""","[""$\\ln(E)$"", ""$\\frac{1}{E}$"", ""$\\frac{1}{E^2}$"", ""$\\exp(-E)$ \\textbf{[exponential of negative E]}""]",SSB_2026
040b08920e50cf7939e63b91865f451b5a7be5f641d38c563461254e3d8bc8f9,DOUBLE ELIMINATION 6,2026,35,18,TOSSUP,SHORT_ANSWER,EARTH_SPACE,"Sudden downdrafts occur when a local stream of air cools rapidly as a result of evaporative cooling during what precipitation event, which is characterized by streaks of rain or snow that evaporate before hitting the ground?","Sudden downdrafts occur when a local stream of air cools rapidly as a result of evaporative cooling during what precipitation event, which is characterized by streaks of rain or snow that evaporate before hitting the ground?",36,"""Virga [ASr]""",[],SSB_2026
040b08920e50cf7939e63b91865f451b5a7be5f641d38c563461254e3d8bc8f9,DOUBLE ELIMINATION 6,2026,36,18,BONUS,SHORT_ANSWER,EARTH_SPACE,"Prior to the Devonian Period, complex soils had not yet developed on land. As a result, if you travelled back to the Silurian, what stream morphology would you most expect to see on land?","Prior to the Devonian Period, complex soils had not yet developed on land. As a result, if you travelled back to the Silurian, what stream morphology would you most expect to see on land?",34,"""Braided""",[],SSB_2026
040b08920e50cf7939e63b91865f451b5a7be5f641d38c563461254e3d8bc8f9,DOUBLE ELIMINATION 6,2026,37,19,TOSSUP,SHORT_ANSWER,CHEMISTRY,Orer the following three carbonyl reducing agents by increasing reactivity: 1) Sodium cyanoborohydride; 2) Sodium borohydride; 3) Lithium aluminum hydride.,Orer the following three carbonyl reducing agents by increasing reactivity: 1) Sodium cyanoborohydride; 2) Sodium borohydride; 3) Lithium aluminum hydride.,20,"""1, 2, 3""",[],SSB_2026
040b08920e50cf7939e63b91865f451b5a7be5f641d38c563461254e3d8bc8f9,DOUBLE ELIMINATION 6,2026,38,19,BONUS,MULTIPLE_CHOICE,CHEMISTRY,Which of the following molecules cannot undergo self-aldol condensation?,Which of the following molecules cannot undergo self-aldol condensation?,9,"""Y""","[""Acetaldehyde"", ""Acetone"", ""Benzaldehyde"", ""Propanal""]",SSB_2026
040b08920e50cf7939e63b91865f451b5a7be5f641d38c563461254e3d8bc8f9,DOUBLE ELIMINATION 6,2026,39,20,TOSSUP,SHORT_ANSWER,MATH,"A sneaky composite number is a composite number that is not divisible by 2, 3, or 5? How many sneaky composite numbers are less than 100?","A sneaky composite number is a composite number that is not divisible by 2, 3, or 5? How many sneaky composite numbers are less than 100?",26,"""3""",[],SSB_2026
040b08920e50cf7939e63b91865f451b5a7be5f641d38c563461254e3d8bc8f9,DOUBLE ELIMINATION 6,2026,40,20,BONUS,SHORT_ANSWER,MATH,"John applies a random permutation to a list of the first 100 natural numbers and counts the n, the number of adjacent pairs such that the prior number is less than the latter. What is expected value of n?","John applies a random permutation to a list of the first 100 natural numbers and counts the n, the number of adjacent pairs such that the prior number is less than the latter. What is expected value of n?",39,"""99/2""",[],SSB_2026
040b08920e50cf7939e63b91865f451b5a7be5f641d38c563461254e3d8bc8f9,DOUBLE ELIMINATION 6,2026,41,21,TOSSUP,MULTIPLE_CHOICE,EARTH_SPACE,The Ordovician period is currently hypothesized to contain a potential geomagnetic superchron. Which of the following serves as good evidence for this hypothesis?,The Ordovician period is currently hypothesized to contain a potential geomagnetic superchron. Which of the following serves as good evidence for this hypothesis?,23,"""Y""","[""The Atlantic seafloor contains a narrow magnetic band dating back to the Ordovician"", ""The Atlantic seafloor contains a wide magnetic band dating back to the Ordovician"", ""Basalt with an Ordovician radiometric date has uniform polarity"", ""Conglomerate with an Ordovician radiometric date has uniform polarity""]",SSB_2026
040b08920e50cf7939e63b91865f451b5a7be5f641d38c563461254e3d8bc8f9,DOUBLE ELIMINATION 6,2026,42,21,BONUS,SHORT_ANSWER,EARTH_SPACE,Order the following Martian events in chronological order: 1) The disappearance of liquid water on the surface; 2) The most recent eruption of Olympus Mons; 3) The formation of the Valles Marineris,Order the following Martian events in chronological order: 1) The disappearance of liquid water on the surface; 2) The most recent eruption of Olympus Mons; 3) The formation of the Valles Marineris,32,"""3, 1, 2""",[],SSB_2026
040b08920e50cf7939e63b91865f451b5a7be5f641d38c563461254e3d8bc8f9,DOUBLE ELIMINATION 6,2026,43,22,TOSSUP,SHORT_ANSWER,BIOLOGY,Histamine release in type I hypersensitivity is primarily triggered by what type of immunoglobulin that binds strongly to Fc receptors on mast cells and basophils?,Histamine release in type I hypersensitivity is primarily triggered by what type of immunoglobulin that binds strongly to Fc receptors on mast cells and basophils?,25,"""IgE""",[],SSB_2026
040b08920e50cf7939e63b91865f451b5a7be5f641d38c563461254e3d8bc8f9,DOUBLE ELIMINATION 6,2026,44,22,BONUS,SHORT_ANSWER,BIOLOGY,"A female with one mutant allele for a recessive, sex-linked disease is crossed with an unaffected male. Identify all of the following three organisms in which male offspring from this cross will always be unaffected: 1) Grasshopper; 2) Panda; 3) Bird.","A female with one mutant allele for a recessive, sex-linked disease is crossed with an unaffected male. Identify all of the following three organisms in which male offspring from this cross will always be unaffected: 1) Grasshopper; 2) Panda; 3) Bird.",41,"""3 only""",[],SSB_2026
040b08920e50cf7939e63b91865f451b5a7be5f641d38c563461254e3d8bc8f9,DOUBLE ELIMINATION 6,2026,45,23,TOSSUP,SHORT_ANSWER,PHYSICS,What term is given to the small up-and-down wobbling motion that accompanies the precession of a gyroscopic object?,What term is given to the small up-and-down wobbling motion that accompanies the precession of a gyroscopic object?,18,"""Nutation""",[],SSB_2026
040b08920e50cf7939e63b91865f451b5a7be5f641d38c563461254e3d8bc8f9,DOUBLE ELIMINATION 6,2026,46,23,BONUS,MULTIPLE_CHOICE,PHYSICS,"For a particle undergoing simple harmonic motion, plotting its momentum and position in phase space produces which of the following shapes?","For a particle undergoing simple harmonic motion, plotting its momentum and position in phase space produces which of the following shapes?",21,"""X""","[""Circle"", ""Ellipse"", ""Parabola"", ""Hyperbola""]",SSB_2026
4deefbe99c3eefb71a26f3ced3d0df9528d0ab16ccea7ff13206c54747be8b94,DOUBLE ELIMINATION 7,2026,1,1,TOSSUP,SHORT_ANSWER,MATH,"Mizuki is dropping an egg out of the window of a five floor building. The egg has a probability of k/5 of cracking, where k is the number of the floor the egg is dropped from. Mizuki randomly picks a floor where the probability a given floor is chosen is proportional to the number of the floor. If Mizuki drops her egg out of the window on a randomly chosen floor, what is the probability her egg cracks?","Mizuki is dropping an egg out of the window of a five floor building. The egg has a probability of k/5 of cracking, where k is the number of the floor the egg is dropped from. Mizuki randomly picks a floor where the probability a given floor is chosen is proportional to the number of the floor. If Mizuki drops her egg out of the window on a randomly chosen floor, what is the probability her egg cracks?",78,"""11/15""",[],SSB_2026
4deefbe99c3eefb71a26f3ced3d0df9528d0ab16ccea7ff13206c54747be8b94,DOUBLE ELIMINATION 7,2026,2,1,BONUS,SHORT_ANSWER,MATH,"Madeline is distributing 15 strawberries between 3 friends and herself. If she wants each person to get at least two strawberries, how many ways are there for her to distribute her strawberries?","Madeline is distributing 15 strawberries between 3 friends and herself. If she wants each person to get at least two strawberries, how many ways are there for her to distribute her strawberries?",32,"""120""",[],SSB_2026
4deefbe99c3eefb71a26f3ced3d0df9528d0ab16ccea7ff13206c54747be8b94,DOUBLE ELIMINATION 7,2026,3,2,TOSSUP,SHORT_ANSWER,PHYSICS,"In order to minimize losses due to resistance, induction cookers often use Litz wires, which consist of multiple thin wires twisted into one large wire. The higher surface area acts to reduce what effect, where alternating current tends to travel through the surface and not the body of a conductor?","In order to minimize losses due to resistance, induction cookers often use Litz wires, which consist of multiple thin wires twisted into one large wire. The higher surface area acts to reduce what effect, where alternating current tends to travel through the surface and not the body of a conductor?",50,"""Skin effect""",[],SSB_2026
4deefbe99c3eefb71a26f3ced3d0df9528d0ab16ccea7ff13206c54747be8b94,DOUBLE ELIMINATION 7,2026,4,2,BONUS,SHORT_ANSWER,PHYSICS,"Identify all of the following three points that are on or within the future light cone of the origin on a Minkowski diagram: 1) (2, 1); 2) (-3, 4); 3) (-5, -6).","Identify all of the following three points that are on or within the future light cone of the origin on a Minkowski diagram: 1) (2, 1); 2) (-3, 4); 3) (-5, -6).",32,"""2 only""",[],SSB_2026
4deefbe99c3eefb71a26f3ced3d0df9528d0ab16ccea7ff13206c54747be8b94,DOUBLE ELIMINATION 7,2026,5,3,TOSSUP,SHORT_ANSWER,EARTH_SPACE,"What meteorological process occurs when an increase in horizontal wind shear increases the temperature gradient between two air masses, eventually leading to the formation or intensification of a distinct weather boundary?","What meteorological process occurs when an increase in horizontal wind shear increases the temperature gradient between two air masses, eventually leading to the formation or intensification of a distinct weather boundary?",31,"""Frontogenisis [ASr]""",[],SSB_2026
4deefbe99c3eefb71a26f3ced3d0df9528d0ab16ccea7ff13206c54747be8b94,DOUBLE ELIMINATION 7,2026,6,3,BONUS,MULTIPLE_CHOICE,EARTH_SPACE,Brown dwarfs are primarily supported against gravitational collapse by what force?,Brown dwarfs are primarily supported against gravitational collapse by what force?,11,"""Y""","[""Thermal pressure"", ""Radiation pressure"", ""Electron degeneracy pressure"", ""Neutron degeneracy pressure""]",SSB_2026
4deefbe99c3eefb71a26f3ced3d0df9528d0ab16ccea7ff13206c54747be8b94,DOUBLE ELIMINATION 7,2026,7,4,TOSSUP,MULTIPLE_CHOICE,BIOLOGY,"During proteoglycan synthesis in the Golgi apparatus, glycosaminoglycans are attached to core proteins via a glycosidic bond. To which of the following amino acid residues does this bond most often form?","During proteoglycan synthesis in the Golgi apparatus, glycosaminoglycans are attached to core proteins via a glycosidic bond. To which of the following amino acid residues does this bond most often form?",31,"""X""","[""Lysine"", ""Serine"", ""Asparagine"", ""Cysteine""]",SSB_2026
4deefbe99c3eefb71a26f3ced3d0df9528d0ab16ccea7ff13206c54747be8b94,DOUBLE ELIMINATION 7,2026,8,4,BONUS,MULTIPLE_CHOICE,BIOLOGY,Which of the following insect orders requires functional corpora allata activity throughout the organism’s entire lifespan?,Which of the following insect orders requires functional corpora allata activity throughout the organism’s entire lifespan?,16,"""Z""","[""Hemiptrea"", ""Diptrea"", ""Lepidoptrea"", ""Zygentoma""]",SSB_2026
4deefbe99c3eefb71a26f3ced3d0df9528d0ab16ccea7ff13206c54747be8b94,DOUBLE ELIMINATION 7,2026,9,5,TOSSUP,SHORT_ANSWER,ENERGY,"Researchers at the Stanford Institute for Materials and Energy Sciences recently discovered a new kind of magnetic order in materials in which magnetic coils are spaced irregularly but align in a single preferred direction. What term describes this kind of order, also seen in liquid crystals, bacterial suspensions, and superconductors?","Researchers at the Stanford Institute for Materials and Energy Sciences recently discovered a new kind of magnetic order in materials in which magnetic coils are spaced irregularly but align in a single preferred direction. What term describes this kind of order, also seen in liquid crystals, bacterial suspensions, and superconductors?",50,"""Nematic""",[],SSB_2026
4deefbe99c3eefb71a26f3ced3d0df9528d0ab16ccea7ff13206c54747be8b94,DOUBLE ELIMINATION 7,2026,10,5,BONUS,SHORT_ANSWER,ENERGY,"Scientists at SLAC are working on upgrades to the large hadron collider that will improve its study of high-mass particles. In particular, they intend to characterize the Higgs potential by measuring what effect only observable when multiple Higgs bosons are present?","Scientists at SLAC are working on upgrades to the large hadron collider that will improve its study of high-mass particles. In particular, they intend to characterize the Higgs potential by measuring what effect only observable when multiple Higgs bosons are present?",41,"""Self-coupling""",[],SSB_2026
4deefbe99c3eefb71a26f3ced3d0df9528d0ab16ccea7ff13206c54747be8b94,DOUBLE ELIMINATION 7,2026,11,6,TOSSUP,SHORT_ANSWER,CHEMISTRY,Identify all of the following three quantities of the reaction that are positive for a system of sodium carbonate undergoing thermal decomposition: 1) Heat; 2) Entropy; 3) Work,Identify all of the following three quantities of the reaction that are positive for a system of sodium carbonate undergoing thermal decomposition: 1) Heat; 2) Entropy; 3) Work,28,"""1 and 2""",[],SSB_2026
4deefbe99c3eefb71a26f3ced3d0df9528d0ab16ccea7ff13206c54747be8b94,DOUBLE ELIMINATION 7,2026,12,6,BONUS,SHORT_ANSWER,CHEMISTRY,"If benzene undergoes complete ozonolysis followed by reductive workup, what is the degree of unsaturation of the major organic product?","If benzene undergoes complete ozonolysis followed by reductive workup, what is the degree of unsaturation of the major organic product?",20,"""2""",[],SSB_2026
4deefbe99c3eefb71a26f3ced3d0df9528d0ab16ccea7ff13206c54747be8b94,DOUBLE ELIMINATION 7,2026,13,7,TOSSUP,SHORT_ANSWER,MATH,The fundamental theorem of calculus is a specific case of what general result in calculus that states that the integral of a differential form over a region’s boundary is equal to the integral of its exterior derivative over the region itself?,The fundamental theorem of calculus is a specific case of what general result in calculus that states that the integral of a differential form over a region’s boundary is equal to the integral of its exterior derivative over the region itself?,41,"""Stokes\u2019 theorem (ACCEPT: Generalized Stokes\u2019 theorem)""",[],SSB_2026
4deefbe99c3eefb71a26f3ced3d0df9528d0ab16ccea7ff13206c54747be8b94,DOUBLE ELIMINATION 7,2026,14,7,BONUS,SHORT_ANSWER,MATH,"Alex draws triangle ABC such that the angle bisector of angle BAC intersects BC at D. Given that ABC has perimeter 19, AB = 4, and AC = 7, what is the length of BD?","Alex draws triangle ABC such that the angle bisector of angle BAC intersects BC at D. Given that ABC has perimeter 19, AB = 4, and AC = 7, what is the length of BD?",35,"""32/11""",[],SSB_2026
4deefbe99c3eefb71a26f3ced3d0df9528d0ab16ccea7ff13206c54747be8b94,DOUBLE ELIMINATION 7,2026,15,8,TOSSUP,SHORT_ANSWER,PHYSICS,Kat wants to create a ramp for which a ball released at the top reaches the bottom in the shortest possible time. What shapes should be used to produce such a ramp?,Kat wants to create a ramp for which a ball released at the top reaches the bottom in the shortest possible time. What shapes should be used to produce such a ramp?,32,"""Brachistochrone (ACCEPT: Cycloid, tautochrone)""",[],SSB_2026
4deefbe99c3eefb71a26f3ced3d0df9528d0ab16ccea7ff13206c54747be8b94,DOUBLE ELIMINATION 7,2026,16,8,BONUS,SHORT_ANSWER,PHYSICS,"A halfpipe is constructed such that one side has strong friction and the other side is frictionless. A uniform solid sphere begins rolling from height H on the side with friction. In terms of H, what is the maximum height the sphere reaches on the frictionless side?","A halfpipe is constructed such that one side has strong friction and the other side is frictionless. A uniform solid sphere begins rolling from height H on the side with friction. In terms of H, what is the maximum height the sphere reaches on the frictionless side?",47,"""$\\frac 5 7 H$""",[],SSB_2026
4deefbe99c3eefb71a26f3ced3d0df9528d0ab16ccea7ff13206c54747be8b94,DOUBLE ELIMINATION 7,2026,17,9,TOSSUP,MULTIPLE_CHOICE,ENERGY,Scientists at UCLA’s Tao Lab are studying the implications of random matrices in quantum physics. Which of the following facts is NOT implied by a nonsingular square matrix?,Scientists at UCLA’s Tao Lab are studying the implications of random matrices in quantum physics. Which of the following facts is NOT implied by a nonsingular square matrix?,28,"""Z""","[""Its columns are linearly independent vectors"", ""The null space is the trivial subspace"", ""It is invertible"", ""Zero is an eigenvalue""]",SSB_2026
4deefbe99c3eefb71a26f3ced3d0df9528d0ab16ccea7ff13206c54747be8b94,DOUBLE ELIMINATION 7,2026,18,9,BONUS,SHORT_ANSWER,ENERGY,Scientists at UCLA’s Doyle Lab are studying nucleophilic fluorination reagents. What quaternary ammonium salt is commonly used as a soluble source of fluoride ion to remove silyl protecting groups such as TMS and TBDMS?,Scientists at UCLA’s Doyle Lab are studying nucleophilic fluorination reagents. What quaternary ammonium salt is commonly used as a soluble source of fluoride ion to remove silyl protecting groups such as TMS and TBDMS?,34,"""Tertbutylammmonium fluoride (ACCEPT: TBAF)""",[],SSB_2026
4deefbe99c3eefb71a26f3ced3d0df9528d0ab16ccea7ff13206c54747be8b94,DOUBLE ELIMINATION 7,2026,19,10,TOSSUP,MULTIPLE_CHOICE,CHEMISTRY,Treating formaldehyde with which of the following reagents would not lead to its oxidation?,Treating formaldehyde with which of the following reagents would not lead to its oxidation?,14,"""X""","[""meta-chloroperoxybenzoic acid"", ""Pyridinium chlorochromate in methylene chloride"", ""Sodium dichromate in a sulfuric acid solution"", ""Potassium permanganate in water""]",SSB_2026
4deefbe99c3eefb71a26f3ced3d0df9528d0ab16ccea7ff13206c54747be8b94,DOUBLE ELIMINATION 7,2026,20,10,BONUS,SHORT_ANSWER,CHEMISTRY,Identify all of the following three compounds whose H1-NMR spectrum would have more peaks than its C13-NMR spectrum:1) para-dimethylbenzene; 2) Toluene; 3) Anisole,Identify all of the following three compounds whose H1-NMR spectrum would have more peaks than its C13-NMR spectrum:1) para-dimethylbenzene; 2) Toluene; 3) Anisole,23,"""None""",[],SSB_2026
4deefbe99c3eefb71a26f3ced3d0df9528d0ab16ccea7ff13206c54747be8b94,DOUBLE ELIMINATION 7,2026,21,11,TOSSUP,MULTIPLE_CHOICE,BIOLOGY,The binding of epinephrine to beta two receptors in the arteriolar smooth muscle would most likely trigger which of the following responses?,The binding of epinephrine to beta two receptors in the arteriolar smooth muscle would most likely trigger which of the following responses?,22,"""W""","[""Increased activity of the Ca2+ pump in the sarcoplasmic reticulum"", ""Increased activity of myosin light-chain kinase"", ""Opening of ryanodine receptors"", ""Dissociation of troponin from caldesmon in the thin filament""]",SSB_2026
4deefbe99c3eefb71a26f3ced3d0df9528d0ab16ccea7ff13206c54747be8b94,DOUBLE ELIMINATION 7,2026,22,11,BONUS,SHORT_ANSWER,BIOLOGY,"Aster amellus is a hexaploid perennial herb. At a particular genetic locus, there are two alleles, big A and little a, present at equal frequencies in the population.  Assuming Hardy-Weinberg equilibrium, what proportion of Aster amellus will have exactly two big A alleles and four little a alleles?","Aster amellus is a hexaploid perennial herb. At a particular genetic locus, there are two alleles, big A and little a, present at equal frequencies in the population. Assuming Hardy-Weinberg equilibrium, what proportion of Aster amellus will have exactly two big A alleles and four little a alleles?",48,"""15/64""",[],SSB_2026
4deefbe99c3eefb71a26f3ced3d0df9528d0ab16ccea7ff13206c54747be8b94,DOUBLE ELIMINATION 7,2026,23,12,TOSSUP,MULTIPLE_CHOICE,EARTH_SPACE,"The Channeled Scablands of Washington are a formation of exposed, scoured bedrock with wide, rectangular valleys. Which of the following was most directly responsible for the formation of the Channeled Scablands?","The Channeled Scablands of Washington are a formation of exposed, scoured bedrock with wide, rectangular valleys. Which of the following was most directly responsible for the formation of the Channeled Scablands?",31,"""Y""","[""Glaciation"", ""Flood Basalt Eruptions"", ""Glacial Outburst Floods"", ""Fluvial Erosion""]",SSB_2026
4deefbe99c3eefb71a26f3ced3d0df9528d0ab16ccea7ff13206c54747be8b94,DOUBLE ELIMINATION 7,2026,24,12,BONUS,SHORT_ANSWER,EARTH_SPACE,Identify all of the following three changes that would increase the likelihood of liquefaction during an earthquake: 1) Increasing pore water pressure; 2) Increasing effective stress between grains; 3) Increasing grain angularity.,Identify all of the following three changes that would increase the likelihood of liquefaction during an earthquake: 1) Increasing pore water pressure; 2) Increasing effective stress between grains; 3) Increasing grain angularity.,32,"""1 only [ASr]""",[],SSB_2026
4deefbe99c3eefb71a26f3ced3d0df9528d0ab16ccea7ff13206c54747be8b94,DOUBLE ELIMINATION 7,2026,25,13,TOSSUP,MULTIPLE_CHOICE,ENERGY,Scientists at the Johns Hopkins Huang Lab are studying non-heme enzymes containing a histidine metal binding site for enantioselective azide transfer. Histidine coordinates metal ions primarily through what functional group?,Scientists at the Johns Hopkins Huang Lab are studying non-heme enzymes containing a histidine metal binding site for enantioselective azide transfer. Histidine coordinates metal ions primarily through what functional group?,30,"""Y""","[""Carboxylate"", ""Amine"", ""Imidazole"", ""Indole""]",SSB_2026
4deefbe99c3eefb71a26f3ced3d0df9528d0ab16ccea7ff13206c54747be8b94,DOUBLE ELIMINATION 7,2026,26,13,BONUS,MULTIPLE_CHOICE,ENERGY,Scientists at Johns Hopkins University’s Trayanova Lab use graph neural networks to analyze electrocardiograms of patients with atrial fibrillation. Which of the following electrocardiogram findings is characteristic of atrial fibrillation?,Scientists at Johns Hopkins University’s Trayanova Lab use graph neural networks to analyze electrocardiograms of patients with atrial fibrillation. Which of the following electrocardiogram findings is characteristic of atrial fibrillation?,30,"""X""","[""P waves occurring before each QRS complex"", ""No identifiable P waves"", ""A prolonged PR interval"", ""An elevated ST segment""]",SSB_2026
4deefbe99c3eefb71a26f3ced3d0df9528d0ab16ccea7ff13206c54747be8b94,DOUBLE ELIMINATION 7,2026,27,14,TOSSUP,SHORT_ANSWER,CHEMISTRY,"What is the name of the point defect where an atom or ion moves from its lattice site to an interstitial site, leaving a vacancy behind?","What is the name of the point defect where an atom or ion moves from its lattice site to an interstitial site, leaving a vacancy behind?",26,"""Frenkel defect""",[],SSB_2026
4deefbe99c3eefb71a26f3ced3d0df9528d0ab16ccea7ff13206c54747be8b94,DOUBLE ELIMINATION 7,2026,28,14,BONUS,MULTIPLE_CHOICE,CHEMISTRY,"Williamson ether synthesis is performed using a certain alcohol. Then, the resulting ether is subjected to acidic cleavage. For which of the following alcohols would this reaction scheme be least likely to produce two alkyl chlorides as the major organic products?","Williamson ether synthesis is performed using a certain alcohol. Then, the resulting ether is subjected to acidic cleavage. For which of the following alcohols would this reaction scheme be least likely to produce two alkyl chlorides as the major organic products?",41,"""Z""","[""1-pentanol"", ""tert-butanol"", ""Cyclohexanol"", ""Phenol""]",SSB_2026
4deefbe99c3eefb71a26f3ced3d0df9528d0ab16ccea7ff13206c54747be8b94,DOUBLE ELIMINATION 7,2026,29,15,TOSSUP,SHORT_ANSWER,MATH,What is the value of the product of log base 32 of 36 and log base 6 of 2?,What is the value of the product of log base 32 of 36 and log base 6 of 2?,19,"""2/5""",[],SSB_2026
4deefbe99c3eefb71a26f3ced3d0df9528d0ab16ccea7ff13206c54747be8b94,DOUBLE ELIMINATION 7,2026,30,15,BONUS,SHORT_ANSWER,MATH,"What is the area of the quadrilateral in the Cartesian plane with vertices $(2, 7)$, $(1, 3)$, $(10, 1)$, and $(7, 6)$ in that order?","What is the area of the quadrilateral in the Cartesian plane with vertices , , , and in that order?",20,"""30""",[],SSB_2026
4deefbe99c3eefb71a26f3ced3d0df9528d0ab16ccea7ff13206c54747be8b94,DOUBLE ELIMINATION 7,2026,31,16,TOSSUP,MULTIPLE_CHOICE,PHYSICS,The electric displacement field is proportional to the electric field when which of the following quantities is equal to zero?,The electric displacement field is proportional to the electric field when which of the following quantities is equal to zero?,20,"""Y""","[""Free charge density"", ""Current density"", ""Polarization density"", ""Magnetic field strength""]",SSB_2026
4deefbe99c3eefb71a26f3ced3d0df9528d0ab16ccea7ff13206c54747be8b94,DOUBLE ELIMINATION 7,2026,32,16,BONUS,MULTIPLE_CHOICE,PHYSICS,A horizontal spring is attached to a block that moves across a surface with friction. The block is set in motion and comes to rest due to friction. Which of the following best describes what would happen if the block were given an infinitesimal push towards the equilibrium position of the spring?,A horizontal spring is attached to a block that moves across a surface with friction. The block is set in motion and comes to rest due to friction. Which of the following best describes what would happen if the block were given an infinitesimal push towards the equilibrium position of the spring?,52,"""X""","[""It would come to rest immediately"", ""It would come to rest before reaching the equilibrium position"", ""It would come to rest at the equilibrium position"", ""It would come to rest after reaching the equilibrium position""]",SSB_2026
4deefbe99c3eefb71a26f3ced3d0df9528d0ab16ccea7ff13206c54747be8b94,DOUBLE ELIMINATION 7,2026,33,17,TOSSUP,SHORT_ANSWER,BIOLOGY,"Instead of continuing through glycolysis, glucose 6-phosphate can enter what parallel pathway important in synthesizing ribose and producing NADPH?","Instead of continuing through glycolysis, glucose 6-phosphate can enter what parallel pathway important in synthesizing ribose and producing NADPH?",19,"""Pentose phosphate pathway""",[],SSB_2026
4deefbe99c3eefb71a26f3ced3d0df9528d0ab16ccea7ff13206c54747be8b94,DOUBLE ELIMINATION 7,2026,34,17,BONUS,SHORT_ANSWER,BIOLOGY,Order the following three processes by increasing number of inorganic phosphate groups released upon completion: 1) Primase synthesizing the first three RNA nucleotides in a lagging-strand primer; 2) ATP-driven transport of ten potassium ions into a neuron; 3) Reduction of one molecule of N₂ to ammonia by nitrogen-fixing bacteria.,Order the following three processes by increasing number of inorganic phosphate groups released upon completion: 1) Primase synthesizing the first three RNA nucleotides in a lagging-strand primer; 2) ATP-driven transport of ten potassium ions into a neuron; 3) Reduction of one molecule of N₂ to ammonia by nitrogen-fixing bacteria.,49,"""1, 2, 3""",[],SSB_2026
4deefbe99c3eefb71a26f3ced3d0df9528d0ab16ccea7ff13206c54747be8b94,DOUBLE ELIMINATION 7,2026,35,18,TOSSUP,MULTIPLE_CHOICE,EARTH_SPACE,Which of the following best explains why red dwarfs may not be favorable targets in the search for alien life?,Which of the following best explains why red dwarfs may not be favorable targets in the search for alien life?,20,"""X""","[""Red dwarfs are not bright enough to support reasonably-sized habitable zones"", ""Red dwarfs are prone to solar flares which strip the atmospheres of habitable-zone planets"", ""Red dwarfs usually form in binary systems, which are too dynamically unstable to support habitable-zone planets"", ""Red dwarfs are not bright enough for photosynthesis to be viable on the surface of orbiting planets""]",SSB_2026
4deefbe99c3eefb71a26f3ced3d0df9528d0ab16ccea7ff13206c54747be8b94,DOUBLE ELIMINATION 7,2026,36,18,BONUS,MULTIPLE_CHOICE,EARTH_SPACE,"Which of the following best describes how the direction of wind in the Northern Hemisphere typically changes when it enters and exits the air over a lake, respectively?","Which of the following best describes how the direction of wind in the Northern Hemisphere typically changes when it enters and exits the air over a lake, respectively?",28,"""Y""","[""Deflects left; deflects left"", ""Deflects left; deflects right"", ""Deflects right; deflects left"", ""Deflects right; deflects right""]",SSB_2026
4deefbe99c3eefb71a26f3ced3d0df9528d0ab16ccea7ff13206c54747be8b94,DOUBLE ELIMINATION 7,2026,37,19,TOSSUP,MULTIPLE_CHOICE,CHEMISTRY,Which of the following best explains why Titanium tetrachloride is colorless?,Which of the following best explains why Titanium tetrachloride is colorless?,11,"""Y""","[""TiCl4\u2019s crystal field splitting energy is too small to absorb visible light"", ""TiCl4 is perfectly symmetric"", ""TiCl4 cannot undergo d-d transitions"", ""TiCl4 is fully ionic""]",SSB_2026
4deefbe99c3eefb71a26f3ced3d0df9528d0ab16ccea7ff13206c54747be8b94,DOUBLE ELIMINATION 7,2026,38,19,BONUS,MULTIPLE_CHOICE,CHEMISTRY,Which of the following substituted cyclohexanes would exhibit the largest free-energy difference between its two chair conformations upon a ring flip?,Which of the following substituted cyclohexanes would exhibit the largest free-energy difference between its two chair conformations upon a ring flip?,21,"""X""","[""cis-1,2-dimethylcyclohexane"", ""trans-1,2-dimethylcyclohexane"", ""all-cis-1,2,3-trimethylcyclohexane"", ""cis-1,2-diisopropylcyclohexane""]",SSB_2026
4deefbe99c3eefb71a26f3ced3d0df9528d0ab16ccea7ff13206c54747be8b94,DOUBLE ELIMINATION 7,2026,39,20,TOSSUP,MULTIPLE_CHOICE,PHYSICS,Which of the following shapes is typically used to depict a boson on a Feynman diagram?,Which of the following shapes is typically used to depict a boson on a Feynman diagram?,16,"""X""","[""Straight line"", ""Dashed line"", ""Squiggly line"", ""Zigzag line""]",SSB_2026
4deefbe99c3eefb71a26f3ced3d0df9528d0ab16ccea7ff13206c54747be8b94,DOUBLE ELIMINATION 7,2026,40,20,BONUS,SHORT_ANSWER,PHYSICS,"A large balloon containing 1 mole of nitrogen gas expands from 50 to 100 liters at a constant temperature of 250 kelvins. To one significant figure, what is its change in entropy in joules per kelvin?","A large balloon containing 1 mole of nitrogen gas expands from 50 to 100 liters at a constant temperature of 250 kelvins. To one significant figure, what is its change in entropy in joules per kelvin?",36,"""6""",[],SSB_2026
4deefbe99c3eefb71a26f3ced3d0df9528d0ab16ccea7ff13206c54747be8b94,DOUBLE ELIMINATION 7,2026,41,21,TOSSUP,MULTIPLE_CHOICE,BIOLOGY,Which of the following best describes how the membrane potential of a guard cell changes as it transitions from a flaccid to a turgid state?,Which of the following best describes how the membrane potential of a guard cell changes as it transitions from a flaccid to a turgid state?,25,"""Z""","[""Increases monotonically"", ""Decreases monotonically"", ""Increases then decreases"", ""Decreases then increases""]",SSB_2026
4deefbe99c3eefb71a26f3ced3d0df9528d0ab16ccea7ff13206c54747be8b94,DOUBLE ELIMINATION 7,2026,42,21,BONUS,MULTIPLE_CHOICE,BIOLOGY,"If the reverse rate constant k_-1 approaches 0, what does the ratio kcat/Km ​best represent for an enzyme?","If the reverse rate constant k_-1 approaches 0, what does the ratio kcat/Km ​best represent for an enzyme?",18,"""W""","[""Diffusion-limited catalytic efficiency"", ""Steady state equilibrium"", ""Lowest possible catalytic efficiency"", ""Rate of product formation at full enzyme saturation""]",SSB_2026
4deefbe99c3eefb71a26f3ced3d0df9528d0ab16ccea7ff13206c54747be8b94,DOUBLE ELIMINATION 7,2026,43,22,TOSSUP,SHORT_ANSWER,MATH,"What is the average value of the function f(x) = sin(x) on the interval [0, $\pi$]?","What is the average value of the function f(x) = sin(x) on the interval [0, ]?",16,"""$\\frac{2}{\\pi}$""",[],SSB_2026
4deefbe99c3eefb71a26f3ced3d0df9528d0ab16ccea7ff13206c54747be8b94,DOUBLE ELIMINATION 7,2026,44,22,BONUS,SHORT_ANSWER,MATH,Zhongli has a convex polyhedron with 40 vertices and 35 faces. How many edges does it have?,Zhongli has a convex polyhedron with 40 vertices and 35 faces. How many edges does it have?,17,"""73""",[],SSB_2026
4deefbe99c3eefb71a26f3ced3d0df9528d0ab16ccea7ff13206c54747be8b94,DOUBLE ELIMINATION 7,2026,45,23,TOSSUP,MULTIPLE_CHOICE,EARTH_SPACE,Which of the following best explains the disproportionately large size of Mercury’s iron core?,Which of the following best explains the disproportionately large size of Mercury’s iron core?,14,"""Z""","[""Venus and Earth had already pulled in most of the available silicate material in the inner solar system by the time Mercury formed."", ""Solar winds blew away most of the silicate and volatile material away from the inner solar system."", ""Mercury\u2019s early magnetic field caused it to attract more iron during its formation."", ""The sun\u2019s magnetic field helped enrich the inner solar system with iron.""]",SSB_2026
4deefbe99c3eefb71a26f3ced3d0df9528d0ab16ccea7ff13206c54747be8b94,DOUBLE ELIMINATION 7,2026,46,23,BONUS,SHORT_ANSWER,EARTH_SPACE,"The planet Arrakis transits its star in 4 hours. If Caladan orbits a different star with the same mass but twice the radius and at 4 times the distances, then how long does it take for Caladan to transit, in hours?","The planet Arrakis transits its star in 4 hours. If Caladan orbits a different star with the same mass but twice the radius and at 4 times the distances, then how long does it take for Caladan to transit, in hours?",41,"""16""",[],SSB_2026
37bde8d5c86569451102e31d26c94fba6ad301dc22028626efbcae958dc62bcb,DOUBLE ELIMINATION 8,2026,1,1,TOSSUP,SHORT_ANSWER,PHYSICS,"The three Pauli matrices satisfy $\sigma_x \sigma_y = A\sigma_z$ \textbf{[sigma x sigma y equals A sigma z]}, where A is a scalar constant. What is A?","The three Pauli matrices satisfy , where A is a scalar constant. What is A?",15,"""$i$""",[],SSB_2026
37bde8d5c86569451102e31d26c94fba6ad301dc22028626efbcae958dc62bcb,DOUBLE ELIMINATION 8,2026,2,1,BONUS,MULTIPLE_CHOICE,PHYSICS,"A system is described by the Lagrangian x dot squared plus y dot squared plus alpha x plus beta y squared, where alpha and beta are positive constants. Which of the following shapes describes the movement of a particle within this system?","A system is described by the Lagrangian x dot squared plus y dot squared plus alpha x plus beta y squared, where alpha and beta are positive constants. Which of the following shapes describes the movement of a particle within this system?",42,"""Z""","[""Ellipse"", ""Parabola"", ""Hyperbola"", ""Cycloid""]",SSB_2026
37bde8d5c86569451102e31d26c94fba6ad301dc22028626efbcae958dc62bcb,DOUBLE ELIMINATION 8,2026,3,2,TOSSUP,MULTIPLE_CHOICE,ENERGY,"Scientists at Johns Hopkins University’s Barrick Lab are studying the thermodynamics of transmembrane protein folding. When a transmembrane protein folds into an organized structure with its hydrophobic residues buried in the interior, how do the entropies of the protein and the surrounding water molecules change, respectively?","Scientists at Johns Hopkins University’s Barrick Lab are studying the thermodynamics of transmembrane protein folding. When a transmembrane protein folds into an organized structure with its hydrophobic residues buried in the interior, how do the entropies of the protein and the surrounding water molecules change, respectively?",46,"""Y""","[""Increases, increases"", ""Increases, decreases"", ""Decreases, increases"", ""Decreases, decreases""]",SSB_2026
37bde8d5c86569451102e31d26c94fba6ad301dc22028626efbcae958dc62bcb,DOUBLE ELIMINATION 8,2026,4,2,BONUS,SHORT_ANSWER,ENERGY,"Researchers at the Stanford Institute for Human-Centered Artificial Intelligence are determining new ways to deconstruct model activations into individual vectors representing human-interpretable concepts. Their methods improve upon what common type of neural network used for this purpose, which learns compressed representations of data by enforcing that very few neurons activate at any given point?","Researchers at the Stanford Institute for Human-Centered Artificial Intelligence are determining new ways to deconstruct model activations into individual vectors representing human-interpretable concepts. Their methods improve upon what common type of neural network used for this purpose, which learns compressed representations of data by enforcing that very few neurons activate at any given point?",54,"""Sparse autoencoder""",[],SSB_2026
37bde8d5c86569451102e31d26c94fba6ad301dc22028626efbcae958dc62bcb,DOUBLE ELIMINATION 8,2026,5,3,TOSSUP,SHORT_ANSWER,BIOLOGY,"To maintain a plateau at 0 millivolts, calcium ions flow through what channels in cardiac muscle cells to oppose the repolarizing current from potassium ion efflux?","To maintain a plateau at 0 millivolts, calcium ions flow through what channels in cardiac muscle cells to oppose the repolarizing current from potassium ion efflux?",26,"""L-type channels (Accept: dihydropyridine channels or DHP channels) (Do not accept: dihydropyridine receptors)""",[],SSB_2026
37bde8d5c86569451102e31d26c94fba6ad301dc22028626efbcae958dc62bcb,DOUBLE ELIMINATION 8,2026,6,3,BONUS,SHORT_ANSWER,BIOLOGY,Order the following three stages of succession after a glacial retreat by increasing nitrogen content in the soil: 1) Spruce stage; 2) Alder stage; 3) Dryas stage.,Order the following three stages of succession after a glacial retreat by increasing nitrogen content in the soil: 1) Spruce stage; 2) Alder stage; 3) Dryas stage.,27,"""3, 2, 1""",[],SSB_2026
37bde8d5c86569451102e31d26c94fba6ad301dc22028626efbcae958dc62bcb,DOUBLE ELIMINATION 8,2026,7,4,TOSSUP,MULTIPLE_CHOICE,EARTH_SPACE,"Ryan is studying three large, uniform clouds of ionized hydrogen in deep space. Each cloud has the same radius and initial density. Which of the following clouds would be most resistant to gravitational collapse?","Ryan is studying three large, uniform clouds of ionized hydrogen in deep space. Each cloud has the same radius and initial density. Which of the following clouds would be most resistant to gravitational collapse?",34,"""Z""","[""A cloud with half the total mass"", ""A cloud with twice the total mass"", ""A cloud with half the temperature"", ""A cloud with twice the temperature""]",SSB_2026
37bde8d5c86569451102e31d26c94fba6ad301dc22028626efbcae958dc62bcb,DOUBLE ELIMINATION 8,2026,8,4,BONUS,SHORT_ANSWER,EARTH_SPACE,"If the current size of the observable universe is 45 billion light years and the cosmic microwave background has a redshift of $z = 1100$, then to one significant figure, what was the size of the universe in light years when the cosmic microwave background radiation was first emitted?","If the current size of the observable universe is 45 billion light years and the cosmic microwave background has a redshift of , then to one significant figure, what was the size of the universe in light years when the cosmic microwave background radiation was first emitted?",47,"""40 million (ACCEPT: $4 \\times 10^{7}$)""",[],SSB_2026
37bde8d5c86569451102e31d26c94fba6ad301dc22028626efbcae958dc62bcb,DOUBLE ELIMINATION 8,2026,9,5,TOSSUP,SHORT_ANSWER,MATH,The solid R is defined in spherical coordinates by $2 \leq \rho \leq 3$ \textbf{[2 less than or equal to rho less than or equal to 3]}. What is the volume of this solid?,The solid R is defined in spherical coordinates by . What is the volume of this solid?,17,"""$\\frac{76\\pi}{3}$""",[],SSB_2026
37bde8d5c86569451102e31d26c94fba6ad301dc22028626efbcae958dc62bcb,DOUBLE ELIMINATION 8,2026,10,5,BONUS,SHORT_ANSWER,MATH,What is $\int_0^{\frac{\pi}{4}} \sec x \tan x dx$ \textbf{[the integral from 0 to pi over 4 of secant x times tangent x dx]} when expressed in simplest form?,What is when expressed in simplest form?,7,"""$\\sqrt{2} \u2212 1$""",[],SSB_2026
37bde8d5c86569451102e31d26c94fba6ad301dc22028626efbcae958dc62bcb,DOUBLE ELIMINATION 8,2026,11,6,TOSSUP,MULTIPLE_CHOICE,CHEMISTRY,In which of the following reactions would it be possible for the transition state to have equal resemblance to the reactants and products?,In which of the following reactions would it be possible for the transition state to have equal resemblance to the reactants and products?,23,"""Z""","[""Claisen rearrangement"", ""Beckmann rearrangement"", ""Curtius rearrangment"", ""Cope rearrangement""]",SSB_2026
37bde8d5c86569451102e31d26c94fba6ad301dc22028626efbcae958dc62bcb,DOUBLE ELIMINATION 8,2026,12,6,BONUS,MULTIPLE_CHOICE,CHEMISTRY,The Dulong-Petit law states that molar heat capacities are constant and equal for all solid elements. This model strongly deviates from reality at low temperatures due to which of the following reasons?,The Dulong-Petit law states that molar heat capacities are constant and equal for all solid elements. This model strongly deviates from reality at low temperatures due to which of the following reasons?,32,"""X""","[""Atoms have too little energy to occupy all predicted vibrational energies"", ""Maxwell-Boltzmann statistics does not consider energy quantization"", ""The effects of inter-atom attractive forces become significant"", ""Bose-Einstein statistics must be used instead to account for quantum effects""]",SSB_2026
37bde8d5c86569451102e31d26c94fba6ad301dc22028626efbcae958dc62bcb,DOUBLE ELIMINATION 8,2026,13,7,TOSSUP,MULTIPLE_CHOICE,EARTH_SPACE,An orthoclase grain in a pluton displays reverse zoning with a calcium-rich rim. Which of the following processes would most likely produce this zoning?,An orthoclase grain in a pluton displays reverse zoning with a calcium-rich rim. Which of the following processes would most likely produce this zoning?,24,"""X""","[""Gradual cooling of a magma chamber with oscilating change in melt temperature"", ""Injection of a more calcium-rich magma into the chamber during crystal growth"", ""Diffusion of Ca into the crystal after crystallization"", ""Porphyroblastic growth deformation during metamorphism""]",SSB_2026
37bde8d5c86569451102e31d26c94fba6ad301dc22028626efbcae958dc62bcb,DOUBLE ELIMINATION 8,2026,14,7,BONUS,MULTIPLE_CHOICE,EARTH_SPACE,"If Earth’s outer core were partially solidified such that P-wave speeds within it increased significantly, how would the angular width of the P-wave shadow zone change?","If Earth’s outer core were partially solidified such that P-wave speeds within it increased significantly, how would the angular width of the P-wave shadow zone change?",26,"""X""","[""Increase"", ""Decrease"", ""Remain the same"", ""Disappear entirely""]",SSB_2026
37bde8d5c86569451102e31d26c94fba6ad301dc22028626efbcae958dc62bcb,DOUBLE ELIMINATION 8,2026,15,8,TOSSUP,SHORT_ANSWER,ENERGY,"Astronomers at UCLA recently conducted an experiment searching for a hypothetical fifth fundamental force. A potential fifth force is often expressed as a modification to the gravitational force that takes what form, expressed as a potential proportional to $\frac{e^{-\alpha r}}{r}$ \textbf{[the fraction with numerator e to the quantity negative alpha r and denominator r]}?","Astronomers at UCLA recently conducted an experiment searching for a hypothetical fifth fundamental force. A potential fifth force is often expressed as a modification to the gravitational force that takes what form, expressed as a potential proportional to ?",39,"""Yukawa potential""",[],SSB_2026
37bde8d5c86569451102e31d26c94fba6ad301dc22028626efbcae958dc62bcb,DOUBLE ELIMINATION 8,2026,16,8,BONUS,MULTIPLE_CHOICE,ENERGY,Scientists at UCLA’s Furlanetto Lab are studying the opacity of regions in the Big Bang. Which of the following stars would have the lowest opacity?,Scientists at UCLA’s Furlanetto Lab are studying the opacity of regions in the Big Bang. Which of the following stars would have the lowest opacity?,25,"""X""","[""Proxima Centauri"", ""Alpha Centauri"", ""Polaris"", ""Eta Carinae""]",SSB_2026
37bde8d5c86569451102e31d26c94fba6ad301dc22028626efbcae958dc62bcb,DOUBLE ELIMINATION 8,2026,17,9,TOSSUP,SHORT_ANSWER,MATH,What is the area of an ellipse with semimajor axis 5 and distance between foci 8?,What is the area of an ellipse with semimajor axis 5 and distance between foci 8?,16,"""$15\\pi$""",[],SSB_2026
37bde8d5c86569451102e31d26c94fba6ad301dc22028626efbcae958dc62bcb,DOUBLE ELIMINATION 8,2026,18,9,BONUS,SHORT_ANSWER,MATH,"Right triangle ABC has hypotenuse BC, and an altitude is drawn from A to D on BC. If AD equals 6 and BC equals 13, what is the length of the shorter leg of ABC?","Right triangle ABC has hypotenuse BC, and an altitude is drawn from A to D on BC. If AD equals 6 and BC equals 13, what is the length of the shorter leg of ABC?",35,"""$2\\sqrt{13}$""",[],SSB_2026
37bde8d5c86569451102e31d26c94fba6ad301dc22028626efbcae958dc62bcb,DOUBLE ELIMINATION 8,2026,19,10,TOSSUP,SHORT_ANSWER,CHEMISTRY,What is the bond order of the characteristic briding Al-Cl bond found in a dimer of aluminum trichloride?,What is the bond order of the characteristic briding Al-Cl bond found in a dimer of aluminum trichloride?,18,"""0.5""",[],SSB_2026
37bde8d5c86569451102e31d26c94fba6ad301dc22028626efbcae958dc62bcb,DOUBLE ELIMINATION 8,2026,20,10,BONUS,MULTIPLE_CHOICE,CHEMISTRY,"At 25 °C, you attempt to add 0.50 moles of an ionic compound to 1.00 L of water, stirring until equilibrium is reached. Which of the following compounds will produce the largest boiling point elevation of the water?","At 25 °C, you attempt to add 0.50 moles of an ionic compound to 1.00 L of water, stirring until equilibrium is reached. Which of the following compounds will produce the largest boiling point elevation of the water?",38,"""Y""","[""Sodium chloride"", ""Magnesium carbonate"", ""Rubidium chloride"", ""Strontium sulfide""]",SSB_2026
37bde8d5c86569451102e31d26c94fba6ad301dc22028626efbcae958dc62bcb,DOUBLE ELIMINATION 8,2026,21,11,TOSSUP,MULTIPLE_CHOICE,PHYSICS,Laplace’s equation in electrostatics is only valid when which of the following conditions holds?,Laplace’s equation in electrostatics is only valid when which of the following conditions holds?,14,"""W""","[""Charge density is zero"", ""Electric potential is zero"", ""Charge density is a constant nonzero value"", ""Electric potential is a constant nonzero value""]",SSB_2026
37bde8d5c86569451102e31d26c94fba6ad301dc22028626efbcae958dc62bcb,DOUBLE ELIMINATION 8,2026,22,11,BONUS,SHORT_ANSWER,PHYSICS,"A rocket expels fuel at about 2 kilometers per second. An engineer calculates that to reach a final speed of 10 kilometers per second, the rocket will require a mass ratio $M$. The engineer is then told that recent upgrades have increased the exhaust velocity to 2.5 kilometers per second. In terms of $M$, what is the new required mass ratio of the rocket?","A rocket expels fuel at about 2 kilometers per second. An engineer calculates that to reach a final speed of 10 kilometers per second, the rocket will require a mass ratio . The engineer is then told that recent upgrades have increased the exhaust velocity to 2.5 kilometers per second. In terms of , what is the new required mass ratio of the rocket?",64,"""$\\frac M e$""",[],SSB_2026
37bde8d5c86569451102e31d26c94fba6ad301dc22028626efbcae958dc62bcb,DOUBLE ELIMINATION 8,2026,23,12,TOSSUP,MULTIPLE_CHOICE,BIOLOGY,P-protein is found in the sieve tube elements of vascular plants. Which of the following best describes its primary function?,P-protein is found in the sieve tube elements of vascular plants. Which of the following best describes its primary function?,20,"""X""","[""Facilitates active loading of sucrose into companion cells"", ""Forms a structural plug that helps seal damaged sieve tubes"", ""Generates osmotic pressure for bulk flow in the phloem"", ""Prevents the sieve tube element for collapsing under bulk flow""]",SSB_2026
37bde8d5c86569451102e31d26c94fba6ad301dc22028626efbcae958dc62bcb,DOUBLE ELIMINATION 8,2026,24,12,BONUS,MULTIPLE_CHOICE,BIOLOGY,"Edwin mutagenizes a wild-type male and crosses it to wild-type females. He suspects that the male parent possesses a recessive maternal-effect mutation that disrupts embryonic patterning. If he continually crosses descendants in the same generation, what is the earliest generation he could verify his hypothesis by examining offspring phenotypes?","Edwin mutagenizes a wild-type male and crosses it to wild-type females. He suspects that the male parent possesses a recessive maternal-effect mutation that disrupts embryonic patterning. If he continually crosses descendants in the same generation, what is the earliest generation he could verify his hypothesis by examining offspring phenotypes?",49,"""Y""","[""F1"", ""F2"", ""F3"", ""F4""]",SSB_2026
37bde8d5c86569451102e31d26c94fba6ad301dc22028626efbcae958dc62bcb,DOUBLE ELIMINATION 8,2026,25,13,TOSSUP,MULTIPLE_CHOICE,ENERGY,"Scientists at the Johns Hopkins Green Lab are synthesizing poly beta amino esters for drug delivery. These polymers are formed when an amine nucleophile performs a 1,4-addition to an alpha beta-unsaturated ester during step-growth polymerization. Which of the following reactions is this an example of?","Scientists at the Johns Hopkins Green Lab are synthesizing poly beta amino esters for drug delivery. These polymers are formed when an amine nucleophile performs a 1,4-addition to an alpha beta-unsaturated ester during step-growth polymerization. Which of the following reactions is this an example of?",45,"""Z""","[""Aldol condensation"", ""Claisen condensation"", ""Sigmatropic rearrangement"", ""Michael addition""]",SSB_2026
37bde8d5c86569451102e31d26c94fba6ad301dc22028626efbcae958dc62bcb,DOUBLE ELIMINATION 8,2026,26,13,BONUS,SHORT_ANSWER,ENERGY,Scientists at Stanford’s Leinweber Institute for Theoretical Physics are studying the properties of Wigner crystals. Wigner crystals form from a gas composed of what substance?,Scientists at Stanford’s Leinweber Institute for Theoretical Physics are studying the properties of Wigner crystals. Wigner crystals form from a gas composed of what substance?,25,"""Electrons""",[],SSB_2026
37bde8d5c86569451102e31d26c94fba6ad301dc22028626efbcae958dc62bcb,DOUBLE ELIMINATION 8,2026,27,14,TOSSUP,SHORT_ANSWER,CHEMISTRY,"In certain substituted tetrahydropyran rings, an electronegative substituent such as a methoxy group is observed to preferentially occupy the axial position rather than the sterically favored equatorial position. What phenomenon explains this conformational preference?","In certain substituted tetrahydropyran rings, an electronegative substituent such as a methoxy group is observed to preferentially occupy the axial position rather than the sterically favored equatorial position. What phenomenon explains this conformational preference?",34,"""Anomeric effect""",[],SSB_2026
37bde8d5c86569451102e31d26c94fba6ad301dc22028626efbcae958dc62bcb,DOUBLE ELIMINATION 8,2026,28,14,BONUS,SHORT_ANSWER,CHEMISTRY,"In the absence of a catalyst, step-growth polyesterification is self-catalyzed by carboxylic acids and follows third-order kinetics with respect to monomer concentration. At long reaction times, the fraction of monomers that have reacted is proportional to time raised to what power?","In the absence of a catalyst, step-growth polyesterification is self-catalyzed by carboxylic acids and follows third-order kinetics with respect to monomer concentration. At long reaction times, the fraction of monomers that have reacted is proportional to time raised to what power?",41,"""$\\frac{1}{2}$""",[],SSB_2026
37bde8d5c86569451102e31d26c94fba6ad301dc22028626efbcae958dc62bcb,DOUBLE ELIMINATION 8,2026,29,15,TOSSUP,MULTIPLE_CHOICE,EARTH_SPACE,Which of the following types of estuary typically has the strongest local circulation?,Which of the following types of estuary typically has the strongest local circulation?,13,"""X""","[""Vertically mixed"", ""Slightly stratified"", ""Highly stratified"", ""Salt wedge""]",SSB_2026
37bde8d5c86569451102e31d26c94fba6ad301dc22028626efbcae958dc62bcb,DOUBLE ELIMINATION 8,2026,30,15,BONUS,SHORT_ANSWER,EARTH_SPACE,"On a standard upper-air trough in the Northern Hemisphere, order the following three locations in order of decreasing magnitude of lower-level convergence: 1) The trough axis; 2) The region downstream of the trough axis; 3) The region upstream of the trough axis.","On a standard upper-air trough in the Northern Hemisphere, order the following three locations in order of decreasing magnitude of lower-level convergence: 1) The trough axis; 2) The region downstream of the trough axis; 3) The region upstream of the trough axis.",42,"""2, 1, 3 [ASr]""",[],SSB_2026
37bde8d5c86569451102e31d26c94fba6ad301dc22028626efbcae958dc62bcb,DOUBLE ELIMINATION 8,2026,31,16,TOSSUP,SHORT_ANSWER,MATH,"Varesa buys a one dollar burger using only pennies and nickels. Given that she used 36 coins, how many pennies did she use?","Varesa buys a one dollar burger using only pennies and nickels. Given that she used 36 coins, how many pennies did she use?",23,"""20""",[],SSB_2026
37bde8d5c86569451102e31d26c94fba6ad301dc22028626efbcae958dc62bcb,DOUBLE ELIMINATION 8,2026,32,16,BONUS,SHORT_ANSWER,MATH,Order the following three numbers in INCREASING order: 1) $1000^{1000}$ \textbf{[1000 to the power of 1000]}; 2) $100!^{100}$ \textbf{[the quantity 100 factorial to the power of 100]}; 3) $10!^{10!}$ \textbf{[the quantity 10 factorial to the power of quantity 10 factorial]}.,Order the following three numbers in INCREASING order: 1) ; 2) ; 3) .,14,"""1, 2, 3""",[],SSB_2026
37bde8d5c86569451102e31d26c94fba6ad301dc22028626efbcae958dc62bcb,DOUBLE ELIMINATION 8,2026,33,17,TOSSUP,MULTIPLE_CHOICE,BIOLOGY,"Thomas transduces mature B lymphocytes with Yamanaka factors, but he fails to generate any pluripotent colonies. Which of the following best explains this outcome?","Thomas transduces mature B lymphocytes with Yamanaka factors, but he fails to generate any pluripotent colonies. Which of the following best explains this outcome?",24,"""Y""","[""Mature B lymphocytes require additional transcription factors to silence lineage-specific gene expression"", ""Mature B lymphocytes lack telomerase activity"", ""Mature B lymphocytes have undergone VDJ recombination"", ""Mature B lymphocytes cannot survive without diverse interleukin signaling""]",SSB_2026
37bde8d5c86569451102e31d26c94fba6ad301dc22028626efbcae958dc62bcb,DOUBLE ELIMINATION 8,2026,34,17,BONUS,SHORT_ANSWER,BIOLOGY,p53 with isoelectric point 7.0 and p21 with isoelectric point 5.0 are separated through various techniques. Identify all of the following three techniques for which p21 will move through the separation medium faster than p53: 1) Anion exchange chromatography at buffer pH 6.0; 2) SDS-PAGE; 3) Gel filtration chromatography.,p53 with isoelectric point 7.0 and p21 with isoelectric point 5.0 are separated through various techniques. Identify all of the following three techniques for which p21 will move through the separation medium faster than p53: 1) Anion exchange chromatography at buffer pH 6.0; 2) SDS-PAGE; 3) Gel filtration chromatography.,49,"""2 only""",[],SSB_2026
37bde8d5c86569451102e31d26c94fba6ad301dc22028626efbcae958dc62bcb,DOUBLE ELIMINATION 8,2026,35,18,TOSSUP,SHORT_ANSWER,PHYSICS,"The Debye model predicts that at very low temperatures, the heat capacity of a solid is proportional to temperature raised to what power?","The Debye model predicts that at very low temperatures, the heat capacity of a solid is proportional to temperature raised to what power?",23,"""3""",[],SSB_2026
37bde8d5c86569451102e31d26c94fba6ad301dc22028626efbcae958dc62bcb,DOUBLE ELIMINATION 8,2026,36,18,BONUS,MULTIPLE_CHOICE,PHYSICS,"Jonathan observes the speeds of particles in a chamber filled with an ideal gas. After creating a histogram of the data, he finds that the number of particles at a given speed is proportional to what function of the speed $v$?","Jonathan observes the speeds of particles in a chamber filled with an ideal gas. After creating a histogram of the data, he finds that the number of particles at a given speed is proportional to what function of the speed ?",41,"""Y""","[""$\\frac{1}{v^2}$"", ""$\\frac{1}{v}$"", ""$v^2 e^{-v}$"", ""$e^{-v}$""]",SSB_2026
37bde8d5c86569451102e31d26c94fba6ad301dc22028626efbcae958dc62bcb,DOUBLE ELIMINATION 8,2026,37,19,TOSSUP,SHORT_ANSWER,CHEMISTRY,Identify all of the following three constitutional isomers that can undergo nucleophilic aromatic substitution in a reaction with NaOH: 1) ortho-bromonitrobenzene; 2) meta-bromonitrobenzene; 3) para-bromonitrobenzene.,Identify all of the following three constitutional isomers that can undergo nucleophilic aromatic substitution in a reaction with NaOH: 1) ortho-bromonitrobenzene; 2) meta-bromonitrobenzene; 3) para-bromonitrobenzene.,25,"""1 and 3""",[],SSB_2026
37bde8d5c86569451102e31d26c94fba6ad301dc22028626efbcae958dc62bcb,DOUBLE ELIMINATION 8,2026,38,19,BONUS,MULTIPLE_CHOICE,CHEMISTRY,Which of the following reactions would be the most hindered if 12-crown-4 was added to the reaction mix?,Which of the following reactions would be the most hindered if 12-crown-4 was added to the reaction mix?,18,"""W""","[""Gilman reagent addition to acetyl chloride"", ""Cyclopropane formation in Simmons-Smith"", ""Aryl-aryl couping in the Suzuki reaction"", ""Vinyl-vinyl coupling in the Stille reaction""]",SSB_2026
37bde8d5c86569451102e31d26c94fba6ad301dc22028626efbcae958dc62bcb,DOUBLE ELIMINATION 8,2026,39,20,TOSSUP,SHORT_ANSWER,EARTH_SPACE,"The most massive stars can undergo a rare supernova in which a drop in radiation pressure triggers collapse and a runaway thermonuclear explosion. What type of supernova is this, which completely destroys the star, leaving no remnant?","The most massive stars can undergo a rare supernova in which a drop in radiation pressure triggers collapse and a runaway thermonuclear explosion. What type of supernova is this, which completely destroys the star, leaving no remnant?",37,"""Pair-instability supernova""",[],SSB_2026
37bde8d5c86569451102e31d26c94fba6ad301dc22028626efbcae958dc62bcb,DOUBLE ELIMINATION 8,2026,40,20,BONUS,SHORT_ANSWER,EARTH_SPACE,Order the following three regions of an expanding Wolf-Rayet stellar shell by increasing deviation from the rest emission line wavelength as a result of doppler shifting: 1) Center; 2) Edge; 3) Limb.,Order the following three regions of an expanding Wolf-Rayet stellar shell by increasing deviation from the rest emission line wavelength as a result of doppler shifting: 1) Center; 2) Edge; 3) Limb.,32,"""3, 2, 1 [ASr]""",[],SSB_2026
37bde8d5c86569451102e31d26c94fba6ad301dc22028626efbcae958dc62bcb,DOUBLE ELIMINATION 8,2026,41,21,TOSSUP,SHORT_ANSWER,PHYSICS,"Sami is studying negative pions and kaons. He notices that when plotted on the eightfold way, these two hadrons sit on the same left-slanting line. What quantity does this arragement imply the two hadrons have in common?","Sami is studying negative pions and kaons. He notices that when plotted on the eightfold way, these two hadrons sit on the same left-slanting line. What quantity does this arragement imply the two hadrons have in common?",37,"""Charge""",[],SSB_2026
37bde8d5c86569451102e31d26c94fba6ad301dc22028626efbcae958dc62bcb,DOUBLE ELIMINATION 8,2026,42,21,BONUS,SHORT_ANSWER,PHYSICS,"A giant star with a radius of 3 times 10^9 meters has a Schwarzschild radius of 3 times 10^5 meters. To one significant figure, if the star maintains the same density, at what radius would its Schwarzschild radius equal its actual radius?","A giant star with a radius of 3 times 10^9 meters has a Schwarzschild radius of 3 times 10^5 meters. To one significant figure, if the star maintains the same density, at what radius would its Schwarzschild radius equal its actual radius?",42,"""3 times  10^{11}""",[],SSB_2026
37bde8d5c86569451102e31d26c94fba6ad301dc22028626efbcae958dc62bcb,DOUBLE ELIMINATION 8,2026,43,22,TOSSUP,MULTIPLE_CHOICE,BIOLOGY,High angiontensin II levels in the bloodstream would most likely lead to hypertophy in which of the following zones of the adrenal gland?,High angiontensin II levels in the bloodstream would most likely lead to hypertophy in which of the following zones of the adrenal gland?,23,"""Y""","[""Zona fasciculata"", ""Zona reticularis"", ""Zona glomerulosa"", ""Adrenal medulla""]",SSB_2026
37bde8d5c86569451102e31d26c94fba6ad301dc22028626efbcae958dc62bcb,DOUBLE ELIMINATION 8,2026,44,22,BONUS,MULTIPLE_CHOICE,BIOLOGY,Which of the following proteins would contain the greatest number of disulfide bridges in its tertiary structure?,Which of the following proteins would contain the greatest number of disulfide bridges in its tertiary structure?,17,"""W""","[""Fibronectin"", ""Aldolase"", ""Actin"", ""Aminoacyl-tRNA synthetase""]",SSB_2026
37bde8d5c86569451102e31d26c94fba6ad301dc22028626efbcae958dc62bcb,DOUBLE ELIMINATION 8,2026,45,23,TOSSUP,MULTIPLE_CHOICE,MATH,Which of the following is NOT a property of all groups?,Which of the following is NOT a property of all groups?,11,"""W""","[""Commutativity"", ""Identity element"", ""Inverses"", ""Associativity""]",SSB_2026
37bde8d5c86569451102e31d26c94fba6ad301dc22028626efbcae958dc62bcb,DOUBLE ELIMINATION 8,2026,46,23,BONUS,SHORT_ANSWER,MATH,What is the value of the nested square root $\sqrt{3 + \sqrt{3 + \sqrt{3 \dots}}}$ \textbf{[the square root of the quantity three plus the quantity square root of the quantity 3 repeating]}?,What is the value of the nested square root ?,10,"""$\\frac{1 + \\sqrt{13}}{2}$""",[],SSB_2026
3bada81da048ad84fc5b788b5972f8a5e9b410ab7e9dc41fbcba85b45bd85845,ROUND ROBIN 1,2026,1,1,TOSSUP,SHORT_ANSWER,EARTH_SPACE,"What is the process by which oceanic crust at mid ocean ridges diverges, leading to the formation of new oceanic crust?","What is the process by which oceanic crust at mid ocean ridges diverges, leading to the formation of new oceanic crust?",21,"""Seafloor spreading""",[],SSB_2026
3bada81da048ad84fc5b788b5972f8a5e9b410ab7e9dc41fbcba85b45bd85845,ROUND ROBIN 1,2026,2,1,BONUS,SHORT_ANSWER,EARTH_SPACE,Identify all of the following three celestial bodies that are generally in hydrostatic equilibrium: 1) Stars; 2) Comets; 3) Planets.,Identify all of the following three celestial bodies that are generally in hydrostatic equilibrium: 1) Stars; 2) Comets; 3) Planets.,20,"""1 and 3""",[],SSB_2026
3bada81da048ad84fc5b788b5972f8a5e9b410ab7e9dc41fbcba85b45bd85845,ROUND ROBIN 1,2026,3,2,TOSSUP,SHORT_ANSWER,MATH,"In Pokemon, Azurill are 25% male and 75% female, but their evolution Marill has a 50/50 gender ratio. If all Azurills evolve into Marills and all male Azurills become male Marills, what is the probability that a randomly selected female Azurill evolves into a male Marill?","In Pokemon, Azurill are 25% male and 75% female, but their evolution Marill has a 50/50 gender ratio. If all Azurills evolve into Marills and all male Azurills become male Marills, what is the probability that a randomly selected female Azurill evolves into a male Marill?",46,"""1/3""",[],SSB_2026
3bada81da048ad84fc5b788b5972f8a5e9b410ab7e9dc41fbcba85b45bd85845,ROUND ROBIN 1,2026,4,2,BONUS,SHORT_ANSWER,MATH,"A group of six friends go to a restaurant together and sit at a circular table. However, Kiana and Mei demand to sit next to each other at the table. If rotations are considered identical, how many ways are there for the friends to arrange themselves?","A group of six friends go to a restaurant together and sit at a circular table. However, Kiana and Mei demand to sit next to each other at the table. If rotations are considered identical, how many ways are there for the friends to arrange themselves?",46,"""48""",[],SSB_2026
3bada81da048ad84fc5b788b5972f8a5e9b410ab7e9dc41fbcba85b45bd85845,ROUND ROBIN 1,2026,5,3,TOSSUP,MULTIPLE_CHOICE,ENERGY,Scientists at Stanford’s PULSE Institute are using attosecond light pulses to study molecular dynamics. An attosecond is defined as which of the following fractions of a second?,Scientists at Stanford’s PULSE Institute are using attosecond light pulses to study molecular dynamics. An attosecond is defined as which of the following fractions of a second?,27,"""Y""","[""10^{-12}"", ""10^{-15}"", ""10^{-18}"", ""10^{-21}""]",SSB_2026
3bada81da048ad84fc5b788b5972f8a5e9b410ab7e9dc41fbcba85b45bd85845,ROUND ROBIN 1,2026,6,3,BONUS,SHORT_ANSWER,ENERGY,Scientists at Stanford’s Paleomagnetism Lab are studying magnetism in solar system bodies. Identify all of the following 3 terrestrial planets that posesses a global magnetic field: 1) Mercury; 2) Venus; 3) Earth.,Scientists at Stanford’s Paleomagnetism Lab are studying magnetism in solar system bodies. Identify all of the following 3 terrestrial planets that posesses a global magnetic field: 1) Mercury; 2) Venus; 3) Earth.,32,"""1 and 3""",[],SSB_2026
3bada81da048ad84fc5b788b5972f8a5e9b410ab7e9dc41fbcba85b45bd85845,ROUND ROBIN 1,2026,7,4,TOSSUP,SHORT_ANSWER,PHYSICS,Identify all of the following three mechanical quantities that are vectors: 1) Acceleration; 2) Energy; 3) Momentum.,Identify all of the following three mechanical quantities that are vectors: 1) Acceleration; 2) Energy; 3) Momentum.,17,"""1 and 3""",[],SSB_2026
3bada81da048ad84fc5b788b5972f8a5e9b410ab7e9dc41fbcba85b45bd85845,ROUND ROBIN 1,2026,8,4,BONUS,SHORT_ANSWER,PHYSICS,A car accelerates from rest at a rate of 5 meters per second squared. How many meters does the car travel after 10 seconds?,A car accelerates from rest at a rate of 5 meters per second squared. How many meters does the car travel after 10 seconds?,24,"""250""",[],SSB_2026
3bada81da048ad84fc5b788b5972f8a5e9b410ab7e9dc41fbcba85b45bd85845,ROUND ROBIN 1,2026,9,5,TOSSUP,MULTIPLE_CHOICE,CHEMISTRY,Which of the following elements has the lowest boiling point?,Which of the following elements has the lowest boiling point?,10,"""X""","[""Hydrogen"", ""Helium"", ""Neon"", ""Argon""]",SSB_2026
3bada81da048ad84fc5b788b5972f8a5e9b410ab7e9dc41fbcba85b45bd85845,ROUND ROBIN 1,2026,10,5,BONUS,MULTIPLE_CHOICE,CHEMISTRY,Brian multiples a reaction’s temperature by its change in entropy in order to calculate its change in Gibbs free energy. Which of the following units could he use to measure change in entropy?,Brian multiples a reaction’s temperature by its change in entropy in order to calculate its change in Gibbs free energy. Which of the following units could he use to measure change in entropy?,33,"""Z""","[""Joule"", ""Joule per mole"", ""Joule kelvin"", ""Joule per kelvin""]",SSB_2026
3bada81da048ad84fc5b788b5972f8a5e9b410ab7e9dc41fbcba85b45bd85845,ROUND ROBIN 1,2026,11,6,TOSSUP,MULTIPLE_CHOICE,BIOLOGY,E. coli were grown on differing isotopes of what element by Meselson \textbf{[MES-ul-sin]} and Stahl \textbf{[STALL]} to determine the semiconservative replication of DNA?,E. coli were grown on differing isotopes of what element by Meselson and Stahl to determine the semiconservative replication of DNA?,21,"""W""","[""Nitrogen"", ""Oxygen"", ""Phosphorus"", ""Sulfur""]",SSB_2026
3bada81da048ad84fc5b788b5972f8a5e9b410ab7e9dc41fbcba85b45bd85845,ROUND ROBIN 1,2026,12,6,BONUS,MULTIPLE_CHOICE,BIOLOGY,Which of the following animal behaviors is innate rather than learned?,Which of the following animal behaviors is innate rather than learned?,11,"""X""","[""Imprinting"", ""Fixed action pattern"", ""Classical conditioning"", ""Operant conditioning""]",SSB_2026
3bada81da048ad84fc5b788b5972f8a5e9b410ab7e9dc41fbcba85b45bd85845,ROUND ROBIN 1,2026,13,7,TOSSUP,MULTIPLE_CHOICE,ENERGY,Scientists at UCLA’s Barber Lab are studying how differential air pressure affects convection. Which of the following instruments is used to measure atmospheric pressure?,Scientists at UCLA’s Barber Lab are studying how differential air pressure affects convection. Which of the following instruments is used to measure atmospheric pressure?,24,"""Y""","[""Anemometer"", ""Hygrometer \\textbf{[hy-GRAW-muh-tur]}"", ""Barometer"", ""Sling psychrometer \\textbf{[sy-KRAW-muh-tur]}""]",SSB_2026
3bada81da048ad84fc5b788b5972f8a5e9b410ab7e9dc41fbcba85b45bd85845,ROUND ROBIN 1,2026,14,7,BONUS,SHORT_ANSWER,ENERGY,"Scientists at UCLA’s Sports Research Group are analyzing how age varies with injury rate. If they wish to measure the spread of the data, identify all of the following three measures that can be used: 1) Interquartile range; 2) Standard deviation; 3) Median.","Scientists at UCLA’s Sports Research Group are analyzing how age varies with injury rate. If they wish to measure the spread of the data, identify all of the following three measures that can be used: 1) Interquartile range; 2) Standard deviation; 3) Median.",43,"""1 and 2""",[],SSB_2026
3bada81da048ad84fc5b788b5972f8a5e9b410ab7e9dc41fbcba85b45bd85845,ROUND ROBIN 1,2026,15,8,TOSSUP,SHORT_ANSWER,MATH,"The credit card scam “What would your credit card number be if you multiplied by one and added zero?” works because 1 and 0 are examples of what special values for the operations multiplication and addition, respectively?","The credit card scam “What would your credit card number be if you multiplied by one and added zero?” works because 1 and 0 are examples of what special values for the operations multiplication and addition, respectively?",37,"""Identity""",[],SSB_2026
3bada81da048ad84fc5b788b5972f8a5e9b410ab7e9dc41fbcba85b45bd85845,ROUND ROBIN 1,2026,16,8,BONUS,SHORT_ANSWER,MATH,A right triangle has a leg of length 24 and area 84. What is the length of its hypotenuse?,A right triangle has a leg of length 24 and area 84. What is the length of its hypotenuse?,19,"""25""",[],SSB_2026
3bada81da048ad84fc5b788b5972f8a5e9b410ab7e9dc41fbcba85b45bd85845,ROUND ROBIN 1,2026,17,9,TOSSUP,MULTIPLE_CHOICE,EARTH_SPACE,Which of the following celestial bodies is NOT a moon of Saturn?,Which of the following celestial bodies is NOT a moon of Saturn?,12,"""Z""","[""Titan"", ""Enceladus \\textbf{[en-SEL-uh-dis]}"", ""Mimas"", ""Europa""]",SSB_2026
3bada81da048ad84fc5b788b5972f8a5e9b410ab7e9dc41fbcba85b45bd85845,ROUND ROBIN 1,2026,18,9,BONUS,SHORT_ANSWER,EARTH_SPACE,Order the following three types of clouds by decreasing altitude of formation: 1) Stratus; 2) Altocumulus; 3) Cirrus.,Order the following three types of clouds by decreasing altitude of formation: 1) Stratus; 2) Altocumulus; 3) Cirrus.,18,"""3, 2, 1""",[],SSB_2026
3bada81da048ad84fc5b788b5972f8a5e9b410ab7e9dc41fbcba85b45bd85845,ROUND ROBIN 1,2026,19,10,TOSSUP,SHORT_ANSWER,PHYSICS,Huygens’ \textbf{[HOY-gins]} principle explains what effect that describes how waves bend around corners and other obstacles?,Huygens’ principle explains what effect that describes how waves bend around corners and other obstacles?,15,"""Diffraction""",[],SSB_2026
3bada81da048ad84fc5b788b5972f8a5e9b410ab7e9dc41fbcba85b45bd85845,ROUND ROBIN 1,2026,20,10,BONUS,SHORT_ANSWER,PHYSICS,"In watts, how much power is dissipated by a 100 ohm resistor connected to a 10 volt power source?","In watts, how much power is dissipated by a 100 ohm resistor connected to a 10 volt power source?",19,"""1""",[],SSB_2026
3bada81da048ad84fc5b788b5972f8a5e9b410ab7e9dc41fbcba85b45bd85845,ROUND ROBIN 1,2026,21,11,TOSSUP,SHORT_ANSWER,CHEMISTRY,Identify all of the following three types of intermolecular bonding which are observed in an acetone solution: 1) London dispersion; 2) Dipole-dipole; 3) Hydrogen bonding.,Identify all of the following three types of intermolecular bonding which are observed in an acetone solution: 1) London dispersion; 2) Dipole-dipole; 3) Hydrogen bonding.,25,"""1 and 2""",[],SSB_2026
3bada81da048ad84fc5b788b5972f8a5e9b410ab7e9dc41fbcba85b45bd85845,ROUND ROBIN 1,2026,22,11,BONUS,SHORT_ANSWER,CHEMISTRY,Identify all of the following three changes that would increase the pressure in a rigid container of hydrogen gas: 1) Removing one mole of hydrogen and adding one mole of steam; 2) Replacing hydrogen with an equal amount of oxygen; 3) Heating the container.,Identify all of the following three changes that would increase the pressure in a rigid container of hydrogen gas: 1) Removing one mole of hydrogen and adding one mole of steam; 2) Replacing hydrogen with an equal amount of oxygen; 3) Heating the container.,44,"""3 only""",[],SSB_2026
3bada81da048ad84fc5b788b5972f8a5e9b410ab7e9dc41fbcba85b45bd85845,ROUND ROBIN 1,2026,23,12,TOSSUP,SHORT_ANSWER,BIOLOGY,Identify all of the following three pathways in cellular respiration that can generate ATP through substrate-level phosphorylation \textbf{[fos-for-uh-LAY-shin]}: 1) Glycolysis; 2) Krebs cycle; 3) Pyruvate oxidation.,Identify all of the following three pathways in cellular respiration that can generate ATP through substrate-level phosphorylation : 1) Glycolysis; 2) Krebs cycle; 3) Pyruvate oxidation.,26,"""1 and 2""",[],SSB_2026
3bada81da048ad84fc5b788b5972f8a5e9b410ab7e9dc41fbcba85b45bd85845,ROUND ROBIN 1,2026,24,12,BONUS,MULTIPLE_CHOICE,BIOLOGY,Astrocytes induce the formation of which of the following types of junctions in brain capillaries?,Astrocytes induce the formation of which of the following types of junctions in brain capillaries?,15,"""Y""","[""Gap junctions"", ""Desmosomes \\textbf{[DES-moh-somes]}"", ""Tight junctions"", ""Plasmodesmata \\textbf{[plas-moh-des-MAH-tuh]}""]",SSB_2026
3bada81da048ad84fc5b788b5972f8a5e9b410ab7e9dc41fbcba85b45bd85845,ROUND ROBIN 1,2026,25,13,TOSSUP,SHORT_ANSWER,PHYSICS,What term is given to a device that stores energy in the form of a magnetic field created when current flows through it?,What term is given to a device that stores energy in the form of a magnetic field created when current flows through it?,23,"""Inductor""",[],SSB_2026
3bada81da048ad84fc5b788b5972f8a5e9b410ab7e9dc41fbcba85b45bd85845,ROUND ROBIN 1,2026,26,13,BONUS,SHORT_ANSWER,PHYSICS,"A large wooden board with volume 50 liters and specific gravity 0.5 is placed in a body of water. What is the maximum excess mass, in kilograms, that the board can support before being fully submerged?","A large wooden board with volume 50 liters and specific gravity 0.5 is placed in a body of water. What is the maximum excess mass, in kilograms, that the board can support before being fully submerged?",36,"""25""",[],SSB_2026
3bada81da048ad84fc5b788b5972f8a5e9b410ab7e9dc41fbcba85b45bd85845,ROUND ROBIN 1,2026,27,14,TOSSUP,SHORT_ANSWER,ENERGY,"Scientists at the Johns Hopkins Suez Lab are studying the gut virome, which encompasses viruses that infect bacterial hosts. What is the name for viruses that specifically target bacteria?","Scientists at the Johns Hopkins Suez Lab are studying the gut virome, which encompasses viruses that infect bacterial hosts. What is the name for viruses that specifically target bacteria?",29,"""Bacteriophages (ACCEPT: Phage)""",[],SSB_2026
3bada81da048ad84fc5b788b5972f8a5e9b410ab7e9dc41fbcba85b45bd85845,ROUND ROBIN 1,2026,28,14,BONUS,SHORT_ANSWER,ENERGY,Scientists at the Johns Hopkins Toscano Lab are studying how nitric acid dissociates in cellular conditions. What is the conjugate base of nitric acid?,Scientists at the Johns Hopkins Toscano Lab are studying how nitric acid dissociates in cellular conditions. What is the conjugate base of nitric acid?,24,"""Nitrate (ACCEPT: NO3-)""",[],SSB_2026
3bada81da048ad84fc5b788b5972f8a5e9b410ab7e9dc41fbcba85b45bd85845,ROUND ROBIN 1,2026,29,15,TOSSUP,MULTIPLE_CHOICE,EARTH_SPACE,What type of faulting is dominant in the  Mid-Atlantic ridge?,What type of faulting is dominant in the Mid-Atlantic ridge?,10,"""W""","[""Normal"", ""Reverse"", ""Thrust"", ""Strike-slip""]",SSB_2026
3bada81da048ad84fc5b788b5972f8a5e9b410ab7e9dc41fbcba85b45bd85845,ROUND ROBIN 1,2026,30,15,BONUS,MULTIPLE_CHOICE,EARTH_SPACE,Which of the following types of stars will the Sun never become?,Which of the following types of stars will the Sun never become?,12,"""X""","[""Red giant"", ""Red supergiant"", ""White dwarf"", ""Black dwarf""]",SSB_2026
3bada81da048ad84fc5b788b5972f8a5e9b410ab7e9dc41fbcba85b45bd85845,ROUND ROBIN 1,2026,31,16,TOSSUP,MULTIPLE_CHOICE,BIOLOGY,Which of the following phyla contain organisms that do not possess any true tissue?,Which of the following phyla contain organisms that do not possess any true tissue?,14,"""W""","[""Porifera \\textbf{[por-IF-er-uh]}"", ""Cnidaria \\textbf{[nih-DAIR-ee-uh]}"", ""Platyhelminthes \\textbf{[plat-uh-hel-MIN-thees]}"", ""Nematoda""]",SSB_2026
3bada81da048ad84fc5b788b5972f8a5e9b410ab7e9dc41fbcba85b45bd85845,ROUND ROBIN 1,2026,32,16,BONUS,SHORT_ANSWER,BIOLOGY,Order the following three locations that newly synthesized bile will pass through from first to last: 1) Duodenum; 2) Liver; 3) Jejunum.,Order the following three locations that newly synthesized bile will pass through from first to last: 1) Duodenum; 2) Liver; 3) Jejunum.,22,"""2, 1, 3""",[],SSB_2026
3bada81da048ad84fc5b788b5972f8a5e9b410ab7e9dc41fbcba85b45bd85845,ROUND ROBIN 1,2026,33,17,TOSSUP,SHORT_ANSWER,CHEMISTRY,"At low temperatures, tin metal spontaneously transforms from a silvery metal to a brittle grey powder. What term describes these two forms of tin, which are different phases of the same element?","At low temperatures, tin metal spontaneously transforms from a silvery metal to a brittle grey powder. What term describes these two forms of tin, which are different phases of the same element?",32,"""Allotropes \\textbf{[AL-uh-tropes]} (ACCEPT: Polymorphs)""",[],SSB_2026
3bada81da048ad84fc5b788b5972f8a5e9b410ab7e9dc41fbcba85b45bd85845,ROUND ROBIN 1,2026,34,17,BONUS,MULTIPLE_CHOICE,CHEMISTRY,Which of the following statements about a reaction coordinate diagram is always true?,Which of the following statements about a reaction coordinate diagram is always true?,13,"""Y""","[""The activation energy is greater than the overall Gibbs free energy change"", ""The activation energy is smaller than the overall Gibbs free energy change"", ""The transition state has a higher Gibbs free energy than the products"", ""The transition state has a lower Gibbs free energy than the products""]",SSB_2026
3bada81da048ad84fc5b788b5972f8a5e9b410ab7e9dc41fbcba85b45bd85845,ROUND ROBIN 1,2026,35,18,TOSSUP,SHORT_ANSWER,MATH,"In a room, there are 7 dogs, 3 cats, and 5 rabbits. What is the probability a randomly selected pet is a rabbit?","In a room, there are 7 dogs, 3 cats, and 5 rabbits. What is the probability a randomly selected pet is a rabbit?",23,"""1/3""",[],SSB_2026
3bada81da048ad84fc5b788b5972f8a5e9b410ab7e9dc41fbcba85b45bd85845,ROUND ROBIN 1,2026,36,18,BONUS,MULTIPLE_CHOICE,MATH,Which of the following functions has a unique global minimum at $x=0$?,Which of the following functions has a unique global minimum at ?,12,"""Z""","[""$x^2 + x$"", ""$|x| \u2212 x$"", ""$\\ln (\\frac{1}{x})$ \\textbf{[the natural log of 1 over x]}"", ""$e^x + e^{\u2212x}$""]",SSB_2026
3bada81da048ad84fc5b788b5972f8a5e9b410ab7e9dc41fbcba85b45bd85845,ROUND ROBIN 1,2026,37,19,TOSSUP,SHORT_ANSWER,EARTH_SPACE,What is the process by which massive chunks of ice break away from a glacier to create icebergs?,What is the process by which massive chunks of ice break away from a glacier to create icebergs?,18,"""Calving \\textbf{[CAV-ing]}""",[],SSB_2026
3bada81da048ad84fc5b788b5972f8a5e9b410ab7e9dc41fbcba85b45bd85845,ROUND ROBIN 1,2026,38,19,BONUS,MULTIPLE_CHOICE,EARTH_SPACE,In which of the following regions of the electromagnetic spectrum is the 21 centimeter emission line located?,In which of the following regions of the electromagnetic spectrum is the 21 centimeter emission line located?,17,"""X""","[""Infrared"", ""Radio"", ""Ultraviolet"", ""Visible""]",SSB_2026
3bada81da048ad84fc5b788b5972f8a5e9b410ab7e9dc41fbcba85b45bd85845,ROUND ROBIN 1,2026,39,20,TOSSUP,SHORT_ANSWER,CHEMISTRY,Uranium-238 undergoes a form of nuclear decay in which it releases a helium nucleus to form thorium-234. What is the name of this type of decay?,Uranium-238 undergoes a form of nuclear decay in which it releases a helium nucleus to form thorium-234. What is the name of this type of decay?,26,"""Alpha decay""",[],SSB_2026
3bada81da048ad84fc5b788b5972f8a5e9b410ab7e9dc41fbcba85b45bd85845,ROUND ROBIN 1,2026,40,20,BONUS,MULTIPLE_CHOICE,CHEMISTRY,"If 0.5 moles of each of the following acids are dissolved in 10 liters of water, which acid would create the solution with the highest pH?","If 0.5 moles of each of the following acids are dissolved in 10 liters of water, which acid would create the solution with the highest pH?",26,"""W""","[""Hydrogen fluoride"", ""Hydrogen chloride"", ""Hydrogen bromide"", ""Hydrogen iodide \\textbf{[EYE-uh-dide]}""]",SSB_2026
3bada81da048ad84fc5b788b5972f8a5e9b410ab7e9dc41fbcba85b45bd85845,ROUND ROBIN 1,2026,41,21,TOSSUP,SHORT_ANSWER,BIOLOGY,"In many desert cacti, stomata \textbf{[stoh-MAH-tuh]} open only at night, storing carbon dioxide for sugar production during the day. What modified form of photosynthesis do these desert cacti employ to minimize water loss in hot daytime conditions?","In many desert cacti, stomata open only at night, storing carbon dioxide for sugar production during the day. What modified form of photosynthesis do these desert cacti employ to minimize water loss in hot daytime conditions?",36,"""CAM (ACCEPT: Crassulacean acid metabolism)""",[],SSB_2026
3bada81da048ad84fc5b788b5972f8a5e9b410ab7e9dc41fbcba85b45bd85845,ROUND ROBIN 1,2026,42,21,BONUS,SHORT_ANSWER,BIOLOGY,"What phenomenon occurs when excess nutrients, often from runoff, enter a body of water and stimulate rapid algal bloom?","What phenomenon occurs when excess nutrients, often from runoff, enter a body of water and stimulate rapid algal bloom?",19,"""Eutrophication \\textbf{[yoo-troh-fih-KAY-shin]}""",[],SSB_2026
3bada81da048ad84fc5b788b5972f8a5e9b410ab7e9dc41fbcba85b45bd85845,ROUND ROBIN 1,2026,43,22,TOSSUP,SHORT_ANSWER,MATH,"How many terms are in an arithmetic series with first term 0, last term 2025, and common difference 5?","How many terms are in an arithmetic series with first term 0, last term 2025, and common difference 5?",19,"""406""",[],SSB_2026
3bada81da048ad84fc5b788b5972f8a5e9b410ab7e9dc41fbcba85b45bd85845,ROUND ROBIN 1,2026,44,22,BONUS,SHORT_ANSWER,MATH,"Triangle $ABC$ is an isosceles triangle with $AB=AC$. If the altitude from $A$ to $BC$ has length 12, and triangle $ABC$ has area 60, find the perimeter of triangle $ABC$.","Triangle is an isosceles triangle with . If the altitude from to has length 12, and triangle has area 60, find the perimeter of triangle .",26,"""36""",[],SSB_2026
3bada81da048ad84fc5b788b5972f8a5e9b410ab7e9dc41fbcba85b45bd85845,ROUND ROBIN 1,2026,45,23,TOSSUP,SHORT_ANSWER,PHYSICS,The potential energy stored in a compressed spring is proportional to its displacement from equilibrium raised to what power?,The potential energy stored in a compressed spring is proportional to its displacement from equilibrium raised to what power?,19,"""2""",[],SSB_2026
3bada81da048ad84fc5b788b5972f8a5e9b410ab7e9dc41fbcba85b45bd85845,ROUND ROBIN 1,2026,46,23,BONUS,MULTIPLE_CHOICE,PHYSICS,Two conductors with free charges touch briefly. Which of the following necessarily describes how the states of the two conductors change?,Two conductors with free charges touch briefly. Which of the following necessarily describes how the states of the two conductors change?,21,"""Z""","[""Their charges swap"", ""Their potentials swap"", ""Their charges become equal"", ""Their potentials become equal""]",SSB_2026
6eb552720881ba931daa2dd33ff77e36273ee3ec2087b52870f9bedcd5286729,ROUND ROBIN 2,2026,1,1,TOSSUP,SHORT_ANSWER,BIOLOGY,Cholesterol contains a polar hydroxyl group on one end and a largely nonpolar steroid ring on the other. What term best describes molecules like cholesterol which have both hydrophilic and hydrophobic regions?,Cholesterol contains a polar hydroxyl group on one end and a largely nonpolar steroid ring on the other. What term best describes molecules like cholesterol which have both hydrophilic and hydrophobic regions?,32,"""Amphipathic \\textbf{[am-phee-PATH-ik]} (ACCEPT: Amphiphilic)""",[],SSB_2026
6eb552720881ba931daa2dd33ff77e36273ee3ec2087b52870f9bedcd5286729,ROUND ROBIN 2,2026,2,1,BONUS,SHORT_ANSWER,BIOLOGY,Order the following three cells from first to last that water will pass through as it exits the leaf during transpiration: 1) Mesophyll \textbf{[MES-oh-fill]} cells; 2) Bundle sheath cells; 3) Xylem \textbf{[ZY-lum]} tracheids \textbf{[TRAY-kee-ids]}.,Order the following three cells from first to last that water will pass through as it exits the leaf during transpiration: 1) Mesophyll cells; 2) Bundle sheath cells; 3) Xylem tracheids .,32,"""3, 2, 1""",[],SSB_2026
6eb552720881ba931daa2dd33ff77e36273ee3ec2087b52870f9bedcd5286729,ROUND ROBIN 2,2026,3,2,TOSSUP,SHORT_ANSWER,EARTH_SPACE,"In parsecs, what is the distance to a star with a parallax of 0.5 arcseconds?","In parsecs, what is the distance to a star with a parallax of 0.5 arcseconds?",15,"""2""",[],SSB_2026
6eb552720881ba931daa2dd33ff77e36273ee3ec2087b52870f9bedcd5286729,ROUND ROBIN 2,2026,4,2,BONUS,MULTIPLE_CHOICE,EARTH_SPACE,Which of the following best describes the silica content of the lava that erupts from a shield volcano?,Which of the following best describes the silica content of the lava that erupts from a shield volcano?,18,"""Y""","[""Felsic"", ""Intermediate"", ""Mafic \\textbf{[MAY-fik]}"", ""Ultramafic""]",SSB_2026
6eb552720881ba931daa2dd33ff77e36273ee3ec2087b52870f9bedcd5286729,ROUND ROBIN 2,2026,5,3,TOSSUP,SHORT_ANSWER,PHYSICS,"A block travels along a surface at a constant rate of 2 meters per second while being pushed with a force of 2 newtons. After being pushed for 2 seconds, how much work has been done by the applied force on the block, in joules?","A block travels along a surface at a constant rate of 2 meters per second while being pushed with a force of 2 newtons. After being pushed for 2 seconds, how much work has been done by the applied force on the block, in joules?",45,"""8""",[],SSB_2026
6eb552720881ba931daa2dd33ff77e36273ee3ec2087b52870f9bedcd5286729,ROUND ROBIN 2,2026,6,3,BONUS,MULTIPLE_CHOICE,PHYSICS,A circular ring has a counterclockwise current when seen from the top. What is the direction of the magnetic field at the center of the ring?,A circular ring has a counterclockwise current when seen from the top. What is the direction of the magnetic field at the center of the ring?,26,"""W""","[""Directly up"", ""Directly down"", ""Outward towards the ring"", ""There is no magnetic field""]",SSB_2026
6eb552720881ba931daa2dd33ff77e36273ee3ec2087b52870f9bedcd5286729,ROUND ROBIN 2,2026,7,4,TOSSUP,SHORT_ANSWER,ENERGY,"Scientists at Stanford’s Goldhaber-Gordon Group are using the atomically flat flakes of boron nitride to study the properties of electrons in what material, analogous because of its single layer of hexagonally structured atoms?","Scientists at Stanford’s Goldhaber-Gordon Group are using the atomically flat flakes of boron nitride to study the properties of electrons in what material, analogous because of its single layer of hexagonally structured atoms?",33,"""Graphene""",[],SSB_2026
6eb552720881ba931daa2dd33ff77e36273ee3ec2087b52870f9bedcd5286729,ROUND ROBIN 2,2026,8,4,BONUS,SHORT_ANSWER,ENERGY,Scientists at Stanford’s Dynamic Design Lab are enhancing autonomous vehicle safety by modeling tire-road friction. Identify all of the following three factors that directly affect the force of friction: 1) Contact surface area; 2) Mass of the object; 3) Angle of incline of the road.,Scientists at Stanford’s Dynamic Design Lab are enhancing autonomous vehicle safety by modeling tire-road friction. Identify all of the following three factors that directly affect the force of friction: 1) Contact surface area; 2) Mass of the object; 3) Angle of incline of the road.,45,"""2 and 3""",[],SSB_2026
6eb552720881ba931daa2dd33ff77e36273ee3ec2087b52870f9bedcd5286729,ROUND ROBIN 2,2026,9,5,TOSSUP,SHORT_ANSWER,MATH,"Given that the polynomial x^3 + ax + b has two roots that add to 7, what is the third root of the polynomial?","Given that the polynomial x^3 + ax + b has two roots that add to 7, what is the third root of the polynomial?",24,"""\u22127""",[],SSB_2026
6eb552720881ba931daa2dd33ff77e36273ee3ec2087b52870f9bedcd5286729,ROUND ROBIN 2,2026,10,5,BONUS,MULTIPLE_CHOICE,MATH,Which of the following statements is NOT an example of the transitive property?,Which of the following statements is NOT an example of the transitive property?,13,"""Y""","[""If Rumi is taller than Zoey and Mira is taller than Rumi, then Mira is taller than Zoey"", ""The set of rational numbers is a subset of real numbers, and the set of integers is a subset of rational numbers, so all integers are real numbers"", ""Sirin is older than Kiana and Bianka is younger than Sirin, so Kiana is older than Bianka"", ""If x is equal to y and y is equal to z, then x equals z""]",SSB_2026
6eb552720881ba931daa2dd33ff77e36273ee3ec2087b52870f9bedcd5286729,ROUND ROBIN 2,2026,11,6,TOSSUP,MULTIPLE_CHOICE,CHEMISTRY,"At the half-equivalence point of titrating a weak acid with a strong base, the concentrations of the weak acid and its conjugate base are equal. Which of the following is the pH at this point?","At the half-equivalence point of titrating a weak acid with a strong base, the concentrations of the weak acid and its conjugate base are equal. Which of the following is the pH at this point?",35,"""W""","[""The pKa of the weak acid"", ""The pKb of the conjugate base"", ""Fourteen plus the pKa of the weak acid"", ""Fourteen minus the pKa of the weak acid""]",SSB_2026
6eb552720881ba931daa2dd33ff77e36273ee3ec2087b52870f9bedcd5286729,ROUND ROBIN 2,2026,12,6,BONUS,SHORT_ANSWER,CHEMISTRY,Identify all of the following three changes that would result in precipitation of a saturated sodium chloride solution: 1) Heating the solution; 2) Bubbling chlorine gas through the solution; 3) Adding sodium hydroxide.,Identify all of the following three changes that would result in precipitation of a saturated sodium chloride solution: 1) Heating the solution; 2) Bubbling chlorine gas through the solution; 3) Adding sodium hydroxide.,33,"""3 only""",[],SSB_2026
6eb552720881ba931daa2dd33ff77e36273ee3ec2087b52870f9bedcd5286729,ROUND ROBIN 2,2026,13,7,TOSSUP,SHORT_ANSWER,EARTH_SPACE,What major Atlantic Ocean current carries warm water along the eastern coast of the United States and across towards Europe?,What major Atlantic Ocean current carries warm water along the eastern coast of the United States and across towards Europe?,20,"""Gulf stream""",[],SSB_2026
6eb552720881ba931daa2dd33ff77e36273ee3ec2087b52870f9bedcd5286729,ROUND ROBIN 2,2026,14,7,BONUS,MULTIPLE_CHOICE,EARTH_SPACE,The Moho discontinuity marks the boundary between which of the following layers of the Earth?,The Moho discontinuity marks the boundary between which of the following layers of the Earth?,15,"""W""","[""Crust and mantle"", ""Lithosphere and asthenosphere"", ""Mantle and outer core"", ""Outer core and inner core""]",SSB_2026
6eb552720881ba931daa2dd33ff77e36273ee3ec2087b52870f9bedcd5286729,ROUND ROBIN 2,2026,15,8,TOSSUP,MULTIPLE_CHOICE,BIOLOGY,Aneesh is placing his favorite glycolytic \textbf{[gly-koh-LIH-tik]} enzyme hexokinase \textbf{[hex-oh-KY-nase]} in random locations within the cell. In which of the following organelles would its activity be the most hindered?,Aneesh is placing his favorite glycolytic enzyme hexokinase in random locations within the cell. In which of the following organelles would its activity be the most hindered?,27,"""Y""","[""Golgi apparatus"", ""Endoplasmic reticulum"", ""Lysosome"", ""Nucleus""]",SSB_2026
6eb552720881ba931daa2dd33ff77e36273ee3ec2087b52870f9bedcd5286729,ROUND ROBIN 2,2026,16,8,BONUS,MULTIPLE_CHOICE,BIOLOGY,Which of the following regions of the respiratory system would not be lined by cilia \textbf{[SIL-ee-uh]}?,Which of the following regions of the respiratory system would not be lined by cilia ?,16,"""Z""","[""Trachea \\textbf{[TRAY-kee-uh]}"", ""Bronchus"", ""Bronchiole"", ""Alveolus \\textbf{[al-vee-OL-us]}""]",SSB_2026
6eb552720881ba931daa2dd33ff77e36273ee3ec2087b52870f9bedcd5286729,ROUND ROBIN 2,2026,17,9,TOSSUP,MULTIPLE_CHOICE,ENERGY,Scientists at UCLA’s Khan lab are utilizing boron trifluoride to catalyze the rearrangement of DNA nucleosides. Which of the following statements is NOT true of boron trifluoride?,Scientists at UCLA’s Khan lab are utilizing boron trifluoride to catalyze the rearrangement of DNA nucleosides. Which of the following statements is NOT true of boron trifluoride?,27,"""Y""","[""It has a trigonal planar molecular geometry"", ""It acts as a Lewis acid"", ""Its central atom has a lone pair of electrons"", ""It is nonpolar despite having polar bonds""]",SSB_2026
6eb552720881ba931daa2dd33ff77e36273ee3ec2087b52870f9bedcd5286729,ROUND ROBIN 2,2026,18,9,BONUS,SHORT_ANSWER,ENERGY,"Scientists at UCLA’s SCALE Lab are studying bitwise data storage in microcontrollers. If information is encoded using a string of 8 bits, where each bit can independently take the value 0 or 1, how many distinct values can be represented?","Scientists at UCLA’s SCALE Lab are studying bitwise data storage in microcontrollers. If information is encoded using a string of 8 bits, where each bit can independently take the value 0 or 1, how many distinct values can be represented?",40,"""256""",[],SSB_2026
6eb552720881ba931daa2dd33ff77e36273ee3ec2087b52870f9bedcd5286729,ROUND ROBIN 2,2026,19,10,TOSSUP,SHORT_ANSWER,PHYSICS,"Anna and Alexis are using ropes to pull a 1 kilogram block on frictionless flat ground. Anna pulls directly to the left, while Alexis pulls to the right at an angle of 60 degrees above the horizontal. If both pull with a force of 10 newtons, what will be the magnitude of the acceleration of the block in meters per second squared?","Anna and Alexis are using ropes to pull a 1 kilogram block on frictionless flat ground. Anna pulls directly to the left, while Alexis pulls to the right at an angle of 60 degrees above the horizontal. If both pull with a force of 10 newtons, what will be the magnitude of the acceleration of the block in meters per second squared?",62,"""5""",[],SSB_2026
6eb552720881ba931daa2dd33ff77e36273ee3ec2087b52870f9bedcd5286729,ROUND ROBIN 2,2026,20,10,BONUS,SHORT_ANSWER,PHYSICS,A block slides at a constant speed along a ramp tilted at an angle of 45 degrees. Identify all of the following three values that could be the coefficient of static friction between the block and the ramp: 1) 0.5; 2) 1.0; 3) 1.5.,A block slides at a constant speed along a ramp tilted at an angle of 45 degrees. Identify all of the following three values that could be the coefficient of static friction between the block and the ramp: 1) 0.5; 2) 1.0; 3) 1.5.,44,"""2 and 3""",[],SSB_2026
6eb552720881ba931daa2dd33ff77e36273ee3ec2087b52870f9bedcd5286729,ROUND ROBIN 2,2026,21,11,TOSSUP,SHORT_ANSWER,CHEMISTRY,"After heating a sample to increase solubility, Ben cools it gently so the dissolved solute does not immediately precipitate, even though the concentration now exceeds the equilibrium solubility at that temperature. What term best describes this solution?","After heating a sample to increase solubility, Ben cools it gently so the dissolved solute does not immediately precipitate, even though the concentration now exceeds the equilibrium solubility at that temperature. What term best describes this solution?",37,"""Supersaturated""",[],SSB_2026
6eb552720881ba931daa2dd33ff77e36273ee3ec2087b52870f9bedcd5286729,ROUND ROBIN 2,2026,22,11,BONUS,MULTIPLE_CHOICE,CHEMISTRY,Which of the following is an example of a redox reaction?,Which of the following is an example of a redox reaction?,11,"""Y""","[""Liquid water boiling into steam"", ""Precipitation upon adding sodium chloride to a solution of lead nitrate"", ""Electrolysis of water producing hydrogen gas"", ""Metal releasing photons upon being irradiated with light""]",SSB_2026
6eb552720881ba931daa2dd33ff77e36273ee3ec2087b52870f9bedcd5286729,ROUND ROBIN 2,2026,23,12,TOSSUP,SHORT_ANSWER,MATH,What is the maximum number of sides a convex polygon can have if all of its exterior angles are integers?,What is the maximum number of sides a convex polygon can have if all of its exterior angles are integers?,20,"""360""",[],SSB_2026
6eb552720881ba931daa2dd33ff77e36273ee3ec2087b52870f9bedcd5286729,ROUND ROBIN 2,2026,24,12,BONUS,SHORT_ANSWER,MATH,"Furina is waiting for a bus that comes exactly every 15 minutes, but she does not know when the next bus will arrive. Given that she has already waited for 5 minutes, how many more minutes will she have to wait in expectation?","Furina is waiting for a bus that comes exactly every 15 minutes, but she does not know when the next bus will arrive. Given that she has already waited for 5 minutes, how many more minutes will she have to wait in expectation?",43,"""5""",[],SSB_2026
6eb552720881ba931daa2dd33ff77e36273ee3ec2087b52870f9bedcd5286729,ROUND ROBIN 2,2026,25,13,TOSSUP,SHORT_ANSWER,EARTH_SPACE,Neptune and Uranus appear blue primarily because of the presence of what compound in their atmospheres?,Neptune and Uranus appear blue primarily because of the presence of what compound in their atmospheres?,16,"""Methane""",[],SSB_2026
6eb552720881ba931daa2dd33ff77e36273ee3ec2087b52870f9bedcd5286729,ROUND ROBIN 2,2026,26,13,BONUS,SHORT_ANSWER,EARTH_SPACE,Order the following three oceanic topographies from shallowest to deepest on the seafloor: 1) Abyssal plain; 2) Oceanic trench; 3) Continental shelf.,Order the following three oceanic topographies from shallowest to deepest on the seafloor: 1) Abyssal plain; 2) Oceanic trench; 3) Continental shelf.,22,"""3, 1, 2""",[],SSB_2026
6eb552720881ba931daa2dd33ff77e36273ee3ec2087b52870f9bedcd5286729,ROUND ROBIN 2,2026,27,14,TOSSUP,SHORT_ANSWER,BIOLOGY,Identify all of the following three types of inheritance patterns in which heterozygotes display a distinct phenotype from homozygotes: 1) Complete dominance; 2) Incomplete dominance; 3) Codominance.,Identify all of the following three types of inheritance patterns in which heterozygotes display a distinct phenotype from homozygotes: 1) Complete dominance; 2) Incomplete dominance; 3) Codominance.,27,"""2 and 3""",[],SSB_2026
6eb552720881ba931daa2dd33ff77e36273ee3ec2087b52870f9bedcd5286729,ROUND ROBIN 2,2026,28,14,BONUS,MULTIPLE_CHOICE,BIOLOGY,Which of the following population growth curves best characterizes a species that provides extensive parental care to offspring?,Which of the following population growth curves best characterizes a species that provides extensive parental care to offspring?,18,"""Z""","[""Linear"", ""Exponential"", ""Logarithmic"", ""Logistic""]",SSB_2026
6eb552720881ba931daa2dd33ff77e36273ee3ec2087b52870f9bedcd5286729,ROUND ROBIN 2,2026,29,15,TOSSUP,MULTIPLE_CHOICE,PHYSICS,Peter rides his bike in a circle on flat ground at constant speed. Which of the following statements is true about this scenario?,Peter rides his bike in a circle on flat ground at constant speed. Which of the following statements is true about this scenario?,23,"""Y""","[""His acceleration is aligned with the direction he travels"", ""His net displacement from his starting point is always zero"", ""His velocity is perpendicular to his acceleration"", ""Friction with the ground acts as the centrifugal force""]",SSB_2026
6eb552720881ba931daa2dd33ff77e36273ee3ec2087b52870f9bedcd5286729,ROUND ROBIN 2,2026,30,15,BONUS,MULTIPLE_CHOICE,PHYSICS,The motion of a spring-mass system is defined by the equation x = $\sin (t)$. Which of the following equations could NOT describe the motion of the same spring-mass system?,The motion of a spring-mass system is defined by the equation x = . Which of the following equations could NOT describe the motion of the same spring-mass system?,29,"""X""","[""x = $2\\sin (t)$"", ""x = $\\sin (2t)$"", ""$x = \\sin (t + 2)$ \\textbf{[x equals sine of the quantity t plus 2]}"", ""x = $\\cos (t)$""]",SSB_2026
6eb552720881ba931daa2dd33ff77e36273ee3ec2087b52870f9bedcd5286729,ROUND ROBIN 2,2026,31,16,TOSSUP,SHORT_ANSWER,MATH,What are the coordinates of the center of the circle given by x^2 + y^2 − 14x − 12y + 84 = 0?,What are the coordinates of the center of the circle given by x^2 + y^2 − 14x − 12y + 84 = 0?,23,"""$(7,6)$""",[],SSB_2026
6eb552720881ba931daa2dd33ff77e36273ee3ec2087b52870f9bedcd5286729,ROUND ROBIN 2,2026,32,16,BONUS,SHORT_ANSWER,MATH,What is the equivalent value of the fraction with numerator $3+\sqrt{7}$ and denominator $3−\sqrt{7}$ when expressed in simplest radical form?,What is the equivalent value of the fraction with numerator and denominator when expressed in simplest radical form?,18,"""$8+ 3\\sqrt{7}$""",[],SSB_2026
6eb552720881ba931daa2dd33ff77e36273ee3ec2087b52870f9bedcd5286729,ROUND ROBIN 2,2026,33,17,TOSSUP,MULTIPLE_CHOICE,CHEMISTRY,Which of the following laws of thermodynamics states that the change in internal energy of a system is equal to the heat added to the system minus the work done by the system?,Which of the following laws of thermodynamics states that the change in internal energy of a system is equal to the heat added to the system minus the work done by the system?,33,"""X""","[""Zeroth"", ""First"", ""Second"", ""Third""]",SSB_2026
6eb552720881ba931daa2dd33ff77e36273ee3ec2087b52870f9bedcd5286729,ROUND ROBIN 2,2026,34,17,BONUS,SHORT_ANSWER,CHEMISTRY,Order the following three isotopes of carbon by increasing natural abundance: 1) Carbon-12; 2) Carbon-13; 3) Carbon-14.,Order the following three isotopes of carbon by increasing natural abundance: 1) Carbon-12; 2) Carbon-13; 3) Carbon-14.,17,"""3, 2, 1""",[],SSB_2026
6eb552720881ba931daa2dd33ff77e36273ee3ec2087b52870f9bedcd5286729,ROUND ROBIN 2,2026,35,18,TOSSUP,MULTIPLE_CHOICE,ENERGY,Scientists at the Johns Hopkins Bulk Crystal Growth Facility are modeling how crystal size varies with cooling time. Which of the following rocks is primarily composed of crystals that formed from rapid cooling?,Scientists at the Johns Hopkins Bulk Crystal Growth Facility are modeling how crystal size varies with cooling time. Which of the following rocks is primarily composed of crystals that formed from rapid cooling?,33,"""W""","[""Rhyolite"", ""Diorite"", ""Granite"", ""Pegmatite""]",SSB_2026
6eb552720881ba931daa2dd33ff77e36273ee3ec2087b52870f9bedcd5286729,ROUND ROBIN 2,2026,36,18,BONUS,MULTIPLE_CHOICE,ENERGY,Scientists at the Johns Hopkins Xu Lab are studying how the polymorphic ApoE gene plays a role in Alzheimer’s disease. Which of the following describes polymorphic genes?,Scientists at the Johns Hopkins Xu Lab are studying how the polymorphic ApoE gene plays a role in Alzheimer’s disease. Which of the following describes polymorphic genes?,27,"""X""","[""Genes that produce multiple protein products through alternative splicing"", ""Genes that contain multiple alleles which occur at appreciable frequencies in a population"", ""Genes that are expressed in multiple tissues throughout development"", ""Genes whose expression levels vary in response to the environment""]",SSB_2026
6eb552720881ba931daa2dd33ff77e36273ee3ec2087b52870f9bedcd5286729,ROUND ROBIN 2,2026,37,19,TOSSUP,SHORT_ANSWER,PHYSICS,"A runner weighing 50 kilograms picks up a bottle of water at rest weighing half a kilogram. To the nearest percent, by what percent is their velocity reduced?","A runner weighing 50 kilograms picks up a bottle of water at rest weighing half a kilogram. To the nearest percent, by what percent is their velocity reduced?",28,"""1""",[],SSB_2026
6eb552720881ba931daa2dd33ff77e36273ee3ec2087b52870f9bedcd5286729,ROUND ROBIN 2,2026,38,19,BONUS,SHORT_ANSWER,PHYSICS,"Commercial electricity is distributed at very high voltages in order to minimize power loss. In order to transmit a given amount of power over a wire, how many times more power is lost when using 100 volts compared to using 200 volts?","Commercial electricity is distributed at very high voltages in order to minimize power loss. In order to transmit a given amount of power over a wire, how many times more power is lost when using 100 volts compared to using 200 volts?",42,"""4""",[],SSB_2026
6eb552720881ba931daa2dd33ff77e36273ee3ec2087b52870f9bedcd5286729,ROUND ROBIN 2,2026,39,20,TOSSUP,MULTIPLE_CHOICE,EARTH_SPACE,"Earth’s perihelion, when its located closest to the sun, occurs during which of the following seasons in the northern hemisphere?","Earth’s perihelion, when its located closest to the sun, occurs during which of the following seasons in the northern hemisphere?",20,"""W""","[""Winter"", ""Spring"", ""Summer"", ""Fall""]",SSB_2026
6eb552720881ba931daa2dd33ff77e36273ee3ec2087b52870f9bedcd5286729,ROUND ROBIN 2,2026,40,20,BONUS,MULTIPLE_CHOICE,EARTH_SPACE,Which of the folllowing best describes a cold front?,Which of the folllowing best describes a cold front?,9,"""W""","[""Cold, dry air undercutting warm, moist air"", ""Cold,  moist air undercutting warm, dry air"", ""Warm, dry air undercutting cold, moist air"", ""Warm, moist air undercutting cold, dry air""]",SSB_2026
6eb552720881ba931daa2dd33ff77e36273ee3ec2087b52870f9bedcd5286729,ROUND ROBIN 2,2026,41,21,TOSSUP,MULTIPLE_CHOICE,CHEMISTRY,"Respectively, which of the following best describes how atomic radius and electronegativity generally change when moving up and to the right across the periodic table?","Respectively, which of the following best describes how atomic radius and electronegativity generally change when moving up and to the right across the periodic table?",25,"""Y""","[""Increases, increases"", ""Increases, decreases"", ""Decreases, increases"", ""Decreases, decreases""]",SSB_2026
6eb552720881ba931daa2dd33ff77e36273ee3ec2087b52870f9bedcd5286729,ROUND ROBIN 2,2026,42,21,BONUS,SHORT_ANSWER,CHEMISTRY,"If the hypochlorite ion with formula ClO$^-$ is oxidized to form the chlorate ion with formula ClO$_3^-$, by how much does the oxidation state of chlorine change?","If the hypochlorite ion with formula ClO is oxidized to form the chlorate ion with formula ClO, by how much does the oxidation state of chlorine change?",27,"""+4""",[],SSB_2026
6eb552720881ba931daa2dd33ff77e36273ee3ec2087b52870f9bedcd5286729,ROUND ROBIN 2,2026,43,22,TOSSUP,SHORT_ANSWER,MATH,How many four−digit palindromes have the consecutive digits 26 somewhere in the number?,How many four−digit palindromes have the consecutive digits 26 somewhere in the number?,13,"""2""",[],SSB_2026
6eb552720881ba931daa2dd33ff77e36273ee3ec2087b52870f9bedcd5286729,ROUND ROBIN 2,2026,44,22,BONUS,SHORT_ANSWER,MATH,"Andy the ant starts at the origin of the Cartesian plane and takes steps of length 1 inch to the north, then 1 inch east, then 2 inches south, then 4 inches west, then finally 5 inches north. In inches, what is Andy’s final distance from the origin?","Andy the ant starts at the origin of the Cartesian plane and takes steps of length 1 inch to the north, then 1 inch east, then 2 inches south, then 4 inches west, then finally 5 inches north. In inches, what is Andy’s final distance from the origin?",48,"""5""",[],SSB_2026
6eb552720881ba931daa2dd33ff77e36273ee3ec2087b52870f9bedcd5286729,ROUND ROBIN 2,2026,45,23,TOSSUP,SHORT_ANSWER,BIOLOGY,"The anterior pituitary \textbf{[puh-TOO-uh-tair-ee]} gland is regulated by hormones secreted from what region of the brain, controlling body temperature, hunger, and sleep?","The anterior pituitary gland is regulated by hormones secreted from what region of the brain, controlling body temperature, hunger, and sleep?",21,"""Hypothalamus""",[],SSB_2026
6eb552720881ba931daa2dd33ff77e36273ee3ec2087b52870f9bedcd5286729,ROUND ROBIN 2,2026,46,23,BONUS,SHORT_ANSWER,BIOLOGY,Order the following three carbohydrates by increasing number of carbons: 1) Ribose; 2) Fructose; 3) Lactose.,Order the following three carbohydrates by increasing number of carbons: 1) Ribose; 2) Fructose; 3) Lactose.,16,"""1, 2, 3""",[],SSB_2026
9d10cf6704229f5dd9e720e50ee0af88ffacfbaa8f16239cc9fd9a16ea259ebb,ROUND ROBIN 3,2026,1,1,TOSSUP,MULTIPLE_CHOICE,MATH,"Annabeth has a secret base b, and she tells Percy that in base b, 3 base b is a divisor of $11_b$ \textbf{[READ AS: one one base b]}.  Which of the following could be a possible value of b?","Annabeth has a secret base b, and she tells Percy that in base b, 3 base b is a divisor of . Which of the following could be a possible value of b?",33,"""Y""","[""6"", ""7"", ""8"", ""9""]",SSB_2026
9d10cf6704229f5dd9e720e50ee0af88ffacfbaa8f16239cc9fd9a16ea259ebb,ROUND ROBIN 3,2026,2,1,BONUS,SHORT_ANSWER,MATH,"\textbf{[read slowly]} Phil draws triangle $ABC$ with area 25 and line $DE$ of length 3 parallel to $BC$ such that $D$ lies on $AB$ and $E$ lies on $AC$. If the area of trapezoid $DECB$ is 21, what is the length of $BC$?","Phil draws triangle with area 25 and line of length 3 parallel to such that lies on and lies on . If the area of trapezoid is 21, what is the length of ?",34,"""15/2""",[],SSB_2026
9d10cf6704229f5dd9e720e50ee0af88ffacfbaa8f16239cc9fd9a16ea259ebb,ROUND ROBIN 3,2026,3,2,TOSSUP,MULTIPLE_CHOICE,ENERGY,Scientists at Stanford’s Energy System Lab are studying the sustainability of renewable energy sources. Which of the following sources of energy is NOT considered renewable?,Scientists at Stanford’s Energy System Lab are studying the sustainability of renewable energy sources. Which of the following sources of energy is NOT considered renewable?,25,"""W""","[""Nuclear"", ""Geothermal"", ""Solar"", ""Hydroelectrical""]",SSB_2026
9d10cf6704229f5dd9e720e50ee0af88ffacfbaa8f16239cc9fd9a16ea259ebb,ROUND ROBIN 3,2026,4,2,BONUS,SHORT_ANSWER,ENERGY,Scientists at Stanford’s Hadly Lab have determined that populations at carrying capacity oscillate according to the function $\sin(x)\cdot \cos(x)$. What is the derivative of $\sin(x)\cdot \cos(x)$ at $x = \pi$?,Scientists at Stanford’s Hadly Lab have determined that populations at carrying capacity oscillate according to the function . What is the derivative of at ?,25,"""1""",[],SSB_2026
9d10cf6704229f5dd9e720e50ee0af88ffacfbaa8f16239cc9fd9a16ea259ebb,ROUND ROBIN 3,2026,5,3,TOSSUP,SHORT_ANSWER,EARTH_SPACE,"In contrast to sills, what type of tabular igneous intrusion is described as discordant because it cuts across pre-existing rock layers?","In contrast to sills, what type of tabular igneous intrusion is described as discordant because it cuts across pre-existing rock layers?",21,"""Dikes [ASr]""",[],SSB_2026
9d10cf6704229f5dd9e720e50ee0af88ffacfbaa8f16239cc9fd9a16ea259ebb,ROUND ROBIN 3,2026,6,3,BONUS,MULTIPLE_CHOICE,EARTH_SPACE,Which of the following is not true regarding mountain streams and floodplain rivers?,Which of the following is not true regarding mountain streams and floodplain rivers?,13,"""X""","[""Mountain streams have steeper gradients than floodplain rivers"", ""Mountain streams are depositional, while floodplain rivers are erosional"", ""Mountain streams are generally straight, while floodplain rivers have large meanders"", ""Mountain streams have lower rates of discharge than floodplain rivers""]",SSB_2026
9d10cf6704229f5dd9e720e50ee0af88ffacfbaa8f16239cc9fd9a16ea259ebb,ROUND ROBIN 3,2026,7,4,TOSSUP,MULTIPLE_CHOICE,CHEMISTRY,"When aluminum reacts with oxygen, electrons from aluminum’s 3p subshell are transferred to which of the following subshells on oxygen?","When aluminum reacts with oxygen, electrons from aluminum’s 3p subshell are transferred to which of the following subshells on oxygen?",20,"""Y""","[""2s"", ""3s"", ""2p"", ""3p""]",SSB_2026
9d10cf6704229f5dd9e720e50ee0af88ffacfbaa8f16239cc9fd9a16ea259ebb,ROUND ROBIN 3,2026,8,4,BONUS,SHORT_ANSWER,CHEMISTRY,Order the following 3 compounds in order of lowest to highest oxidation state of manganese: 1) MnSO$_4$; 2) KMnO$_4$; 3) MnO$_2$.,Order the following 3 compounds in order of lowest to highest oxidation state of manganese: 1) MnSO; 2) KMnO; 3) MnO.,21,"""1, 3, 2""",[],SSB_2026
9d10cf6704229f5dd9e720e50ee0af88ffacfbaa8f16239cc9fd9a16ea259ebb,ROUND ROBIN 3,2026,9,5,TOSSUP,SHORT_ANSWER,PHYSICS,A point located a perpendicular distance of 1 meter away from an infinite sheet of constant charge density has electric field E. What is the electric field a distance of 3 meters away from the sheet?,A point located a perpendicular distance of 1 meter away from an infinite sheet of constant charge density has electric field E. What is the electric field a distance of 3 meters away from the sheet?,36,"""E""",[],SSB_2026
9d10cf6704229f5dd9e720e50ee0af88ffacfbaa8f16239cc9fd9a16ea259ebb,ROUND ROBIN 3,2026,10,5,BONUS,SHORT_ANSWER,PHYSICS,"Alistair is 160 centimeters tall. If he wants to buy a mirror that allows him to see his whole body, what is the minimum height, in centimeters, that he can buy?","Alistair is 160 centimeters tall. If he wants to buy a mirror that allows him to see his whole body, what is the minimum height, in centimeters, that he can buy?",31,"""80""",[],SSB_2026
9d10cf6704229f5dd9e720e50ee0af88ffacfbaa8f16239cc9fd9a16ea259ebb,ROUND ROBIN 3,2026,11,6,TOSSUP,SHORT_ANSWER,BIOLOGY,"The reintroduction of gray wolves to Yellowstone increased biodiversity of the ecosystem by keeping the elk population in check. What term best describes the role of these wolves in the ecosystem, exerting a disproportionately large effect relative to their abundance?","The reintroduction of gray wolves to Yellowstone increased biodiversity of the ecosystem by keeping the elk population in check. What term best describes the role of these wolves in the ecosystem, exerting a disproportionately large effect relative to their abundance?",40,"""Keystone species""",[],SSB_2026
9d10cf6704229f5dd9e720e50ee0af88ffacfbaa8f16239cc9fd9a16ea259ebb,ROUND ROBIN 3,2026,12,6,BONUS,MULTIPLE_CHOICE,BIOLOGY,Which of the following is an example of paracrine \textbf{[PAIR-uh-crin]} signaling?,Which of the following is an example of paracrine signaling?,10,"""Y""","[""Acetylcholine \\textbf{[uh-see-tul-KOL-een]} binding to a receptor on skeletal muscle cells"", ""Glucagon \\textbf{[GLUE-kuh-gon]} binding to a receptor in liver cells"", ""Nitric oxide binding to a receptor on smooth muscle cells"", ""A helper T cell binding to MHC class II on a dendritic cell""]",SSB_2026
9d10cf6704229f5dd9e720e50ee0af88ffacfbaa8f16239cc9fd9a16ea259ebb,ROUND ROBIN 3,2026,13,7,TOSSUP,SHORT_ANSWER,CHEMISTRY,What principle states that electrons fill the lowest energy atomic orbitals before occupying orbitals of higher energy?,What principle states that electrons fill the lowest energy atomic orbitals before occupying orbitals of higher energy?,17,"""Aufbau \\textbf{[OWF-bow]} principle""",[],SSB_2026
9d10cf6704229f5dd9e720e50ee0af88ffacfbaa8f16239cc9fd9a16ea259ebb,ROUND ROBIN 3,2026,14,7,BONUS,SHORT_ANSWER,CHEMISTRY,Order the following 3 bonds by increasing length: 1) Nitrogen-nitrogen bond in molecular nitrogen; 2) Carbon-carbon bond in ethene; 3) Carbon-oxygen bond in dimethyl ether.,Order the following 3 bonds by increasing length: 1) Nitrogen-nitrogen bond in molecular nitrogen; 2) Carbon-carbon bond in ethene; 3) Carbon-oxygen bond in dimethyl ether.,25,"""1, 2, 3""",[],SSB_2026
9d10cf6704229f5dd9e720e50ee0af88ffacfbaa8f16239cc9fd9a16ea259ebb,ROUND ROBIN 3,2026,15,8,TOSSUP,MULTIPLE_CHOICE,EARTH_SPACE,Which of the following best describes the B soil horizon?,Which of the following best describes the B soil horizon?,10,"""W""","[""It is rich in minerals leached from the topsoil"", ""It has the highest biological activity out of all soil horizons"", ""It is primarily composed of organic matter"", ""It is composed of unweathered parent rock""]",SSB_2026
9d10cf6704229f5dd9e720e50ee0af88ffacfbaa8f16239cc9fd9a16ea259ebb,ROUND ROBIN 3,2026,16,8,BONUS,MULTIPLE_CHOICE,EARTH_SPACE,Stratified glacial drift is most directly deposited by which of the following sources?,Stratified glacial drift is most directly deposited by which of the following sources?,13,"""Z""","[""Glacial terminus"", ""Basal erosion"", ""Supraglacial gelifluction \\textbf{[je-lih-FLUK-shin]}"", ""Meltwater streams""]",SSB_2026
9d10cf6704229f5dd9e720e50ee0af88ffacfbaa8f16239cc9fd9a16ea259ebb,ROUND ROBIN 3,2026,17,9,TOSSUP,MULTIPLE_CHOICE,BIOLOGY,Which of the following is a limitation of the morphological definition of a species?,Which of the following is a limitation of the morphological definition of a species?,14,"""X""","[""Cannot be applied to organisms that reproduce asexually"", ""Misclassification due to analogous structures produced from convergent evolution"", ""Dependence on long-term observation of ecological niches"", ""Limited usefulness for classifying species from fossil remains""]",SSB_2026
9d10cf6704229f5dd9e720e50ee0af88ffacfbaa8f16239cc9fd9a16ea259ebb,ROUND ROBIN 3,2026,18,9,BONUS,MULTIPLE_CHOICE,BIOLOGY,"Round seeds are dominant to wrinkled, and yellow seeds are dominant to green. A plant heterozygous for both traits is self-crossed. Assuming Mendelian genetics, what fraction of the offspring will have wrinkled, yellow seeds?","Round seeds are dominant to wrinkled, and yellow seeds are dominant to green. A plant heterozygous for both traits is self-crossed. Assuming Mendelian genetics, what fraction of the offspring will have wrinkled, yellow seeds?",34,"""X""","[""1/16"", ""3/16"", ""7/16"", ""9/16""]",SSB_2026
9d10cf6704229f5dd9e720e50ee0af88ffacfbaa8f16239cc9fd9a16ea259ebb,ROUND ROBIN 3,2026,19,10,TOSSUP,SHORT_ANSWER,MATH,"There are six lamps in a room, and Sabine wants to turn all of them on. However, the buttons on each lamp are faulty and only work two thirds of the time. What is the expected number of buttons Sabine must press to turn all of the lamps on?","There are six lamps in a room, and Sabine wants to turn all of them on. However, the buttons on each lamp are faulty and only work two thirds of the time. What is the expected number of buttons Sabine must press to turn all of the lamps on?",49,"""9""",[],SSB_2026
9d10cf6704229f5dd9e720e50ee0af88ffacfbaa8f16239cc9fd9a16ea259ebb,ROUND ROBIN 3,2026,20,10,BONUS,SHORT_ANSWER,MATH,Skirk tosses 4 fair coins. What is the probability that the number of heads she gets is greater than or equal to the number of tails that she gets?,Skirk tosses 4 fair coins. What is the probability that the number of heads she gets is greater than or equal to the number of tails that she gets?,29,"""11/16""",[],SSB_2026
9d10cf6704229f5dd9e720e50ee0af88ffacfbaa8f16239cc9fd9a16ea259ebb,ROUND ROBIN 3,2026,21,11,TOSSUP,MULTIPLE_CHOICE,ENERGY,"Scientists at UCLA’s Aguillon Lab are studying the diversification of bird species in separating islands.  What type of speciation occurs when the same species becomes separated due to islands splitting off, causing populations to evolve independently over time?","Scientists at UCLA’s Aguillon Lab are studying the diversification of bird species in separating islands. What type of speciation occurs when the same species becomes separated due to islands splitting off, causing populations to evolve independently over time?",38,"""Z""","[""Sympatric \\textbf{[SIM-pah-trik]}"", ""Peripatric \\textbf{[PAIR-ee-pah-trik]}"", ""Parapatric \\textbf{[PAIR-uh-pah-trik]}"", ""Allopatric \\textbf{[AL-oh-pah-trik]}""]",SSB_2026
9d10cf6704229f5dd9e720e50ee0af88ffacfbaa8f16239cc9fd9a16ea259ebb,ROUND ROBIN 3,2026,22,11,BONUS,SHORT_ANSWER,ENERGY,Scientists at UCLA’s Climate Science Center are reducing greenhouse gas emissions by using a copper catalyst to convert carbon dioxide into the simplest organic alkene. What is the name of this alkene?,Scientists at UCLA’s Climate Science Center are reducing greenhouse gas emissions by using a copper catalyst to convert carbon dioxide into the simplest organic alkene. What is the name of this alkene?,32,"""Ethylene \\textbf{[ETH-uh-leen]} (ACCEPT: Ethene)""",[],SSB_2026
9d10cf6704229f5dd9e720e50ee0af88ffacfbaa8f16239cc9fd9a16ea259ebb,ROUND ROBIN 3,2026,23,12,TOSSUP,MULTIPLE_CHOICE,PHYSICS,Which of the following must be true of a fluid for Pascal’s principle to apply?,Which of the following must be true of a fluid for Pascal’s principle to apply?,15,"""Z""","[""The fluid is less dense than water"", ""The fluid is more dense than water"", ""The fluid is homogeneous"", ""The fluid is incompressible""]",SSB_2026
9d10cf6704229f5dd9e720e50ee0af88ffacfbaa8f16239cc9fd9a16ea259ebb,ROUND ROBIN 3,2026,24,12,BONUS,MULTIPLE_CHOICE,PHYSICS,A student measures the electric field at points on a sphere surrounding an object and finds that it points away from the object at every point. Which of the following is most directly implied by the student’s measurements?,A student measures the electric field at points on a sphere surrounding an object and finds that it points away from the object at every point. Which of the following is most directly implied by the student’s measurements?,38,"""W""","[""The object has a positive charge"", ""The object has a clockwise current"", ""The object is a dipole with the positive side facing up"", ""The object is a magnet with the north side facing up""]",SSB_2026
9d10cf6704229f5dd9e720e50ee0af88ffacfbaa8f16239cc9fd9a16ea259ebb,ROUND ROBIN 3,2026,25,13,TOSSUP,SHORT_ANSWER,EARTH_SPACE,A white dwarf undergoes a type 1a supernova if its mass exceeds 1.4 solar masses. What is the name of this mass limit?,A white dwarf undergoes a type 1a supernova if its mass exceeds 1.4 solar masses. What is the name of this mass limit?,23,"""Chandrasekhar limit [ASr]""",[],SSB_2026
9d10cf6704229f5dd9e720e50ee0af88ffacfbaa8f16239cc9fd9a16ea259ebb,ROUND ROBIN 3,2026,26,13,BONUS,SHORT_ANSWER,EARTH_SPACE,Order the following three minerals in terms of increasing likelihood of forming as a euhedral crystal in a slowly cooled mafic magma chamber: 1) Biotite; 2) Pyroxene; 3) Quartz,Order the following three minerals in terms of increasing likelihood of forming as a euhedral crystal in a slowly cooled mafic magma chamber: 1) Biotite; 2) Pyroxene; 3) Quartz,29,"""3, 1, 2 [ASr]""",[],SSB_2026
9d10cf6704229f5dd9e720e50ee0af88ffacfbaa8f16239cc9fd9a16ea259ebb,ROUND ROBIN 3,2026,27,14,TOSSUP,SHORT_ANSWER,MATH,"Dori is selling furniture at a discount of 20 percent off. Later, she decreases the prices by another 20 percent, and claims to customers that the furniture is at a 40 percent discount. What is the actual percentage discount on the furniture from the original price?","Dori is selling furniture at a discount of 20 percent off. Later, she decreases the prices by another 20 percent, and claims to customers that the furniture is at a 40 percent discount. What is the actual percentage discount on the furniture from the original price?",46,"""36""",[],SSB_2026
9d10cf6704229f5dd9e720e50ee0af88ffacfbaa8f16239cc9fd9a16ea259ebb,ROUND ROBIN 3,2026,28,14,BONUS,MULTIPLE_CHOICE,MATH,Which of the following is closest to the minimum number of people needed in a room such that the probability that two people share a birthday is greater than 50 percent?,Which of the following is closest to the minimum number of people needed in a room such that the probability that two people share a birthday is greater than 50 percent?,31,"""X""","[""10"", ""25"", ""50"", ""150""]",SSB_2026
9d10cf6704229f5dd9e720e50ee0af88ffacfbaa8f16239cc9fd9a16ea259ebb,ROUND ROBIN 3,2026,29,15,TOSSUP,SHORT_ANSWER,ENERGY,"Scientists at the Johns Hopkins Goldberg Lab are studying pathways for hydrogen halide formation, including the reaction H$_2$ gaseous + I$_2$ gaseous yields 2 HI gaseous. To the nearest whole number and in kilojoules per kelvin, what is the change in entropy of this reaction?","Scientists at the Johns Hopkins Goldberg Lab are studying pathways for hydrogen halide formation, including the reaction H gaseous + I gaseous yields 2 HI gaseous. To the nearest whole number and in kilojoules per kelvin, what is the change in entropy of this reaction?",45,"""0""",[],SSB_2026
9d10cf6704229f5dd9e720e50ee0af88ffacfbaa8f16239cc9fd9a16ea259ebb,ROUND ROBIN 3,2026,30,15,BONUS,SHORT_ANSWER,ENERGY,Scientists at the Johns Hopkins Gnomes Lab are using iron sulfides as a proxy to better understand Earth’s carbon cycle. Identify all of the following three events that were caused by increased carbon dioxide release into the atmosphere: 1) A decrease in global ocean levels; 2) An increase in average ocean pH; 3) An increase in global average temperatures.,Scientists at the Johns Hopkins Gnomes Lab are using iron sulfides as a proxy to better understand Earth’s carbon cycle. Identify all of the following three events that were caused by increased carbon dioxide release into the atmosphere: 1) A decrease in global ocean levels; 2) An increase in average ocean pH; 3) An increase in global average temperatures.,59,"""3 only""",[],SSB_2026
9d10cf6704229f5dd9e720e50ee0af88ffacfbaa8f16239cc9fd9a16ea259ebb,ROUND ROBIN 3,2026,31,16,TOSSUP,SHORT_ANSWER,PHYSICS,A bored child in a physics classroom attempts to connect as many resistors as possible in parallel with each other within a circuit driven by an ideal voltage source. Identify all of the following three quantities that go to zero as he attaches more resistors: 1) Voltage across each resistor; 2) Current across each resistor; 3) Power dissipated across each resistor.,A bored child in a physics classroom attempts to connect as many resistors as possible in parallel with each other within a circuit driven by an ideal voltage source. Identify all of the following three quantities that go to zero as he attaches more resistors: 1) Voltage across each resistor; 2) Current across each resistor; 3) Power dissipated across each resistor.,61,"""None""",[],SSB_2026
9d10cf6704229f5dd9e720e50ee0af88ffacfbaa8f16239cc9fd9a16ea259ebb,ROUND ROBIN 3,2026,32,16,BONUS,SHORT_ANSWER,PHYSICS,"Colin welds three steel rods into a triangle and places it upright, then balances a heavy weight on top of the top vertex. Identify all of the following three statements about this arrangement that are true: 1) The weight is in unstable equilibrium; 2) The bottom beam experiences tensile stress; 3) The side beams experience compressive stress.","Colin welds three steel rods into a triangle and places it upright, then balances a heavy weight on top of the top vertex. Identify all of the following three statements about this arrangement that are true: 1) The weight is in unstable equilibrium; 2) The bottom beam experiences tensile stress; 3) The side beams experience compressive stress.",57,"""All""",[],SSB_2026
9d10cf6704229f5dd9e720e50ee0af88ffacfbaa8f16239cc9fd9a16ea259ebb,ROUND ROBIN 3,2026,33,17,TOSSUP,MULTIPLE_CHOICE,CHEMISTRY,"Given that the solid-liquid boundary line in gallium’s phase diagram has a negative slope, which of the following statements is true?","Given that the solid-liquid boundary line in gallium’s phase diagram has a negative slope, which of the following statements is true?",21,"""X""","[""Solid gallium is denser than liquid gallium"", ""Liquid gallium is denser than solid gallium"", ""Liquid gallium has stronger intermolecular interations than solid gallium"", ""Solid gallium favourably sublimates at all temperatures""]",SSB_2026
9d10cf6704229f5dd9e720e50ee0af88ffacfbaa8f16239cc9fd9a16ea259ebb,ROUND ROBIN 3,2026,34,17,BONUS,MULTIPLE_CHOICE,CHEMISTRY,Jianyu wants to determine the types of functional groups in an unknown organic molecule by analyzing bond vibrational frequencies. Which of the following analytical techniques would be most appropriate?,Jianyu wants to determine the types of functional groups in an unknown organic molecule by analyzing bond vibrational frequencies. Which of the following analytical techniques would be most appropriate?,29,"""X""","[""UV-vis \\textbf{[U-V-vis]} spectroscopy"", ""IR spectroscopy"", ""Mass spectrometry"", ""NMR spectroscopy""]",SSB_2026
9d10cf6704229f5dd9e720e50ee0af88ffacfbaa8f16239cc9fd9a16ea259ebb,ROUND ROBIN 3,2026,35,18,TOSSUP,SHORT_ANSWER,BIOLOGY,"Located downstream of the promoter in bacteria, what sequence serves as the binding site for a repressor, allowing transcriptional regulation of operon genes?","Located downstream of the promoter in bacteria, what sequence serves as the binding site for a repressor, allowing transcriptional regulation of operon genes?",23,"""Operator""",[],SSB_2026
9d10cf6704229f5dd9e720e50ee0af88ffacfbaa8f16239cc9fd9a16ea259ebb,ROUND ROBIN 3,2026,36,18,BONUS,MULTIPLE_CHOICE,BIOLOGY,Which of the following traits would most likely not be associated with a flower pollinated by bees?,Which of the following traits would most likely not be associated with a flower pollinated by bees?,17,"""Z""","[""Bright yellow and blue coloring"", ""Ultraviolet markings"", ""Nectar glands in the base of the flower"", ""Faint or absent fragrance""]",SSB_2026
9d10cf6704229f5dd9e720e50ee0af88ffacfbaa8f16239cc9fd9a16ea259ebb,ROUND ROBIN 3,2026,37,19,TOSSUP,SHORT_ANSWER,PHYSICS,"Bobby is directing a choir. He tells one half of the choir to sing at a set frequency and the other half to sing at a slightly higher pitch, and notices a distinct pulsating tone. What is the name for this effect?","Bobby is directing a choir. He tells one half of the choir to sing at a set frequency and the other half to sing at a slightly higher pitch, and notices a distinct pulsating tone. What is the name for this effect?",42,"""Beat (ACCEPT: Beat frequency, interference)""",[],SSB_2026
9d10cf6704229f5dd9e720e50ee0af88ffacfbaa8f16239cc9fd9a16ea259ebb,ROUND ROBIN 3,2026,38,19,BONUS,SHORT_ANSWER,PHYSICS,"Arpit finds a YouTube video of a person jumping off of a cliff of unknown height. He times the jump and finds that it takes the diver between 2.4 and 2.6 seconds to reach the water below. Based on his timing, to the nearest meter, what is the difference between the smallest and largest possible height of the cliff?","Arpit finds a YouTube video of a person jumping off of a cliff of unknown height. He times the jump and finds that it takes the diver between 2.4 and 2.6 seconds to reach the water below. Based on his timing, to the nearest meter, what is the difference between the smallest and largest possible height of the cliff?",59,"""5""",[],SSB_2026
9d10cf6704229f5dd9e720e50ee0af88ffacfbaa8f16239cc9fd9a16ea259ebb,ROUND ROBIN 3,2026,39,20,TOSSUP,SHORT_ANSWER,CHEMISTRY,"Graham’s law of effusion states that, at constant temperature, the rate of effusion of a gas is proportional to the molar mass raised to what power?","Graham’s law of effusion states that, at constant temperature, the rate of effusion of a gas is proportional to the molar mass raised to what power?",26,"""-1/2""",[],SSB_2026
9d10cf6704229f5dd9e720e50ee0af88ffacfbaa8f16239cc9fd9a16ea259ebb,ROUND ROBIN 3,2026,40,20,BONUS,MULTIPLE_CHOICE,CHEMISTRY,Which of the following alkanes can be branched?,Which of the following alkanes can be branched?,8,"""Z""","[""Methane"", ""Ethane"", ""Propane"", ""Butane""]",SSB_2026
9d10cf6704229f5dd9e720e50ee0af88ffacfbaa8f16239cc9fd9a16ea259ebb,ROUND ROBIN 3,2026,41,21,TOSSUP,MULTIPLE_CHOICE,BIOLOGY,An inhibitor with which of the following enzymatic inhibition patterns would bind to the active site of an enzyme?,An inhibitor with which of the following enzymatic inhibition patterns would bind to the active site of an enzyme?,19,"""W""","[""Competitive"", ""Noncompetitive"", ""Uncompetitive"", ""Mixed""]",SSB_2026
9d10cf6704229f5dd9e720e50ee0af88ffacfbaa8f16239cc9fd9a16ea259ebb,ROUND ROBIN 3,2026,42,21,BONUS,MULTIPLE_CHOICE,BIOLOGY,"In the sarcomere, which of the following proteins would have the highest binding affinity for calcium?","In the sarcomere, which of the following proteins would have the highest binding affinity for calcium?",16,"""Y""","[""Actin"", ""Myosin \\textbf{[MY-uh-sin]}"", ""Troponin \\textbf{[TROH-poh-nin]}"", ""Tropomyosin \\textbf{[troh-poh-MY-uh-sin]}""]",SSB_2026
9d10cf6704229f5dd9e720e50ee0af88ffacfbaa8f16239cc9fd9a16ea259ebb,ROUND ROBIN 3,2026,43,22,TOSSUP,SHORT_ANSWER,EARTH_SPACE,An iridium-rich clay layer from an asteroid impact marks what boundary associated with the extinction of non-avian dinosaurs?,An iridium-rich clay layer from an asteroid impact marks what boundary associated with the extinction of non-avian dinosaurs?,18,"""K-T extinction (ACCEPT: KPG-extinction, Cretaceous\u2013Paleogene extinction, End Cretaceous extinction) [ASr]""",[],SSB_2026
9d10cf6704229f5dd9e720e50ee0af88ffacfbaa8f16239cc9fd9a16ea259ebb,ROUND ROBIN 3,2026,44,22,BONUS,MULTIPLE_CHOICE,EARTH_SPACE,Spectroscopic observations show that many asteroids within the same dynamical family have remarkably similar bulk compositions. Which of the following best explains this observation?,Spectroscopic observations show that many asteroids within the same dynamical family have remarkably similar bulk compositions. Which of the following best explains this observation?,24,"""Y""","[""Most asteroids accreted from chemically homogeneous regions of the protoplanetary disk"", ""Asteroids are too small to undergo any internal differentiation"", ""Many asteroids are fragments of larger differentiated parent bodies"", ""Weathering in space rapidly homogenizes asteroid surfaces over time""]",SSB_2026
9d10cf6704229f5dd9e720e50ee0af88ffacfbaa8f16239cc9fd9a16ea259ebb,ROUND ROBIN 3,2026,45,23,TOSSUP,SHORT_ANSWER,MATH,"When evaluated at x = 2, what is the derivative of the polynomial 3x^2 + 5x + 11?","When evaluated at x = 2, what is the derivative of the polynomial 3x^2 + 5x + 11?",18,"""17""",[],SSB_2026
9d10cf6704229f5dd9e720e50ee0af88ffacfbaa8f16239cc9fd9a16ea259ebb,ROUND ROBIN 3,2026,46,23,BONUS,SHORT_ANSWER,MATH,What is the sum of the reciprocals of the roots of the cubic $x^3−5x^2+11x−21$?,What is the sum of the reciprocals of the roots of the cubic ?,14,"""$\\frac{11}{21}$""",[],SSB_2026
153999f72eb5484b70bb72a5b09a1445798e47a370df09eb17851fb48f129b0b,ROUND ROBIN 4,2026,1,1,TOSSUP,SHORT_ANSWER,PHYSICS,"Patrick stretches a rubber band and notices that beyond a certain length, the rubber band becomes weaker and does not return to the original length. What is the term for this type of permanent deformation of materials?","Patrick stretches a rubber band and notices that beyond a certain length, the rubber band becomes weaker and does not return to the original length. What is the term for this type of permanent deformation of materials?",37,"""Plastic (ACCEPT: Plastic deformation, plasticity)""",[],SSB_2026
153999f72eb5484b70bb72a5b09a1445798e47a370df09eb17851fb48f129b0b,ROUND ROBIN 4,2026,2,1,BONUS,MULTIPLE_CHOICE,PHYSICS,Which of the following best describes the image created by a concave lens of an object located between the lens and its focal point?,Which of the following best describes the image created by a concave lens of an object located between the lens and its focal point?,24,"""Y""","[""Real, upright, and smaller than its real size"", ""Real, upright, and larger than its real size"", ""Virtual, upright, and smaller than its real size"", ""Virtual, upright, and larger than its real size""]",SSB_2026
153999f72eb5484b70bb72a5b09a1445798e47a370df09eb17851fb48f129b0b,ROUND ROBIN 4,2026,3,2,TOSSUP,MULTIPLE_CHOICE,MATH,Which of the following characterizes the function $f(x) = |x|$ \textbf{[f of x equals the absolute value of x]} at the point x = 0?,Which of the following characterizes the function at the point x = 0?,13,"""X""","[""Both continuous and differentiable"", ""Continuous but not differentiable"", ""Differentiable but not continuous"", ""Neither continuous nor differentiable""]",SSB_2026
153999f72eb5484b70bb72a5b09a1445798e47a370df09eb17851fb48f129b0b,ROUND ROBIN 4,2026,4,2,BONUS,SHORT_ANSWER,MATH,How many 5 digit palindromes have neither 2 nor 6 as a digit?,How many 5 digit palindromes have neither 2 nor 6 as a digit?,13,"""448""",[],SSB_2026
153999f72eb5484b70bb72a5b09a1445798e47a370df09eb17851fb48f129b0b,ROUND ROBIN 4,2026,5,3,TOSSUP,MULTIPLE_CHOICE,EARTH_SPACE,Which of the following metamorphic rocks are NOT correctly matched with their respective protoliths?,Which of the following metamorphic rocks are NOT correctly matched with their respective protoliths?,14,"""Y""","[""Marble, limestone"", ""Slate, shale;"", ""Quartzite, basalt"", ""Gniess, Slate;""]",SSB_2026
153999f72eb5484b70bb72a5b09a1445798e47a370df09eb17851fb48f129b0b,ROUND ROBIN 4,2026,6,3,BONUS,MULTIPLE_CHOICE,EARTH_SPACE,Which of the following types of coal has the lowest carbon content?,Which of the following types of coal has the lowest carbon content?,12,"""Z""","[""Anthracite"", ""Bituminous"", ""Sub-bituminous"", ""Lignite""]",SSB_2026
153999f72eb5484b70bb72a5b09a1445798e47a370df09eb17851fb48f129b0b,ROUND ROBIN 4,2026,7,4,TOSSUP,SHORT_ANSWER,BIOLOGY,"Leaf senescence \textbf{[suh-NES-ince]}, fruit ripening, and the triple response are all processes stimulated by what gaseous plant hormone?","Leaf senescence , fruit ripening, and the triple response are all processes stimulated by what gaseous plant hormone?",18,"""Ethylene""",[],SSB_2026
153999f72eb5484b70bb72a5b09a1445798e47a370df09eb17851fb48f129b0b,ROUND ROBIN 4,2026,8,4,BONUS,SHORT_ANSWER,BIOLOGY,"During the secretory phase, the combined effects of estradiol \textbf{[es-truh-DY-ol]} and what other hormone mantains and develops the uterine lining?","During the secretory phase, the combined effects of estradiol and what other hormone mantains and develops the uterine lining?",19,"""Progesterone""",[],SSB_2026
153999f72eb5484b70bb72a5b09a1445798e47a370df09eb17851fb48f129b0b,ROUND ROBIN 4,2026,9,5,TOSSUP,MULTIPLE_CHOICE,CHEMISTRY,Which of the following is the molecular geometry of iodine trifluoride?,Which of the following is the molecular geometry of iodine trifluoride?,11,"""Y""","[""Trigonal planar"", ""Trigonal pyramidal"", ""T-shaped"", ""Tetrahedral""]",SSB_2026
153999f72eb5484b70bb72a5b09a1445798e47a370df09eb17851fb48f129b0b,ROUND ROBIN 4,2026,10,5,BONUS,SHORT_ANSWER,CHEMISTRY,Identify all of the following three statements that are true of a highly volatile compound: 1) It has a low value of delta H of vaporization; 2) It has a low vapor pressure; 3) It has relatively weak intermolecular forces.,Identify all of the following three statements that are true of a highly volatile compound: 1) It has a low value of delta H of vaporization; 2) It has a low vapor pressure; 3) It has relatively weak intermolecular forces.,40,"""1 and 3""",[],SSB_2026
153999f72eb5484b70bb72a5b09a1445798e47a370df09eb17851fb48f129b0b,ROUND ROBIN 4,2026,11,6,TOSSUP,SHORT_ANSWER,ENERGY,Scientists at the Johns Hopkins Salzberg Lab are using computational tools to discover novel transcripts produced from genes. What process during gene expression allows a single gene to generate multiple different mRNA transcripts?,Scientists at the Johns Hopkins Salzberg Lab are using computational tools to discover novel transcripts produced from genes. What process during gene expression allows a single gene to generate multiple different mRNA transcripts?,33,"""Alternative splicing (DO NOT ACCEPT: RNA splicing)""",[],SSB_2026
153999f72eb5484b70bb72a5b09a1445798e47a370df09eb17851fb48f129b0b,ROUND ROBIN 4,2026,12,6,BONUS,MULTIPLE_CHOICE,ENERGY,Scientists at Stanford’s Diffenbaugh Lab are studying how pressure systems contribute to extreme weather. Which of the following is most commonly associated with high-pressure systems?,Scientists at Stanford’s Diffenbaugh Lab are studying how pressure systems contribute to extreme weather. Which of the following is most commonly associated with high-pressure systems?,25,"""Y""","[""Rising air and widespread precipitation"", ""Strong convection and thunderstorms"", ""Sinking air and clear skies"", ""Rapid cyclogenesis""]",SSB_2026
153999f72eb5484b70bb72a5b09a1445798e47a370df09eb17851fb48f129b0b,ROUND ROBIN 4,2026,13,7,TOSSUP,SHORT_ANSWER,MATH,"Selena has two rooms. One room has three good bunnies and two bad bunnies, and the other room has one good bunny and four bad bunnies. If she randomly and uniformly picks a room and a bunny from that room, what is the probability that she picks a bad bunny?","Selena has two rooms. One room has three good bunnies and two bad bunnies, and the other room has one good bunny and four bad bunnies. If she randomly and uniformly picks a room and a bunny from that room, what is the probability that she picks a bad bunny?",50,"""3/5""",[],SSB_2026
153999f72eb5484b70bb72a5b09a1445798e47a370df09eb17851fb48f129b0b,ROUND ROBIN 4,2026,14,7,BONUS,MULTIPLE_CHOICE,MATH,The derivative of $\sin (x) \cos (x)$ is equivalent to which of the following trigonometric functions?,The derivative of is equivalent to which of the following trigonometric functions?,12,"""Z""","[""$\\sin (x)$"", ""$\\cos (x)$"", ""$\\sin (2x)$"", ""$\\cos (2x)$""]",SSB_2026
153999f72eb5484b70bb72a5b09a1445798e47a370df09eb17851fb48f129b0b,ROUND ROBIN 4,2026,15,8,TOSSUP,SHORT_ANSWER,BIOLOGY,Nodes of Ranvier \textbf{[RAN-vee-ay]} are regions of the axon not surrounded by what lipid-rich insulating layer deposited by glial cells?,Nodes of Ranvier are regions of the axon not surrounded by what lipid-rich insulating layer deposited by glial cells?,19,"""Myelin \\textbf{[MY-uh-lin]} (ACCEPT: Myelin sheath)""",[],SSB_2026
153999f72eb5484b70bb72a5b09a1445798e47a370df09eb17851fb48f129b0b,ROUND ROBIN 4,2026,16,8,BONUS,SHORT_ANSWER,BIOLOGY,Identify all of the following three types of horizontal gene transfer that involve the exchange of DNA between two living organisms: 1) Transformation; 2) Transduction; 3) Conjugation.,Identify all of the following three types of horizontal gene transfer that involve the exchange of DNA between two living organisms: 1) Transformation; 2) Transduction; 3) Conjugation.,27,"""3 only""",[],SSB_2026
153999f72eb5484b70bb72a5b09a1445798e47a370df09eb17851fb48f129b0b,ROUND ROBIN 4,2026,17,9,TOSSUP,SHORT_ANSWER,EARTH_SPACE,Order the following three minerals by increasing number of planes of cleavage: 1) Olivine; 2) Biotite; 3) Fluorite.,Order the following three minerals by increasing number of planes of cleavage: 1) Olivine; 2) Biotite; 3) Fluorite.,18,"""1, 2, 3""",[],SSB_2026
153999f72eb5484b70bb72a5b09a1445798e47a370df09eb17851fb48f129b0b,ROUND ROBIN 4,2026,18,9,BONUS,SHORT_ANSWER,EARTH_SPACE,What roughly spherical region of icy objects surrounds the Solar System far beyond the Kuiper Belt and is thought to be the primary source of long-period comets?,What roughly spherical region of icy objects surrounds the Solar System far beyond the Kuiper Belt and is thought to be the primary source of long-period comets?,27,"""Oort cloud""",[],SSB_2026
153999f72eb5484b70bb72a5b09a1445798e47a370df09eb17851fb48f129b0b,ROUND ROBIN 4,2026,19,10,TOSSUP,SHORT_ANSWER,PHYSICS,The difference in electric potential between two points is equal to the negative integral of what quantity along path connecting those two points?,The difference in electric potential between two points is equal to the negative integral of what quantity along path connecting those two points?,23,"""Electric field (ACCEPT: $E$ dot d$l$)""",[],SSB_2026
153999f72eb5484b70bb72a5b09a1445798e47a370df09eb17851fb48f129b0b,ROUND ROBIN 4,2026,20,10,BONUS,SHORT_ANSWER,PHYSICS,"Avery pushes on a syringe with a force of 1 newton. If the body of her syringe is circular with a radius of 1 centimeter, to one significant figure, how much pressure in pascals is applied to the fluid exiting the syringe?","Avery pushes on a syringe with a force of 1 newton. If the body of her syringe is circular with a radius of 1 centimeter, to one significant figure, how much pressure in pascals is applied to the fluid exiting the syringe?",42,"""3000""",[],SSB_2026
153999f72eb5484b70bb72a5b09a1445798e47a370df09eb17851fb48f129b0b,ROUND ROBIN 4,2026,21,11,TOSSUP,SHORT_ANSWER,ENERGY,"Scientists at UCLA’s VAST Lab are studying the optimization of big data compression. In least-squares optimization, what term describes the relationship between the residual vector and the column space for which the dot product is zero?","Scientists at UCLA’s VAST Lab are studying the optimization of big data compression. In least-squares optimization, what term describes the relationship between the residual vector and the column space for which the dot product is zero?",36,"""Orthogonal (ACCEPT: perpendicular)""",[],SSB_2026
153999f72eb5484b70bb72a5b09a1445798e47a370df09eb17851fb48f129b0b,ROUND ROBIN 4,2026,22,11,BONUS,MULTIPLE_CHOICE,ENERGY,Scientists at UCLA’s Belongie Lab are studying how machines recognize visual patterns in supervised learning. What process occurs when a computer correctly identifies an unseen handwritten digit by using information learned from similar examples in the same dataset?,Scientists at UCLA’s Belongie Lab are studying how machines recognize visual patterns in supervised learning. What process occurs when a computer correctly identifies an unseen handwritten digit by using information learned from similar examples in the same dataset?,38,"""X""","[""Extrapolation"", ""Interpolation"", ""Random sampling"", ""Quantization""]",SSB_2026
153999f72eb5484b70bb72a5b09a1445798e47a370df09eb17851fb48f129b0b,ROUND ROBIN 4,2026,23,12,TOSSUP,MULTIPLE_CHOICE,CHEMISTRY,"Akshath adds silver nitrate to his tea and notices that it changes from green to blue. If he analyses his tea with spectroscopy, which of the following statements would likely be true?","Akshath adds silver nitrate to his tea and notices that it changes from green to blue. If he analyses his tea with spectroscopy, which of the following statements would likely be true?",32,"""W""","[""The peak absorption wavelength increases"", ""The peak absorption wavelength decreases"", ""The peak emission wavelength increases"", ""The peak emission wavelength decreases""]",SSB_2026
153999f72eb5484b70bb72a5b09a1445798e47a370df09eb17851fb48f129b0b,ROUND ROBIN 4,2026,24,12,BONUS,SHORT_ANSWER,CHEMISTRY,Order the following three materials by increasing band gap size: 1) Germanium; 2) Silicon; 3) Diamond.,Order the following three materials by increasing band gap size: 1) Germanium; 2) Silicon; 3) Diamond.,16,"""1, 2, 3""",[],SSB_2026
153999f72eb5484b70bb72a5b09a1445798e47a370df09eb17851fb48f129b0b,ROUND ROBIN 4,2026,25,13,TOSSUP,SHORT_ANSWER,MATH,"What is the reciprocal of the sum of the reciprocals of 3, 4, and 6?","What is the reciprocal of the sum of the reciprocals of 3, 4, and 6?",15,"""4/3""",[],SSB_2026
153999f72eb5484b70bb72a5b09a1445798e47a370df09eb17851fb48f129b0b,ROUND ROBIN 4,2026,26,13,BONUS,SHORT_ANSWER,MATH,What is the sum of the digits of the base 9 representation of the number $134_8$ \textbf{[one three four base 8]}?,What is the sum of the digits of the base 9 representation of the number ?,16,"""4""",[],SSB_2026
153999f72eb5484b70bb72a5b09a1445798e47a370df09eb17851fb48f129b0b,ROUND ROBIN 4,2026,27,14,TOSSUP,SHORT_ANSWER,PHYSICS,"Two blocks of mass $2m$ and $m$ are traveling directly towards each other at speed $v$. If the blocks collide perfectly inelastically, then in terms of $v$, what will be the final speed of the blocks?","Two blocks of mass and are traveling directly towards each other at speed . If the blocks collide perfectly inelastically, then in terms of , what will be the final speed of the blocks?",34,"""$\\frac{v}{3}$""",[],SSB_2026
153999f72eb5484b70bb72a5b09a1445798e47a370df09eb17851fb48f129b0b,ROUND ROBIN 4,2026,28,14,BONUS,SHORT_ANSWER,PHYSICS,Baby Saja flies by the earth on a spaceship at a speed of $\frac{3}{5}$ times the speed of light relative to the Earth. What is the ratio of the width of Earth he measures from the spaceship to the width of Earth measured by an observer stationary relative to Earth?,Baby Saja flies by the earth on a spaceship at a speed of times the speed of light relative to the Earth. What is the ratio of the width of Earth he measures from the spaceship to the width of Earth measured by an observer stationary relative to Earth?,49,"""$\\frac{4}{5}$ (ACCEPT: 0.8, 4:5)""",[],SSB_2026
153999f72eb5484b70bb72a5b09a1445798e47a370df09eb17851fb48f129b0b,ROUND ROBIN 4,2026,29,15,TOSSUP,SHORT_ANSWER,CHEMISTRY,What component of an electrochemical cell typically allows for ion migration between the half-cells to maintain electrical neutrality and complete the circuit?,What component of an electrochemical cell typically allows for ion migration between the half-cells to maintain electrical neutrality and complete the circuit?,22,"""Salt bridge""",[],SSB_2026
153999f72eb5484b70bb72a5b09a1445798e47a370df09eb17851fb48f129b0b,ROUND ROBIN 4,2026,30,15,BONUS,SHORT_ANSWER,CHEMISTRY,Identify all of the following three compounds that are interstitial \textbf{[in-tur-STICH-ul]} alloys: 1) Steel; 2) Brass; 3) Bronze.,Identify all of the following three compounds that are interstitial alloys: 1) Steel; 2) Brass; 3) Bronze.,17,"""1 only""",[],SSB_2026
153999f72eb5484b70bb72a5b09a1445798e47a370df09eb17851fb48f129b0b,ROUND ROBIN 4,2026,31,16,TOSSUP,MULTIPLE_CHOICE,BIOLOGY,Aditya observes a cell in which the rate of exocytosis is much greater than the rate of endocytosis. Which of the following organelles in this cell would experience the smallest reduction in the size of its membrane?,Aditya observes a cell in which the rate of exocytosis is much greater than the rate of endocytosis. Which of the following organelles in this cell would experience the smallest reduction in the size of its membrane?,37,"""W""","[""Mitochondria"", ""Endoplasmic reticulum"", ""Golgi apparatus"", ""Endosome""]",SSB_2026
153999f72eb5484b70bb72a5b09a1445798e47a370df09eb17851fb48f129b0b,ROUND ROBIN 4,2026,32,16,BONUS,SHORT_ANSWER,BIOLOGY,Identify all of the following three features that are shared between all chordates \textbf{[KOR-dates]}: 1) Presence of a vertebrae; 2) Development of the blastopore into the anus; 3) Bilateral body symmetry.,Identify all of the following three features that are shared between all chordates : 1) Presence of a vertebrae; 2) Development of the blastopore into the anus; 3) Bilateral body symmetry.,31,"""2 and 3""",[],SSB_2026
153999f72eb5484b70bb72a5b09a1445798e47a370df09eb17851fb48f129b0b,ROUND ROBIN 4,2026,33,17,TOSSUP,MULTIPLE_CHOICE,ENERGY,Scientists at the Johns Hopkins Fridman Lab are studying how electric fields in neurons affect cytoskeletal structure. Which of the following statements about electric fields is NOT true?,Scientists at the Johns Hopkins Fridman Lab are studying how electric fields in neurons affect cytoskeletal structure. Which of the following statements about electric fields is NOT true?,28,"""Z""","[""Electric field lines point in the direction of decreasing electric potential"", ""Electric field lines cannot cross each other"", ""No work is done when a charge moves along an equipotential surface"", ""Equipotential surfaces are parallel to electric field lines""]",SSB_2026
153999f72eb5484b70bb72a5b09a1445798e47a370df09eb17851fb48f129b0b,ROUND ROBIN 4,2026,34,17,BONUS,SHORT_ANSWER,ENERGY,Scientists at the Johns Hopkins Rabb Lab study the pathogenesis of kidney injury. Identify all of the following three functions that are primarily done by the kidney: 1) Regulation of water and electrolyte balance; 2) Filtration of blood to remove metabolic waste products; 3) Metabolism of drugs and toxins through enzymatic breakdown.,Scientists at the Johns Hopkins Rabb Lab study the pathogenesis of kidney injury. Identify all of the following three functions that are primarily done by the kidney: 1) Regulation of water and electrolyte balance; 2) Filtration of blood to remove metabolic waste products; 3) Metabolism of drugs and toxins through enzymatic breakdown.,52,"""1 and 2""",[],SSB_2026
153999f72eb5484b70bb72a5b09a1445798e47a370df09eb17851fb48f129b0b,ROUND ROBIN 4,2026,35,18,TOSSUP,MULTIPLE_CHOICE,EARTH_SPACE,The galactic merger of the Milky Way and Andromeda galaxies will likely result in a short burst of star formation before evolving into what type of galaxy?,The galactic merger of the Milky Way and Andromeda galaxies will likely result in a short burst of star formation before evolving into what type of galaxy?,27,"""Y""","[""Spiral"", ""Tidal"", ""Elliptical"", ""Irregular""]",SSB_2026
153999f72eb5484b70bb72a5b09a1445798e47a370df09eb17851fb48f129b0b,ROUND ROBIN 4,2026,36,18,BONUS,MULTIPLE_CHOICE,EARTH_SPACE,Freshly cleaved surfaces of many metallic or sulfide minerals appear brighter than older exposed surfaces. Which of the following best explains this observation?,Freshly cleaved surfaces of many metallic or sulfide minerals appear brighter than older exposed surfaces. Which of the following best explains this observation?,23,"""Y""","[""Slip planes exibit higher reflectivity"", ""Cleaving aligns crystal lattices"", ""Weathering produces an oxide coating on exposed surfaces"", ""Internal cleavage planes scatter less light""]",SSB_2026
153999f72eb5484b70bb72a5b09a1445798e47a370df09eb17851fb48f129b0b,ROUND ROBIN 4,2026,37,19,TOSSUP,MULTIPLE_CHOICE,PHYSICS,A thin spherical shell of radius $a$ contains a charge q. The electric field at a distance r outside the shell is proportional to which of the following expressions?,A thin spherical shell of radius contains a charge q. The electric field at a distance r outside the shell is proportional to which of the following expressions?,28,"""X""","[""$\\frac{1}{r^3}$ \\textbf{[One over r cubed]}"", ""$\\frac{1}{r^2}$ \\textbf{[One over r squared]}"", ""$\\frac{1}{r}$ \\textbf{[One over r]}"", ""r""]",SSB_2026
153999f72eb5484b70bb72a5b09a1445798e47a370df09eb17851fb48f129b0b,ROUND ROBIN 4,2026,38,19,BONUS,SHORT_ANSWER,PHYSICS,Dallin intends to determine the focal length of a mirror he owns. He places an object 6 centimeters in front of the mirror and finds that the image forms at the same location as the object. What is the focal length of his mirror in centimeters?,Dallin intends to determine the focal length of a mirror he owns. He places an object 6 centimeters in front of the mirror and finds that the image forms at the same location as the object. What is the focal length of his mirror in centimeters?,46,"""3""",[],SSB_2026
153999f72eb5484b70bb72a5b09a1445798e47a370df09eb17851fb48f129b0b,ROUND ROBIN 4,2026,39,20,TOSSUP,MULTIPLE_CHOICE,CHEMISTRY,Which of the following ionic compounds possesses the highest lattice energy?,Which of the following ionic compounds possesses the highest lattice energy?,11,"""Y""","[""NaCl"", ""KBr"", ""MgO"", ""CaO""]",SSB_2026
153999f72eb5484b70bb72a5b09a1445798e47a370df09eb17851fb48f129b0b,ROUND ROBIN 4,2026,40,20,BONUS,SHORT_ANSWER,CHEMISTRY,"When aqueous sodium chloride reacts with aqueous silver nitrate to form solid silver chloride and aqueous sodium nitrate, identify all of the following three ions that are spectator ions: 1) Cl$^-$; 2) Na$^+$; 3) NO$_3^-$.","When aqueous sodium chloride reacts with aqueous silver nitrate to form solid silver chloride and aqueous sodium nitrate, identify all of the following three ions that are spectator ions: 1) Cl; 2) Na; 3) NO.",35,"""2 and 3""",[],SSB_2026
153999f72eb5484b70bb72a5b09a1445798e47a370df09eb17851fb48f129b0b,ROUND ROBIN 4,2026,41,21,TOSSUP,SHORT_ANSWER,MATH,"In a room of 25 people, 20 people like cats and 12 people like dogs. Given that nobody in the room doesn’t like cats or dogs, how many people like both cats and dogs?","In a room of 25 people, 20 people like cats and 12 people like dogs. Given that nobody in the room doesn’t like cats or dogs, how many people like both cats and dogs?",34,"""7""",[],SSB_2026
153999f72eb5484b70bb72a5b09a1445798e47a370df09eb17851fb48f129b0b,ROUND ROBIN 4,2026,42,21,BONUS,SHORT_ANSWER,MATH,Three unit semicircles are constructed with diameters that are the three sides of an equilateral triangle with side length 2. What is the total area of this shape?,Three unit semicircles are constructed with diameters that are the three sides of an equilateral triangle with side length 2. What is the total area of this shape?,28,"""$\\frac{3}{2} \\pi + \\sqrt{3}$""",[],SSB_2026
153999f72eb5484b70bb72a5b09a1445798e47a370df09eb17851fb48f129b0b,ROUND ROBIN 4,2026,43,22,TOSSUP,SHORT_ANSWER,BIOLOGY,A major food source for benthic species is the dead organic matter that sinks down from the productive surface waters of the photic zone. What is the name of this material?,A major food source for benthic species is the dead organic matter that sinks down from the productive surface waters of the photic zone. What is the name of this material?,31,"""Detritus (ACCEPT: Marine snow)""",[],SSB_2026
153999f72eb5484b70bb72a5b09a1445798e47a370df09eb17851fb48f129b0b,ROUND ROBIN 4,2026,44,22,BONUS,MULTIPLE_CHOICE,BIOLOGY,The receptor to which of the following hormones would act as a transcription factor?,The receptor to which of the following hormones would act as a transcription factor?,14,"""W""","[""Testosterone"", ""Oxytocin \\textbf{[ox-ee-TOH-sin]}"", ""Growth hormone"", ""Prolactin""]",SSB_2026
153999f72eb5484b70bb72a5b09a1445798e47a370df09eb17851fb48f129b0b,ROUND ROBIN 4,2026,45,23,TOSSUP,SHORT_ANSWER,EARTH_SPACE,"Due to ocean acidification, calcium carbonate dissolves more readily in deep water. The upward shift of what oceanic boundary reflects the shallower limit of carbonate sediment accumulation?","Due to ocean acidification, calcium carbonate dissolves more readily in deep water. The upward shift of what oceanic boundary reflects the shallower limit of carbonate sediment accumulation?",27,"""Carbonate compesnation depth (ACCEPT: Lysocline)""",[],SSB_2026
153999f72eb5484b70bb72a5b09a1445798e47a370df09eb17851fb48f129b0b,ROUND ROBIN 4,2026,46,23,BONUS,SHORT_ANSWER,EARTH_SPACE,"The First and Second Great Oxygenation Events, driven by the rise of oxygen-producing microorganisms, occurred during what geologic eon?","The First and Second Great Oxygenation Events, driven by the rise of oxygen-producing microorganisms, occurred during what geologic eon?",19,"""Proterozoic""",[],SSB_2026
ed3685b4ccc2f0b03f0852a8ecf54fa326cf49a870340735c3b0f944d444a912,ROUND ROBIN 5,2026,1,1,TOSSUP,MULTIPLE_CHOICE,BIOLOGY,"Once threshold is reached in the axon hillock, which of the following ion channels would open to generate an action potential?","Once threshold is reached in the axon hillock, which of the following ion channels would open to generate an action potential?",21,"""Y""","[""Ligand-gated sodium channels"", ""Ligand-gated potassium channels"", ""Voltage-gated sodium channels"", ""Voltage-gated potassium channels""]",SSB_2026
ed3685b4ccc2f0b03f0852a8ecf54fa326cf49a870340735c3b0f944d444a912,ROUND ROBIN 5,2026,2,1,BONUS,MULTIPLE_CHOICE,BIOLOGY,Which of the following processes is least likely to directly produce a gene duplication on a chromosome?,Which of the following processes is least likely to directly produce a gene duplication on a chromosome?,17,"""W""","[""Chromosomal segment inversion"", ""Movement of transposable elements"", ""Uneven crossing over"", ""DNA polymerase slippage during replication""]",SSB_2026
ed3685b4ccc2f0b03f0852a8ecf54fa326cf49a870340735c3b0f944d444a912,ROUND ROBIN 5,2026,3,2,TOSSUP,MULTIPLE_CHOICE,PHYSICS,Which of the following processes result in the emission of a positron?,Which of the following processes result in the emission of a positron?,12,"""X""","[""Alpha decay"", ""Beta plus decay"", ""Beta minus decay"", ""Gamma decay""]",SSB_2026
ed3685b4ccc2f0b03f0852a8ecf54fa326cf49a870340735c3b0f944d444a912,ROUND ROBIN 5,2026,4,2,BONUS,MULTIPLE_CHOICE,PHYSICS,"Which of the following is closest to the critical angle, in degrees, of a ray of light traveling into air from a material with index of refraction 3.0?","Which of the following is closest to the critical angle, in degrees, of a ray of light traveling into air from a material with index of refraction 3.0?",28,"""X""","[""10"", ""20"", ""30"", ""40""]",SSB_2026
ed3685b4ccc2f0b03f0852a8ecf54fa326cf49a870340735c3b0f944d444a912,ROUND ROBIN 5,2026,5,3,TOSSUP,SHORT_ANSWER,MATH,What platonic solid has the largest interior angles on its faces?,What platonic solid has the largest interior angles on its faces?,11,"""Dodecahedron""",[],SSB_2026
ed3685b4ccc2f0b03f0852a8ecf54fa326cf49a870340735c3b0f944d444a912,ROUND ROBIN 5,2026,6,3,BONUS,SHORT_ANSWER,MATH,"Richard has an ice cream cone with a height that is twice its radius. He fills the cone completely with ice cream, and also adds a hemisphere above the cone with radius equal to that of the cone.  What fraction of the total ice cream is contained within the cone?","Richard has an ice cream cone with a height that is twice its radius. He fills the cone completely with ice cream, and also adds a hemisphere above the cone with radius equal to that of the cone. What fraction of the total ice cream is contained within the cone?",50,"""$\\frac{1}{2}$""",[],SSB_2026
ed3685b4ccc2f0b03f0852a8ecf54fa326cf49a870340735c3b0f944d444a912,ROUND ROBIN 5,2026,7,4,TOSSUP,MULTIPLE_CHOICE,ENERGY,Researchers in the Johns Hopkins University Clancy Lab are studying the crystal structures of p-type organic semiconductors. Which of the following elements acts as a p-type dopant when introduced into silicon?,Researchers in the Johns Hopkins University Clancy Lab are studying the crystal structures of p-type organic semiconductors. Which of the following elements acts as a p-type dopant when introduced into silicon?,31,"""Z""","[""Phosphorus"", ""Arsenic"", ""Antimony"", ""Boron""]",SSB_2026
ed3685b4ccc2f0b03f0852a8ecf54fa326cf49a870340735c3b0f944d444a912,ROUND ROBIN 5,2026,8,4,BONUS,SHORT_ANSWER,ENERGY,Project managers at Stanford are restoring the Old Union courtyard’s tiling pattern. Identify all of the following three shapes that can tessellate the plane without gaps or overlaps: 1) Regular pentagons; 2) Equilateral triangles; 3) Trapezoids.,Project managers at Stanford are restoring the Old Union courtyard’s tiling pattern. Identify all of the following three shapes that can tessellate the plane without gaps or overlaps: 1) Regular pentagons; 2) Equilateral triangles; 3) Trapezoids.,36,"""2 and 3""",[],SSB_2026
ed3685b4ccc2f0b03f0852a8ecf54fa326cf49a870340735c3b0f944d444a912,ROUND ROBIN 5,2026,9,5,TOSSUP,SHORT_ANSWER,EARTH_SPACE,Order the following three minerals in order of increasing complexity of their silica structure: 1) Quartz; 2) Muscovite; 3) Olivine.,Order the following three minerals in order of increasing complexity of their silica structure: 1) Quartz; 2) Muscovite; 3) Olivine.,20,"""3, 2, 1""",[],SSB_2026
ed3685b4ccc2f0b03f0852a8ecf54fa326cf49a870340735c3b0f944d444a912,ROUND ROBIN 5,2026,10,5,BONUS,MULTIPLE_CHOICE,EARTH_SPACE,Which of the following best describes the expected trend in overall weathering rate over time for a mechanical weathering process on a bulk rock?,Which of the following best describes the expected trend in overall weathering rate over time for a mechanical weathering process on a bulk rock?,24,"""Y""","[""Linearly increasing"", ""Linearly decreasing"", ""Exponentially increasing"", ""Constant rate""]",SSB_2026
ed3685b4ccc2f0b03f0852a8ecf54fa326cf49a870340735c3b0f944d444a912,ROUND ROBIN 5,2026,11,6,TOSSUP,SHORT_ANSWER,CHEMISTRY,"Although methanol can be made by partially oxidizing methane, this is not widely used industrially because methane readily undergoes complete oxidation into what carbon compound?","Although methanol can be made by partially oxidizing methane, this is not widely used industrially because methane readily undergoes complete oxidation into what carbon compound?",25,"""Carbon dioxide (ACCEPT: CO2)""",[],SSB_2026
ed3685b4ccc2f0b03f0852a8ecf54fa326cf49a870340735c3b0f944d444a912,ROUND ROBIN 5,2026,12,6,BONUS,SHORT_ANSWER,CHEMISTRY,"Identify all of the following three statements that are true about the Daniell cell, an electrochemical cell with a zinc anode and copper cathode: 1) Zinc ions are oxidised at the anode; 2) Copper ions travel from the cathode to the anode; 3) Electrons flow from the anode to the cathode.","Identify all of the following three statements that are true about the Daniell cell, an electrochemical cell with a zinc anode and copper cathode: 1) Zinc ions are oxidised at the anode; 2) Copper ions travel from the cathode to the anode; 3) Electrons flow from the anode to the cathode.",51,"""1, 3""",[],SSB_2026
ed3685b4ccc2f0b03f0852a8ecf54fa326cf49a870340735c3b0f944d444a912,ROUND ROBIN 5,2026,13,7,TOSSUP,SHORT_ANSWER,BIOLOGY,"When a few individuals become isolated from a larger population, the smaller group may establish a new population whose gene pool differs from the source population. What term best describes this phenomenon?","When a few individuals become isolated from a larger population, the smaller group may establish a new population whose gene pool differs from the source population. What term best describes this phenomenon?",32,"""Founder effect""",[],SSB_2026
ed3685b4ccc2f0b03f0852a8ecf54fa326cf49a870340735c3b0f944d444a912,ROUND ROBIN 5,2026,14,7,BONUS,SHORT_ANSWER,BIOLOGY,Order the following three biomes from least to most likely to contain food chains that include quaternary consumers: 1) Northern coniferous forest; 2) Tropical rainforest; 3) Temperate broadleaf forest.,Order the following three biomes from least to most likely to contain food chains that include quaternary consumers: 1) Northern coniferous forest; 2) Tropical rainforest; 3) Temperate broadleaf forest.,29,"""1, 3, 2""",[],SSB_2026
ed3685b4ccc2f0b03f0852a8ecf54fa326cf49a870340735c3b0f944d444a912,ROUND ROBIN 5,2026,15,8,TOSSUP,SHORT_ANSWER,PHYSICS,The magnetic field within an ideal solenoid is proportional to distance from its central axis raised to what power?,The magnetic field within an ideal solenoid is proportional to distance from its central axis raised to what power?,19,"""0""",[],SSB_2026
ed3685b4ccc2f0b03f0852a8ecf54fa326cf49a870340735c3b0f944d444a912,ROUND ROBIN 5,2026,16,8,BONUS,SHORT_ANSWER,PHYSICS,"A ladder with a weight of 50 newtons rests on a floor with friction and leans at a 45 degree angle against a frictionless wall. In newtons, how much force does the wall apply to the ladder to keep it stationary?","A ladder with a weight of 50 newtons rests on a floor with friction and leans at a 45 degree angle against a frictionless wall. In newtons, how much force does the wall apply to the ladder to keep it stationary?",41,"""25""",[],SSB_2026
ed3685b4ccc2f0b03f0852a8ecf54fa326cf49a870340735c3b0f944d444a912,ROUND ROBIN 5,2026,17,9,TOSSUP,MULTIPLE_CHOICE,MATH,"Let f(x) be a continuous function on the closed interval from 0 to 1. If $\int_0^1f(x) dx = 5$ \textbf{[the integral from 0 to 1 of f of x dx equals 5]}, then which of the following is equal to $\int_0^1 f(x + 2) dx$ \textbf{[the integral from 0 to 1 of f of the quantity x plus 2 dx]}?","Let f(x) be a continuous function on the closed interval from 0 to 1. If , then which of the following is equal to ?",25,"""Z""","[""3"", ""5"", ""7"", ""Impossible to determine""]",SSB_2026
ed3685b4ccc2f0b03f0852a8ecf54fa326cf49a870340735c3b0f944d444a912,ROUND ROBIN 5,2026,18,9,BONUS,SHORT_ANSWER,MATH,Identify all of the following three transformations that are always linear: 1) Translation; 2) Shear; 3) Dilation.,Identify all of the following three transformations that are always linear: 1) Translation; 2) Shear; 3) Dilation.,17,"""2 and 3""",[],SSB_2026
ed3685b4ccc2f0b03f0852a8ecf54fa326cf49a870340735c3b0f944d444a912,ROUND ROBIN 5,2026,19,10,TOSSUP,SHORT_ANSWER,ENERGY,Scientists at UCLA’s Wang Lab are studying superconductors. What effect puts a material into a superconducting state by expelling all magnetic fields?,Scientists at UCLA’s Wang Lab are studying superconductors. What effect puts a material into a superconducting state by expelling all magnetic fields?,22,"""Meissner Effect""",[],SSB_2026
ed3685b4ccc2f0b03f0852a8ecf54fa326cf49a870340735c3b0f944d444a912,ROUND ROBIN 5,2026,20,10,BONUS,SHORT_ANSWER,ENERGY,"Researchers at UCLA are classifying the extinct genus Prototaxites \textbf{[proh-toh-TAX-uh-tees]}, a heterotroph with cell walls lacking chitin. Identify all of the following three conclusions that are reasonable: 1) It cannot be an animal, since all animals lack cell walls; 2) It has be a fungus, since all fungi have chitinous cell walls; 3) It cannot be a plant, since all plants are autotrophic.","Researchers at UCLA are classifying the extinct genus Prototaxites , a heterotroph with cell walls lacking chitin. Identify all of the following three conclusions that are reasonable: 1) It cannot be an animal, since all animals lack cell walls; 2) It has be a fungus, since all fungi have chitinous cell walls; 3) It cannot be a plant, since all plants are autotrophic.",63,"""1 and 2""",[],SSB_2026
ed3685b4ccc2f0b03f0852a8ecf54fa326cf49a870340735c3b0f944d444a912,ROUND ROBIN 5,2026,21,11,TOSSUP,SHORT_ANSWER,EARTH_SPACE,Aurora typically occur within which electromagnetic layer of the atmosphere which consists of free electrons and can reflect radio waves?,Aurora typically occur within which electromagnetic layer of the atmosphere which consists of free electrons and can reflect radio waves?,20,"""Ionosphere [ASr]""",[],SSB_2026
ed3685b4ccc2f0b03f0852a8ecf54fa326cf49a870340735c3b0f944d444a912,ROUND ROBIN 5,2026,22,11,BONUS,MULTIPLE_CHOICE,EARTH_SPACE,"Despite the lunar near side and far side having experienced similar rates of large meteor impacts, extensive basaltic floods are observed almost exclusively on the near side. Which of the following could explain this asymmetry?","Despite the lunar near side and far side having experienced similar rates of large meteor impacts, extensive basaltic floods are observed almost exclusively on the near side. Which of the following could explain this asymmetry?",35,"""X""","[""The near side contains a higher abundance of impact-generated melt"", ""The far side has thicker crust, suppressing magma ascent to the surface"", ""The near side has experienced more recent tidal heating"", ""The far side cooled more rapidly following lunar formation""]",SSB_2026
ed3685b4ccc2f0b03f0852a8ecf54fa326cf49a870340735c3b0f944d444a912,ROUND ROBIN 5,2026,23,12,TOSSUP,MULTIPLE_CHOICE,CHEMISTRY,"As a balloon rises to higher altitude, which of the following best explains why the gas behaves more ideally under these conditions?","As a balloon rises to higher altitude, which of the following best explains why the gas behaves more ideally under these conditions?",22,"""X""","[""The average kinetic energy of the particles decreases"", ""Gas particles experience weaker intermolecular forces"", ""Collisions between particles become inelastic"", ""Gas particles occupy a larger fraction of the container volume""]",SSB_2026
ed3685b4ccc2f0b03f0852a8ecf54fa326cf49a870340735c3b0f944d444a912,ROUND ROBIN 5,2026,24,12,BONUS,SHORT_ANSWER,CHEMISTRY,Advai needs 1.1 grams of potassium chloride to prepare 100 milliliters of a 0.15 molar solution. How many grams of potassium chloride does he need to prepare 250 milliliters of a 0.3 molar solution?,Advai needs 1.1 grams of potassium chloride to prepare 100 milliliters of a 0.15 molar solution. How many grams of potassium chloride does he need to prepare 250 milliliters of a 0.3 molar solution?,34,"""5.5""",[],SSB_2026
ed3685b4ccc2f0b03f0852a8ecf54fa326cf49a870340735c3b0f944d444a912,ROUND ROBIN 5,2026,25,13,TOSSUP,SHORT_ANSWER,MATH,"In the Cartesian plane, a parabola opening upwards contains points in n quadrants. How many possible values of n are there?","In the Cartesian plane, a parabola opening upwards contains points in n quadrants. How many possible values of n are there?",21,"""3""",[],SSB_2026
ed3685b4ccc2f0b03f0852a8ecf54fa326cf49a870340735c3b0f944d444a912,ROUND ROBIN 5,2026,26,13,BONUS,SHORT_ANSWER,MATH,"Stelle has a square table of side length 5, and she places a circular plate of diameter 3 onto the table uniformly and randomly. What is the probability that the entirety of the plate lies on the table?","Stelle has a square table of side length 5, and she places a circular plate of diameter 3 onto the table uniformly and randomly. What is the probability that the entirety of the plate lies on the table?",38,"""4/25""",[],SSB_2026
ed3685b4ccc2f0b03f0852a8ecf54fa326cf49a870340735c3b0f944d444a912,ROUND ROBIN 5,2026,27,14,TOSSUP,SHORT_ANSWER,BIOLOGY,What simplified model of flower development explains how combinatory effects from three classes of genes determine the identities of floral organs in concentric whorls?,What simplified model of flower development explains how combinatory effects from three classes of genes determine the identities of floral organs in concentric whorls?,24,"""ABC hypothesis (ACCEPT: ABC model)""",[],SSB_2026
ed3685b4ccc2f0b03f0852a8ecf54fa326cf49a870340735c3b0f944d444a912,ROUND ROBIN 5,2026,28,14,BONUS,MULTIPLE_CHOICE,BIOLOGY,"During oxidative phosphorylation \textbf{[fos-for-uh-LAY-shin]}, molecular oxygen is reduced to form water. Which of the following best describes this process?","During oxidative phosphorylation , molecular oxygen is reduced to form water. Which of the following best describes this process?",19,"""Y""","[""Oxygen is reduced by Complex III in the mitochondrial matrix"", ""Oxygen is reduced by Complex III in the intermembrane space"", ""Oxygen is reduced by Complex IV in the mitochondrial matrix"", ""Oxygen is reduced by Complex IV in the intermembrane space""]",SSB_2026
ed3685b4ccc2f0b03f0852a8ecf54fa326cf49a870340735c3b0f944d444a912,ROUND ROBIN 5,2026,29,15,TOSSUP,MULTIPLE_CHOICE,CHEMISTRY,"As a fraction, what is the average bond order of the carbon-oxygen bond in the carbonate ion?","As a fraction, what is the average bond order of the carbon-oxygen bond in the carbonate ion?",17,"""Y""","[""1/3"", ""1/2"", ""4/3"", ""3/2""]",SSB_2026
ed3685b4ccc2f0b03f0852a8ecf54fa326cf49a870340735c3b0f944d444a912,ROUND ROBIN 5,2026,30,15,BONUS,MULTIPLE_CHOICE,CHEMISTRY,A system undergoes a reversible process which does zero work and its internal energy increases. Which of the following types of processes could this be?,A system undergoes a reversible process which does zero work and its internal energy increases. Which of the following types of processes could this be?,25,"""W""","[""Isochoric \\textbf{[eye-soh-KOR-ik]} heating"", ""Isobaric heating"", ""Adiabatic \\textbf{[ay-dee-uh-BAT-ik]} compression"", ""Isothermal compression""]",SSB_2026
ed3685b4ccc2f0b03f0852a8ecf54fa326cf49a870340735c3b0f944d444a912,ROUND ROBIN 5,2026,31,16,TOSSUP,SHORT_ANSWER,EARTH_SPACE,"What graph plots stars according to their luminosity versus surface temperature and reveals regions such as the main sequence, red giants, and white dwarfs?","What graph plots stars according to their luminosity versus surface temperature and reveals regions such as the main sequence, red giants, and white dwarfs?",24,"""Hertzsprung\u2013Russell diagram""",[],SSB_2026
ed3685b4ccc2f0b03f0852a8ecf54fa326cf49a870340735c3b0f944d444a912,ROUND ROBIN 5,2026,32,16,BONUS,SHORT_ANSWER,EARTH_SPACE,Order the following three stages of atoll \textbf{[uh-TOLL]} formation in chronological order: 1) Formation of fringing reef; 2) Volcanic island forms; 3) Formation of lagoon.,Order the following three stages of atoll formation in chronological order: 1) Formation of fringing reef; 2) Volcanic island forms; 3) Formation of lagoon.,24,"""2, 1, 3""",[],SSB_2026
ed3685b4ccc2f0b03f0852a8ecf54fa326cf49a870340735c3b0f944d444a912,ROUND ROBIN 5,2026,33,17,TOSSUP,SHORT_ANSWER,ENERGY,Researchers at SLAC are analyzing data from the South Pole Observatory to search for evidence in the cosmic microwave background of what epoch \textbf{[EH-pock]} in cosmological history thought to be responsible for the large-scale uniformity of the universe?,Researchers at SLAC are analyzing data from the South Pole Observatory to search for evidence in the cosmic microwave background of what epoch in cosmological history thought to be responsible for the large-scale uniformity of the universe?,37,"""Inflation""",[],SSB_2026
ed3685b4ccc2f0b03f0852a8ecf54fa326cf49a870340735c3b0f944d444a912,ROUND ROBIN 5,2026,34,17,BONUS,SHORT_ANSWER,ENERGY,Scientists at the Johns Hopkins Lectka Lab are studying how metal ion chelation can control chemical reactivity. Identify all of the following molecules whose central metal ion is a transition metal: 1) Chlorophyll; 2) Heme; 3) Vitamin B12.,Scientists at the Johns Hopkins Lectka Lab are studying how metal ion chelation can control chemical reactivity. Identify all of the following molecules whose central metal ion is a transition metal: 1) Chlorophyll; 2) Heme; 3) Vitamin B12.,38,"""2 and 3""",[],SSB_2026
ed3685b4ccc2f0b03f0852a8ecf54fa326cf49a870340735c3b0f944d444a912,ROUND ROBIN 5,2026,35,18,TOSSUP,SHORT_ANSWER,PHYSICS,A car accelerates at a constant rate for 10 seconds. What is the ratio of the impulse applied over the first 5 seconds to the impulse applied over the last 5 seconds?,A car accelerates at a constant rate for 10 seconds. What is the ratio of the impulse applied over the first 5 seconds to the impulse applied over the last 5 seconds?,32,"""1""",[],SSB_2026
ed3685b4ccc2f0b03f0852a8ecf54fa326cf49a870340735c3b0f944d444a912,ROUND ROBIN 5,2026,36,18,BONUS,SHORT_ANSWER,PHYSICS,A new Formula 1 car’s battery applies a constant force along the rim of each wheel. Identify all of the following three statements that are true of the wheel: 1) The torque acting on it is constant; 2) Its angular acceleration is constant; 3) Its kinetic energy increases at a constant rate.,A new Formula 1 car’s battery applies a constant force along the rim of each wheel. Identify all of the following three statements that are true of the wheel: 1) The torque acting on it is constant; 2) Its angular acceleration is constant; 3) Its kinetic energy increases at a constant rate.,52,"""1 and 2""",[],SSB_2026
ed3685b4ccc2f0b03f0852a8ecf54fa326cf49a870340735c3b0f944d444a912,ROUND ROBIN 5,2026,37,19,TOSSUP,SHORT_ANSWER,EARTH_SPACE,Mature anvil clouds exhibit flat tops due to rising air currents hitting what atmospheric boundary?,Mature anvil clouds exhibit flat tops due to rising air currents hitting what atmospheric boundary?,15,"""Tropopause""",[],SSB_2026
ed3685b4ccc2f0b03f0852a8ecf54fa326cf49a870340735c3b0f944d444a912,ROUND ROBIN 5,2026,38,19,BONUS,SHORT_ANSWER,EARTH_SPACE,Identify all of the following three features that can be found in most flood basalt deposits: 1) Folded strata; 2) Pillow lavas; 3) Columnar jointing.,Identify all of the following three features that can be found in most flood basalt deposits: 1) Folded strata; 2) Pillow lavas; 3) Columnar jointing.,25,"""3 only""",[],SSB_2026
ed3685b4ccc2f0b03f0852a8ecf54fa326cf49a870340735c3b0f944d444a912,ROUND ROBIN 5,2026,39,20,TOSSUP,SHORT_ANSWER,BIOLOGY,Order the following three stages of PCR by increasing temperature at which they are typically perfomed: 1) Denaturation; 2) Annealing \textbf{[uh-NEEL-ing]}; 3) Extension.,Order the following three stages of PCR by increasing temperature at which they are typically perfomed: 1) Denaturation; 2) Annealing ; 3) Extension.,23,"""2, 3, 1""",[],SSB_2026
ed3685b4ccc2f0b03f0852a8ecf54fa326cf49a870340735c3b0f944d444a912,ROUND ROBIN 5,2026,40,20,BONUS,MULTIPLE_CHOICE,BIOLOGY,CRISPR \textbf{[CRIS-pur]} therapies for sickle cell anemia modifies stem cells from which of the following locations in the body?,CRISPR therapies for sickle cell anemia modifies stem cells from which of the following locations in the body?,18,"""X""","[""Thymus"", ""Bone marrow"", ""Liver"", ""Heart""]",SSB_2026
ed3685b4ccc2f0b03f0852a8ecf54fa326cf49a870340735c3b0f944d444a912,ROUND ROBIN 5,2026,41,21,TOSSUP,SHORT_ANSWER,PHYSICS,A quantum bit or qubit within a quantum computer encodes more information than a classical bit by virtue of having what quantum mechanical property that allows it to have probabilities to exist in multiple states at the same time before measurement?,A quantum bit or qubit within a quantum computer encodes more information than a classical bit by virtue of having what quantum mechanical property that allows it to have probabilities to exist in multiple states at the same time before measurement?,41,"""Superposition (ACCEPT: Any answer containing superposition)""",[],SSB_2026
ed3685b4ccc2f0b03f0852a8ecf54fa326cf49a870340735c3b0f944d444a912,ROUND ROBIN 5,2026,42,21,BONUS,SHORT_ANSWER,PHYSICS,"Three capacitors of capacitance 4, 6, and 9 microfarads \textbf{[my-kroh-FAIR-ids]} are placed in series. In microfarads, what is the effective capacitance of the three capacitors together?","Three capacitors of capacitance 4, 6, and 9 microfarads are placed in series. In microfarads, what is the effective capacitance of the three capacitors together?",25,"""36/19""",[],SSB_2026
ed3685b4ccc2f0b03f0852a8ecf54fa326cf49a870340735c3b0f944d444a912,ROUND ROBIN 5,2026,43,22,TOSSUP,SHORT_ANSWER,MATH,"Jensen wakes up and opens up Instagram Reels. He keeps scrolling until he sees an edit of LeBron James. Assuming each reel has an equal chance of being a LeBron edit, what statistical distribution will the number of scrolls follow?","Jensen wakes up and opens up Instagram Reels. He keeps scrolling until he sees an edit of LeBron James. Assuming each reel has an equal chance of being a LeBron edit, what statistical distribution will the number of scrolls follow?",40,"""Geometric""",[],SSB_2026
ed3685b4ccc2f0b03f0852a8ecf54fa326cf49a870340735c3b0f944d444a912,ROUND ROBIN 5,2026,44,22,BONUS,SHORT_ANSWER,MATH,How many positive integers from 1 to 100 are divisible by either 3 or 7?,How many positive integers from 1 to 100 are divisible by either 3 or 7?,15,"""43""",[],SSB_2026
ed3685b4ccc2f0b03f0852a8ecf54fa326cf49a870340735c3b0f944d444a912,ROUND ROBIN 5,2026,45,23,TOSSUP,MULTIPLE_CHOICE,CHEMISTRY,"For a second-order reaction, which of the following represents the units of the rate constant k?","For a second-order reaction, which of the following represents the units of the rate constant k?",16,"""Y""","[""One over seconds"", ""Moles per liter per second"", ""Liters per mole per second"", ""Liters squared per mole squared per second""]",SSB_2026
ed3685b4ccc2f0b03f0852a8ecf54fa326cf49a870340735c3b0f944d444a912,ROUND ROBIN 5,2026,46,23,BONUS,SHORT_ANSWER,CHEMISTRY,Identify all of the following 3 compounds whose central atom obeys the octet rule: 1) Boron trihydride; 2) Phosphorus pentachloride; 3) Carbon tetrachloride.,Identify all of the following 3 compounds whose central atom obeys the octet rule: 1) Boron trihydride; 2) Phosphorus pentachloride; 3) Carbon tetrachloride.,23,"""3 only""",[],SSB_2026
