game_id,tournament_slug,stage,round_number,packet_checksum,question_id,attempt_index,team_id,player_id,result,is_end,location_kind,word_index,option_index,token
20260222T202510Z_sy25jed,stanford-college-plus-science-bowl,double_elim,1,fc08179ada02bafdb20aebca0f506fcf18f7e5c20ee6ff24a49c60f650a82a1a,1,0,team__where_is_the_goal_keeper,player__daniel_lu,incorrect,1,end,,,END
20260222T202510Z_sy25jed,stanford-college-plus-science-bowl,double_elim,1,fc08179ada02bafdb20aebca0f506fcf18f7e5c20ee6ff24a49c60f650a82a1a,3,0,team__where_is_the_goal_keeper,player__saahil_dugar,correct,0,question,40,,physical
20260222T202510Z_sy25jed,stanford-college-plus-science-bowl,double_elim,1,fc08179ada02bafdb20aebca0f506fcf18f7e5c20ee6ff24a49c60f650a82a1a,4,0,team__where_is_the_goal_keeper,,correct,1,end,,,BONUS
20260222T202510Z_sy25jed,stanford-college-plus-science-bowl,double_elim,1,fc08179ada02bafdb20aebca0f506fcf18f7e5c20ee6ff24a49c60f650a82a1a,5,0,team__university_of_alabama_birmingham,player__akhil_batchu,incorrect,0,question,19,,solar
20260222T202510Z_sy25jed,stanford-college-plus-science-bowl,double_elim,1,fc08179ada02bafdb20aebca0f506fcf18f7e5c20ee6ff24a49c60f650a82a1a,5,1,team__where_is_the_goal_keeper,player__daniel_lu,correct,1,end,,,END
20260222T202510Z_sy25jed,stanford-college-plus-science-bowl,double_elim,1,fc08179ada02bafdb20aebca0f506fcf18f7e5c20ee6ff24a49c60f650a82a1a,6,0,team__where_is_the_goal_keeper,,correct,1,end,,,BONUS
20260222T202510Z_sy25jed,stanford-college-plus-science-bowl,double_elim,1,fc08179ada02bafdb20aebca0f506fcf18f7e5c20ee6ff24a49c60f650a82a1a,7,0,team__university_of_alabama_birmingham,player__akhil_batchu,incorrect,0,question,9,,planes
20260222T202510Z_sy25jed,stanford-college-plus-science-bowl,double_elim,1,fc08179ada02bafdb20aebca0f506fcf18f7e5c20ee6ff24a49c60f650a82a1a,7,1,team__where_is_the_goal_keeper,player__daniel_lu,correct,1,end,,,END
20260222T202510Z_sy25jed,stanford-college-plus-science-bowl,double_elim,1,fc08179ada02bafdb20aebca0f506fcf18f7e5c20ee6ff24a49c60f650a82a1a,8,0,team__where_is_the_goal_keeper,,correct,1,end,,,BONUS
20260222T202510Z_sy25jed,stanford-college-plus-science-bowl,double_elim,1,fc08179ada02bafdb20aebca0f506fcf18f7e5c20ee6ff24a49c60f650a82a1a,9,0,team__where_is_the_goal_keeper,player__isaac_mammel,correct,1,end,,,END
20260222T202510Z_sy25jed,stanford-college-plus-science-bowl,double_elim,1,fc08179ada02bafdb20aebca0f506fcf18f7e5c20ee6ff24a49c60f650a82a1a,10,0,team__where_is_the_goal_keeper,,correct,1,end,,,BONUS
20260222T202510Z_sy25jed,stanford-college-plus-science-bowl,double_elim,1,fc08179ada02bafdb20aebca0f506fcf18f7e5c20ee6ff24a49c60f650a82a1a,11,0,team__university_of_alabama_birmingham,player__akhil_batchu,correct,0,option,0,2,Variable
20260222T202510Z_sy25jed,stanford-college-plus-science-bowl,double_elim,1,fc08179ada02bafdb20aebca0f506fcf18f7e5c20ee6ff24a49c60f650a82a1a,12,0,team__university_of_alabama_birmingham,,correct,1,end,,,BONUS
20260222T202510Z_sy25jed,stanford-college-plus-science-bowl,double_elim,1,fc08179ada02bafdb20aebca0f506fcf18f7e5c20ee6ff24a49c60f650a82a1a,13,0,team__university_of_alabama_birmingham,player__advik_sharma,correct,0,question,4,,filaments
20260222T202510Z_sy25jed,stanford-college-plus-science-bowl,double_elim,1,fc08179ada02bafdb20aebca0f506fcf18f7e5c20ee6ff24a49c60f650a82a1a,14,0,team__university_of_alabama_birmingham,,correct,1,end,,,BONUS
20260222T202510Z_sy25jed,stanford-college-plus-science-bowl,double_elim,1,fc08179ada02bafdb20aebca0f506fcf18f7e5c20ee6ff24a49c60f650a82a1a,15,0,team__university_of_alabama_birmingham,player__advik_sharma,correct,1,end,,,END
20260222T202510Z_sy25jed,stanford-college-plus-science-bowl,double_elim,1,fc08179ada02bafdb20aebca0f506fcf18f7e5c20ee6ff24a49c60f650a82a1a,16,0,team__university_of_alabama_birmingham,,correct,1,end,,,BONUS
20260222T202510Z_sy25jed,stanford-college-plus-science-bowl,double_elim,1,fc08179ada02bafdb20aebca0f506fcf18f7e5c20ee6ff24a49c60f650a82a1a,17,0,team__where_is_the_goal_keeper,player__daniel_lu,correct,0,option,5,2,of
20260222T202510Z_sy25jed,stanford-college-plus-science-bowl,double_elim,1,fc08179ada02bafdb20aebca0f506fcf18f7e5c20ee6ff24a49c60f650a82a1a,18,0,team__where_is_the_goal_keeper,,correct,1,end,,,BONUS
20260222T202510Z_sy25jed,stanford-college-plus-science-bowl,double_elim,1,fc08179ada02bafdb20aebca0f506fcf18f7e5c20ee6ff24a49c60f650a82a1a,19,0,team__where_is_the_goal_keeper,player__daniel_lu,correct,0,question,17,,immediately
20260222T202510Z_sy25jed,stanford-college-plus-science-bowl,double_elim,1,fc08179ada02bafdb20aebca0f506fcf18f7e5c20ee6ff24a49c60f650a82a1a,20,0,team__where_is_the_goal_keeper,,incorrect,1,end,,,BONUS
20260222T202510Z_sy25jed,stanford-college-plus-science-bowl,double_elim,1,fc08179ada02bafdb20aebca0f506fcf18f7e5c20ee6ff24a49c60f650a82a1a,21,0,team__university_of_alabama_birmingham,player__akhil_batchu,incorrect,1,end,,,END
20260222T202510Z_sy25jed,stanford-college-plus-science-bowl,double_elim,1,fc08179ada02bafdb20aebca0f506fcf18f7e5c20ee6ff24a49c60f650a82a1a,21,1,team__where_is_the_goal_keeper,player__saahil_dugar,correct,1,end,,,END
20260222T202510Z_sy25jed,stanford-college-plus-science-bowl,double_elim,1,fc08179ada02bafdb20aebca0f506fcf18f7e5c20ee6ff24a49c60f650a82a1a,22,0,team__where_is_the_goal_keeper,,correct,1,end,,,BONUS
20260222T202510Z_sy25jed,stanford-college-plus-science-bowl,double_elim,1,fc08179ada02bafdb20aebca0f506fcf18f7e5c20ee6ff24a49c60f650a82a1a,23,0,team__university_of_alabama_birmingham,player__advik_sharma,correct,0,option,-1,2,Y
20260222T202510Z_sy25jed,stanford-college-plus-science-bowl,double_elim,1,fc08179ada02bafdb20aebca0f506fcf18f7e5c20ee6ff24a49c60f650a82a1a,24,0,team__university_of_alabama_birmingham,,correct,1,end,,,BONUS
20260222T202510Z_sy25jed,stanford-college-plus-science-bowl,double_elim,1,fc08179ada02bafdb20aebca0f506fcf18f7e5c20ee6ff24a49c60f650a82a1a,25,0,team__where_is_the_goal_keeper,player__saahil_dugar,incorrect,0,question,15,,as
20260222T202510Z_sy25jed,stanford-college-plus-science-bowl,double_elim,1,fc08179ada02bafdb20aebca0f506fcf18f7e5c20ee6ff24a49c60f650a82a1a,25,1,team__university_of_alabama_birmingham,player__akhil_batchu,correct,1,end,,,END
20260222T202510Z_sy25jed,stanford-college-plus-science-bowl,double_elim,1,fc08179ada02bafdb20aebca0f506fcf18f7e5c20ee6ff24a49c60f650a82a1a,26,0,team__university_of_alabama_birmingham,,incorrect,1,end,,,BONUS
20260222T202510Z_sy25jed,stanford-college-plus-science-bowl,double_elim,1,fc08179ada02bafdb20aebca0f506fcf18f7e5c20ee6ff24a49c60f650a82a1a,27,0,team__where_is_the_goal_keeper,player__daniel_lu,correct,0,question,12,,DC
20260222T202510Z_sy25jed,stanford-college-plus-science-bowl,double_elim,1,fc08179ada02bafdb20aebca0f506fcf18f7e5c20ee6ff24a49c60f650a82a1a,28,0,team__where_is_the_goal_keeper,,correct,1,end,,,BONUS
20260222T202510Z_sy25jed,stanford-college-plus-science-bowl,double_elim,1,fc08179ada02bafdb20aebca0f506fcf18f7e5c20ee6ff24a49c60f650a82a1a,29,0,team__university_of_alabama_birmingham,player__akhil_batchu,correct,0,option,-1,2,Y
20260222T202510Z_sy25jed,stanford-college-plus-science-bowl,double_elim,1,fc08179ada02bafdb20aebca0f506fcf18f7e5c20ee6ff24a49c60f650a82a1a,30,0,team__university_of_alabama_birmingham,,incorrect,1,end,,,BONUS
20260222T202510Z_sy25jed,stanford-college-plus-science-bowl,double_elim,1,fc08179ada02bafdb20aebca0f506fcf18f7e5c20ee6ff24a49c60f650a82a1a,31,0,team__where_is_the_goal_keeper,player__daniel_lu,incorrect,0,option,1,1,sulfide
20260222T202510Z_sy25jed,stanford-college-plus-science-bowl,double_elim,1,fc08179ada02bafdb20aebca0f506fcf18f7e5c20ee6ff24a49c60f650a82a1a,31,1,team__university_of_alabama_birmingham,player__akhil_batchu,correct,1,end,,,END
20260222T202510Z_sy25jed,stanford-college-plus-science-bowl,double_elim,1,fc08179ada02bafdb20aebca0f506fcf18f7e5c20ee6ff24a49c60f650a82a1a,32,0,team__university_of_alabama_birmingham,,correct,1,end,,,BONUS
20260222T202510Z_sy25jed,stanford-college-plus-science-bowl,double_elim,1,fc08179ada02bafdb20aebca0f506fcf18f7e5c20ee6ff24a49c60f650a82a1a,33,0,team__university_of_alabama_birmingham,player__albert_chen,correct,1,end,,,END
20260222T202510Z_sy25jed,stanford-college-plus-science-bowl,double_elim,1,fc08179ada02bafdb20aebca0f506fcf18f7e5c20ee6ff24a49c60f650a82a1a,34,0,team__university_of_alabama_birmingham,,correct,1,end,,,BONUS
20260222T202510Z_sy25jed,stanford-college-plus-science-bowl,double_elim,1,fc08179ada02bafdb20aebca0f506fcf18f7e5c20ee6ff24a49c60f650a82a1a,35,0,team__where_is_the_goal_keeper,player__saahil_dugar,correct,0,question,31,,distant
20260222T202510Z_sy25jed,stanford-college-plus-science-bowl,double_elim,1,fc08179ada02bafdb20aebca0f506fcf18f7e5c20ee6ff24a49c60f650a82a1a,36,0,team__where_is_the_goal_keeper,,correct,1,end,,,BONUS
20260222T202510Z_sy25jed,stanford-college-plus-science-bowl,double_elim,1,fc08179ada02bafdb20aebca0f506fcf18f7e5c20ee6ff24a49c60f650a82a1a,37,0,team__where_is_the_goal_keeper,player__saahil_dugar,incorrect,1,end,,,END
20260222T202510Z_sy25jed,stanford-college-plus-science-bowl,double_elim,1,fc08179ada02bafdb20aebca0f506fcf18f7e5c20ee6ff24a49c60f650a82a1a,37,1,team__university_of_alabama_birmingham,player__advik_sharma,incorrect,1,end,,,END
20260222T202510Z_sy25jed,stanford-college-plus-science-bowl,double_elim,1,fc08179ada02bafdb20aebca0f506fcf18f7e5c20ee6ff24a49c60f650a82a1a,39,0,team__where_is_the_goal_keeper,player__daniel_lu,correct,0,question,68,,larger
20260222T202510Z_sy25jed,stanford-college-plus-science-bowl,double_elim,1,fc08179ada02bafdb20aebca0f506fcf18f7e5c20ee6ff24a49c60f650a82a1a,40,0,team__where_is_the_goal_keeper,,correct,1,end,,,BONUS
20260222T202510Z_sy25jed,stanford-college-plus-science-bowl,double_elim,1,fc08179ada02bafdb20aebca0f506fcf18f7e5c20ee6ff24a49c60f650a82a1a,41,0,team__where_is_the_goal_keeper,player__saahil_dugar,correct,0,question,43,,mass?
20260222T202510Z_sy25jed,stanford-college-plus-science-bowl,double_elim,1,fc08179ada02bafdb20aebca0f506fcf18f7e5c20ee6ff24a49c60f650a82a1a,42,0,team__where_is_the_goal_keeper,,incorrect,1,end,,,BONUS
20260222T202510Z_sy25jed,stanford-college-plus-science-bowl,double_elim,1,fc08179ada02bafdb20aebca0f506fcf18f7e5c20ee6ff24a49c60f650a82a1a,43,0,team__where_is_the_goal_keeper,player__daniel_lu,incorrect,1,end,,,END
20260222T202510Z_sy25jed,stanford-college-plus-science-bowl,double_elim,1,fc08179ada02bafdb20aebca0f506fcf18f7e5c20ee6ff24a49c60f650a82a1a,43,1,team__university_of_alabama_birmingham,player__akhil_batchu,incorrect,1,end,,,END
20260222T202510Z_sy25jed,stanford-college-plus-science-bowl,double_elim,1,fc08179ada02bafdb20aebca0f506fcf18f7e5c20ee6ff24a49c60f650a82a1a,45,0,team__where_is_the_goal_keeper,player__daniel_lu,incorrect,1,end,,,END
20260222T202510Z_sy25jed,stanford-college-plus-science-bowl,double_elim,1,fc08179ada02bafdb20aebca0f506fcf18f7e5c20ee6ff24a49c60f650a82a1a,45,1,team__university_of_alabama_birmingham,player__advik_sharma,correct,1,end,,,END
20260222T202510Z_sy25jed,stanford-college-plus-science-bowl,double_elim,1,fc08179ada02bafdb20aebca0f506fcf18f7e5c20ee6ff24a49c60f650a82a1a,46,0,team__university_of_alabama_birmingham,,correct,1,end,,,BONUS
20260222T202740Z_6xgnw6y,stanford-college-plus-science-bowl,double_elim,1,fc08179ada02bafdb20aebca0f506fcf18f7e5c20ee6ff24a49c60f650a82a1a,1,0,team__mit_team_2,player__sean_fei,incorrect,0,question,9,,when
20260222T202740Z_6xgnw6y,stanford-college-plus-science-bowl,double_elim,1,fc08179ada02bafdb20aebca0f506fcf18f7e5c20ee6ff24a49c60f650a82a1a,1,1,team__quizbowlers,player__rohan_shelke,correct,1,end,,,END
20260222T202740Z_6xgnw6y,stanford-college-plus-science-bowl,double_elim,1,fc08179ada02bafdb20aebca0f506fcf18f7e5c20ee6ff24a49c60f650a82a1a,2,0,team__quizbowlers,,correct,1,end,,,BONUS
20260222T202740Z_6xgnw6y,stanford-college-plus-science-bowl,double_elim,1,fc08179ada02bafdb20aebca0f506fcf18f7e5c20ee6ff24a49c60f650a82a1a,3,0,team__mit_team_2,player__sean_fei,incorrect,0,question,39,,which
20260222T202740Z_6xgnw6y,stanford-college-plus-science-bowl,double_elim,1,fc08179ada02bafdb20aebca0f506fcf18f7e5c20ee6ff24a49c60f650a82a1a,3,1,team__quizbowlers,player__swapnil_garg,correct,1,end,,,END
20260222T202740Z_6xgnw6y,stanford-college-plus-science-bowl,double_elim,1,fc08179ada02bafdb20aebca0f506fcf18f7e5c20ee6ff24a49c60f650a82a1a,4,0,team__quizbowlers,,correct,1,end,,,BONUS
20260222T202740Z_6xgnw6y,stanford-college-plus-science-bowl,double_elim,1,fc08179ada02bafdb20aebca0f506fcf18f7e5c20ee6ff24a49c60f650a82a1a,5,0,team__mit_team_2,player__sean_fei,incorrect,0,question,20,,"luminosities,"
20260222T202740Z_6xgnw6y,stanford-college-plus-science-bowl,double_elim,1,fc08179ada02bafdb20aebca0f506fcf18f7e5c20ee6ff24a49c60f650a82a1a,5,1,team__quizbowlers,player__swapnil_garg,correct,1,end,,,END
20260222T202740Z_6xgnw6y,stanford-college-plus-science-bowl,double_elim,1,fc08179ada02bafdb20aebca0f506fcf18f7e5c20ee6ff24a49c60f650a82a1a,6,0,team__quizbowlers,,correct,1,end,,,BONUS
20260222T202740Z_6xgnw6y,stanford-college-plus-science-bowl,double_elim,1,fc08179ada02bafdb20aebca0f506fcf18f7e5c20ee6ff24a49c60f650a82a1a,7,0,team__mit_team_2,player__gideon_tzafriri,correct,0,option,0,0,Piezoelectricity
20260222T202740Z_6xgnw6y,stanford-college-plus-science-bowl,double_elim,1,fc08179ada02bafdb20aebca0f506fcf18f7e5c20ee6ff24a49c60f650a82a1a,8,0,team__mit_team_2,,correct,1,end,,,BONUS
20260222T202740Z_6xgnw6y,stanford-college-plus-science-bowl,double_elim,1,fc08179ada02bafdb20aebca0f506fcf18f7e5c20ee6ff24a49c60f650a82a1a,9,0,team__mit_team_2,player__jonathan_huang,correct,1,end,,,END
20260222T202740Z_6xgnw6y,stanford-college-plus-science-bowl,double_elim,1,fc08179ada02bafdb20aebca0f506fcf18f7e5c20ee6ff24a49c60f650a82a1a,10,0,team__mit_team_2,,correct,1,end,,,BONUS
20260222T202740Z_6xgnw6y,stanford-college-plus-science-bowl,double_elim,1,fc08179ada02bafdb20aebca0f506fcf18f7e5c20ee6ff24a49c60f650a82a1a,11,0,team__quizbowlers,player__rohan_shelke,correct,0,option,-1,0,W
20260222T202740Z_6xgnw6y,stanford-college-plus-science-bowl,double_elim,1,fc08179ada02bafdb20aebca0f506fcf18f7e5c20ee6ff24a49c60f650a82a1a,12,0,team__quizbowlers,,incorrect,1,end,,,BONUS
20260222T202740Z_6xgnw6y,stanford-college-plus-science-bowl,double_elim,1,fc08179ada02bafdb20aebca0f506fcf18f7e5c20ee6ff24a49c60f650a82a1a,13,0,team__mit_team_2,player__sean_fei,correct,0,question,7,,shape
20260222T202740Z_6xgnw6y,stanford-college-plus-science-bowl,double_elim,1,fc08179ada02bafdb20aebca0f506fcf18f7e5c20ee6ff24a49c60f650a82a1a,14,0,team__mit_team_2,,correct,1,end,,,BONUS
20260222T202740Z_6xgnw6y,stanford-college-plus-science-bowl,double_elim,1,fc08179ada02bafdb20aebca0f506fcf18f7e5c20ee6ff24a49c60f650a82a1a,15,0,team__mit_team_2,player__jonathan_huang,incorrect,1,end,,,END
20260222T202740Z_6xgnw6y,stanford-college-plus-science-bowl,double_elim,1,fc08179ada02bafdb20aebca0f506fcf18f7e5c20ee6ff24a49c60f650a82a1a,15,1,team__quizbowlers,player__swapnil_garg,incorrect,1,end,,,END
20260222T202740Z_6xgnw6y,stanford-college-plus-science-bowl,double_elim,1,fc08179ada02bafdb20aebca0f506fcf18f7e5c20ee6ff24a49c60f650a82a1a,17,0,team__quizbowlers,player__rohan_shelke,incorrect,1,end,,,END
20260222T202740Z_6xgnw6y,stanford-college-plus-science-bowl,double_elim,1,fc08179ada02bafdb20aebca0f506fcf18f7e5c20ee6ff24a49c60f650a82a1a,17,1,team__mit_team_2,player__jonathan_huang,correct,1,end,,,END
20260222T202740Z_6xgnw6y,stanford-college-plus-science-bowl,double_elim,1,fc08179ada02bafdb20aebca0f506fcf18f7e5c20ee6ff24a49c60f650a82a1a,18,0,team__mit_team_2,,correct,1,end,,,BONUS
20260222T202740Z_6xgnw6y,stanford-college-plus-science-bowl,double_elim,1,fc08179ada02bafdb20aebca0f506fcf18f7e5c20ee6ff24a49c60f650a82a1a,19,0,team__mit_team_2,player__sean_fei,correct,0,question,18,,"precipitate,"
20260222T202740Z_6xgnw6y,stanford-college-plus-science-bowl,double_elim,1,fc08179ada02bafdb20aebca0f506fcf18f7e5c20ee6ff24a49c60f650a82a1a,20,0,team__mit_team_2,,correct,1,end,,,BONUS
20260222T202740Z_6xgnw6y,stanford-college-plus-science-bowl,double_elim,1,fc08179ada02bafdb20aebca0f506fcf18f7e5c20ee6ff24a49c60f650a82a1a,21,0,team__mit_team_2,player__jonathan_huang,incorrect,1,end,,,END
20260222T202740Z_6xgnw6y,stanford-college-plus-science-bowl,double_elim,1,fc08179ada02bafdb20aebca0f506fcf18f7e5c20ee6ff24a49c60f650a82a1a,21,1,team__quizbowlers,player__swapnil_garg,incorrect,1,end,,,END
20260222T202740Z_6xgnw6y,stanford-college-plus-science-bowl,double_elim,1,fc08179ada02bafdb20aebca0f506fcf18f7e5c20ee6ff24a49c60f650a82a1a,23,0,team__quizbowlers,player__rohan_shelke,correct,0,option,-1,2,Y
20260222T202740Z_6xgnw6y,stanford-college-plus-science-bowl,double_elim,1,fc08179ada02bafdb20aebca0f506fcf18f7e5c20ee6ff24a49c60f650a82a1a,24,0,team__quizbowlers,,correct,1,end,,,BONUS
20260222T202740Z_6xgnw6y,stanford-college-plus-science-bowl,double_elim,1,fc08179ada02bafdb20aebca0f506fcf18f7e5c20ee6ff24a49c60f650a82a1a,25,0,team__mit_team_2,player__sean_fei,incorrect,0,question,14,,rate
20260222T202740Z_6xgnw6y,stanford-college-plus-science-bowl,double_elim,1,fc08179ada02bafdb20aebca0f506fcf18f7e5c20ee6ff24a49c60f650a82a1a,25,1,team__quizbowlers,player__rohan_shelke,correct,1,end,,,END
20260222T202740Z_6xgnw6y,stanford-college-plus-science-bowl,double_elim,1,fc08179ada02bafdb20aebca0f506fcf18f7e5c20ee6ff24a49c60f650a82a1a,26,0,team__quizbowlers,,incorrect,1,end,,,BONUS
20260222T202740Z_6xgnw6y,stanford-college-plus-science-bowl,double_elim,1,fc08179ada02bafdb20aebca0f506fcf18f7e5c20ee6ff24a49c60f650a82a1a,27,0,team__mit_team_2,player__jonathan_huang,correct,0,question,8,,what
20260222T202740Z_6xgnw6y,stanford-college-plus-science-bowl,double_elim,1,fc08179ada02bafdb20aebca0f506fcf18f7e5c20ee6ff24a49c60f650a82a1a,28,0,team__mit_team_2,,correct,1,end,,,BONUS
20260222T202740Z_6xgnw6y,stanford-college-plus-science-bowl,double_elim,1,fc08179ada02bafdb20aebca0f506fcf18f7e5c20ee6ff24a49c60f650a82a1a,29,0,team__mit_team_2,player__jonathan_huang,correct,1,end,,,END
20260222T202740Z_6xgnw6y,stanford-college-plus-science-bowl,double_elim,1,fc08179ada02bafdb20aebca0f506fcf18f7e5c20ee6ff24a49c60f650a82a1a,30,0,team__mit_team_2,,correct,1,end,,,BONUS
20260222T202740Z_6xgnw6y,stanford-college-plus-science-bowl,double_elim,1,fc08179ada02bafdb20aebca0f506fcf18f7e5c20ee6ff24a49c60f650a82a1a,31,0,team__mit_team_2,player__jonathan_huang,incorrect,0,option,-1,2,Y
20260222T202740Z_6xgnw6y,stanford-college-plus-science-bowl,double_elim,1,fc08179ada02bafdb20aebca0f506fcf18f7e5c20ee6ff24a49c60f650a82a1a,31,1,team__quizbowlers,player__shahar_schwartz,incorrect,1,end,,,END
20260222T202740Z_6xgnw6y,stanford-college-plus-science-bowl,double_elim,1,fc08179ada02bafdb20aebca0f506fcf18f7e5c20ee6ff24a49c60f650a82a1a,33,0,team__mit_team_2,player__jonathan_huang,correct,1,end,,,END
20260222T202740Z_6xgnw6y,stanford-college-plus-science-bowl,double_elim,1,fc08179ada02bafdb20aebca0f506fcf18f7e5c20ee6ff24a49c60f650a82a1a,34,0,team__mit_team_2,,correct,1,end,,,BONUS
20260222T202740Z_6xgnw6y,stanford-college-plus-science-bowl,double_elim,1,fc08179ada02bafdb20aebca0f506fcf18f7e5c20ee6ff24a49c60f650a82a1a,35,0,team__mit_team_2,player__jonathan_huang,correct,0,question,24,,describes
20260222T202740Z_6xgnw6y,stanford-college-plus-science-bowl,double_elim,1,fc08179ada02bafdb20aebca0f506fcf18f7e5c20ee6ff24a49c60f650a82a1a,36,0,team__mit_team_2,,incorrect,1,end,,,BONUS
20260222T202740Z_6xgnw6y,stanford-college-plus-science-bowl,double_elim,1,fc08179ada02bafdb20aebca0f506fcf18f7e5c20ee6ff24a49c60f650a82a1a,37,0,team__mit_team_2,player__sean_fei,correct,0,question,16,,Triglyceride;
20260222T202740Z_6xgnw6y,stanford-college-plus-science-bowl,double_elim,1,fc08179ada02bafdb20aebca0f506fcf18f7e5c20ee6ff24a49c60f650a82a1a,38,0,team__mit_team_2,,correct,1,end,,,BONUS
20260222T202740Z_6xgnw6y,stanford-college-plus-science-bowl,double_elim,1,fc08179ada02bafdb20aebca0f506fcf18f7e5c20ee6ff24a49c60f650a82a1a,39,0,team__quizbowlers,player__swapnil_garg,incorrect,0,question,68,,larger
20260222T202740Z_6xgnw6y,stanford-college-plus-science-bowl,double_elim,1,fc08179ada02bafdb20aebca0f506fcf18f7e5c20ee6ff24a49c60f650a82a1a,39,1,team__mit_team_2,player__jonathan_huang,correct,1,end,,,END
20260222T202740Z_6xgnw6y,stanford-college-plus-science-bowl,double_elim,1,fc08179ada02bafdb20aebca0f506fcf18f7e5c20ee6ff24a49c60f650a82a1a,40,0,team__mit_team_2,,incorrect,1,end,,,BONUS
20260222T202740Z_6xgnw6y,stanford-college-plus-science-bowl,double_elim,1,fc08179ada02bafdb20aebca0f506fcf18f7e5c20ee6ff24a49c60f650a82a1a,41,0,team__mit_team_2,player__jonathan_huang,correct,0,question,31,,action
20260222T202740Z_6xgnw6y,stanford-college-plus-science-bowl,double_elim,1,fc08179ada02bafdb20aebca0f506fcf18f7e5c20ee6ff24a49c60f650a82a1a,42,0,team__mit_team_2,,incorrect,1,end,,,BONUS
20260222T202740Z_6xgnw6y,stanford-college-plus-science-bowl,double_elim,1,fc08179ada02bafdb20aebca0f506fcf18f7e5c20ee6ff24a49c60f650a82a1a,43,0,team__mit_team_2,player__jonathan_huang,correct,0,question,20,,this
20260222T202740Z_6xgnw6y,stanford-college-plus-science-bowl,double_elim,1,fc08179ada02bafdb20aebca0f506fcf18f7e5c20ee6ff24a49c60f650a82a1a,44,0,team__mit_team_2,,incorrect,1,end,,,BONUS
20260222T202740Z_6xgnw6y,stanford-college-plus-science-bowl,double_elim,1,fc08179ada02bafdb20aebca0f506fcf18f7e5c20ee6ff24a49c60f650a82a1a,45,0,team__mit_team_2,player__jonathan_huang,correct,1,end,,,END
20260222T202740Z_6xgnw6y,stanford-college-plus-science-bowl,double_elim,1,fc08179ada02bafdb20aebca0f506fcf18f7e5c20ee6ff24a49c60f650a82a1a,46,0,team__mit_team_2,,incorrect,1,end,,,BONUS
20260222T203012Z_4ly09hj,stanford-college-plus-science-bowl,double_elim,1,fc08179ada02bafdb20aebca0f506fcf18f7e5c20ee6ff24a49c60f650a82a1a,1,0,team__mit_team_1,player__selena_yang,correct,0,question,11,,"molecule,"
20260222T203012Z_4ly09hj,stanford-college-plus-science-bowl,double_elim,1,fc08179ada02bafdb20aebca0f506fcf18f7e5c20ee6ff24a49c60f650a82a1a,2,0,team__mit_team_1,,correct,1,end,,,BONUS
20260222T203012Z_4ly09hj,stanford-college-plus-science-bowl,double_elim,1,fc08179ada02bafdb20aebca0f506fcf18f7e5c20ee6ff24a49c60f650a82a1a,3,0,team__mit_team_1,player__yunyi_ling,incorrect,0,question,24,,must
20260222T203012Z_4ly09hj,stanford-college-plus-science-bowl,double_elim,1,fc08179ada02bafdb20aebca0f506fcf18f7e5c20ee6ff24a49c60f650a82a1a,3,1,team__cmu,player__josh_shi,incorrect,1,end,,,END
20260222T203012Z_4ly09hj,stanford-college-plus-science-bowl,double_elim,1,fc08179ada02bafdb20aebca0f506fcf18f7e5c20ee6ff24a49c60f650a82a1a,5,0,team__mit_team_1,player__anurag_sodhi,correct,0,question,17,,sun.
20260222T203012Z_4ly09hj,stanford-college-plus-science-bowl,double_elim,1,fc08179ada02bafdb20aebca0f506fcf18f7e5c20ee6ff24a49c60f650a82a1a,6,0,team__mit_team_1,,correct,1,end,,,BONUS
20260222T203012Z_4ly09hj,stanford-college-plus-science-bowl,double_elim,1,fc08179ada02bafdb20aebca0f506fcf18f7e5c20ee6ff24a49c60f650a82a1a,7,0,team__mit_team_1,player__yunyi_ling,correct,0,option,0,0,Piezoelectricity
20260222T203012Z_4ly09hj,stanford-college-plus-science-bowl,double_elim,1,fc08179ada02bafdb20aebca0f506fcf18f7e5c20ee6ff24a49c60f650a82a1a,8,0,team__mit_team_1,,correct,1,end,,,BONUS
20260222T203012Z_4ly09hj,stanford-college-plus-science-bowl,double_elim,1,fc08179ada02bafdb20aebca0f506fcf18f7e5c20ee6ff24a49c60f650a82a1a,9,0,team__mit_team_1,player__yunyi_ling,correct,0,question,22,,of
20260222T203012Z_4ly09hj,stanford-college-plus-science-bowl,double_elim,1,fc08179ada02bafdb20aebca0f506fcf18f7e5c20ee6ff24a49c60f650a82a1a,10,0,team__mit_team_1,,correct,1,end,,,BONUS
20260222T203012Z_4ly09hj,stanford-college-plus-science-bowl,double_elim,1,fc08179ada02bafdb20aebca0f506fcf18f7e5c20ee6ff24a49c60f650a82a1a,11,0,team__mit_team_1,player__selena_yang,correct,0,question,28,,to?
20260222T203012Z_4ly09hj,stanford-college-plus-science-bowl,double_elim,1,fc08179ada02bafdb20aebca0f506fcf18f7e5c20ee6ff24a49c60f650a82a1a,12,0,team__mit_team_1,,correct,1,end,,,BONUS
20260222T203012Z_4ly09hj,stanford-college-plus-science-bowl,double_elim,1,fc08179ada02bafdb20aebca0f506fcf18f7e5c20ee6ff24a49c60f650a82a1a,13,0,team__mit_team_1,player__selena_yang,correct,0,question,4,,filaments
20260222T203012Z_4ly09hj,stanford-college-plus-science-bowl,double_elim,1,fc08179ada02bafdb20aebca0f506fcf18f7e5c20ee6ff24a49c60f650a82a1a,14,0,team__mit_team_1,,correct,1,end,,,BONUS
20260222T203012Z_4ly09hj,stanford-college-plus-science-bowl,double_elim,1,fc08179ada02bafdb20aebca0f506fcf18f7e5c20ee6ff24a49c60f650a82a1a,15,0,team__mit_team_1,player__anurag_sodhi,incorrect,0,question,32,,the
20260222T203012Z_4ly09hj,stanford-college-plus-science-bowl,double_elim,1,fc08179ada02bafdb20aebca0f506fcf18f7e5c20ee6ff24a49c60f650a82a1a,15,1,team__cmu,player__peter_ferolito,correct,1,end,,,END
20260222T203012Z_4ly09hj,stanford-college-plus-science-bowl,double_elim,1,fc08179ada02bafdb20aebca0f506fcf18f7e5c20ee6ff24a49c60f650a82a1a,16,0,team__cmu,,correct,1,end,,,BONUS
20260222T203012Z_4ly09hj,stanford-college-plus-science-bowl,double_elim,1,fc08179ada02bafdb20aebca0f506fcf18f7e5c20ee6ff24a49c60f650a82a1a,17,0,team__cmu,player__peter_ferolito,incorrect,0,option,5,1,cones
20260222T203012Z_4ly09hj,stanford-college-plus-science-bowl,double_elim,1,fc08179ada02bafdb20aebca0f506fcf18f7e5c20ee6ff24a49c60f650a82a1a,17,1,team__mit_team_1,player__anurag_sodhi,correct,1,end,,,END
20260222T203012Z_4ly09hj,stanford-college-plus-science-bowl,double_elim,1,fc08179ada02bafdb20aebca0f506fcf18f7e5c20ee6ff24a49c60f650a82a1a,18,0,team__mit_team_1,,correct,1,end,,,BONUS
20260222T203012Z_4ly09hj,stanford-college-plus-science-bowl,double_elim,1,fc08179ada02bafdb20aebca0f506fcf18f7e5c20ee6ff24a49c60f650a82a1a,19,0,team__mit_team_1,player__anurag_sodhi,correct,0,question,10,,gently
20260222T203012Z_4ly09hj,stanford-college-plus-science-bowl,double_elim,1,fc08179ada02bafdb20aebca0f506fcf18f7e5c20ee6ff24a49c60f650a82a1a,20,0,team__mit_team_1,,correct,1,end,,,BONUS
20260222T203012Z_4ly09hj,stanford-college-plus-science-bowl,double_elim,1,fc08179ada02bafdb20aebca0f506fcf18f7e5c20ee6ff24a49c60f650a82a1a,21,0,team__cmu,player__peter_ferolito,correct,1,end,,,END
20260222T203012Z_4ly09hj,stanford-college-plus-science-bowl,double_elim,1,fc08179ada02bafdb20aebca0f506fcf18f7e5c20ee6ff24a49c60f650a82a1a,22,0,team__cmu,,correct,1,end,,,BONUS
20260222T203012Z_4ly09hj,stanford-college-plus-science-bowl,double_elim,1,fc08179ada02bafdb20aebca0f506fcf18f7e5c20ee6ff24a49c60f650a82a1a,23,0,team__mit_team_1,player__selena_yang,correct,0,option,-1,2,Y
20260222T203012Z_4ly09hj,stanford-college-plus-science-bowl,double_elim,1,fc08179ada02bafdb20aebca0f506fcf18f7e5c20ee6ff24a49c60f650a82a1a,24,0,team__mit_team_1,,correct,1,end,,,BONUS
20260222T203012Z_4ly09hj,stanford-college-plus-science-bowl,double_elim,1,fc08179ada02bafdb20aebca0f506fcf18f7e5c20ee6ff24a49c60f650a82a1a,25,0,team__mit_team_1,player__selena_yang,incorrect,0,question,12,,constant
20260222T203012Z_4ly09hj,stanford-college-plus-science-bowl,double_elim,1,fc08179ada02bafdb20aebca0f506fcf18f7e5c20ee6ff24a49c60f650a82a1a,27,0,team__mit_team_1,player__yunyi_ling,correct,0,question,6,,analogous
20260222T203012Z_4ly09hj,stanford-college-plus-science-bowl,double_elim,1,fc08179ada02bafdb20aebca0f506fcf18f7e5c20ee6ff24a49c60f650a82a1a,28,0,team__mit_team_1,,correct,1,end,,,BONUS
20260222T203012Z_4ly09hj,stanford-college-plus-science-bowl,double_elim,1,fc08179ada02bafdb20aebca0f506fcf18f7e5c20ee6ff24a49c60f650a82a1a,29,0,team__cmu,player__peter_ferolito,correct,1,end,,,END
20260222T203012Z_4ly09hj,stanford-college-plus-science-bowl,double_elim,1,fc08179ada02bafdb20aebca0f506fcf18f7e5c20ee6ff24a49c60f650a82a1a,30,0,team__cmu,,incorrect,1,end,,,BONUS
20260222T203012Z_4ly09hj,stanford-college-plus-science-bowl,double_elim,1,fc08179ada02bafdb20aebca0f506fcf18f7e5c20ee6ff24a49c60f650a82a1a,31,0,team__mit_team_1,player__anurag_sodhi,correct,0,option,-1,2,Y
20260222T203012Z_4ly09hj,stanford-college-plus-science-bowl,double_elim,1,fc08179ada02bafdb20aebca0f506fcf18f7e5c20ee6ff24a49c60f650a82a1a,32,0,team__mit_team_1,,correct,1,end,,,BONUS
20260222T203012Z_4ly09hj,stanford-college-plus-science-bowl,double_elim,1,fc08179ada02bafdb20aebca0f506fcf18f7e5c20ee6ff24a49c60f650a82a1a,33,0,team__cmu,player__peter_ferolito,correct,0,question,42,,five
20260222T203012Z_4ly09hj,stanford-college-plus-science-bowl,double_elim,1,fc08179ada02bafdb20aebca0f506fcf18f7e5c20ee6ff24a49c60f650a82a1a,34,0,team__cmu,,correct,1,end,,,BONUS
20260222T203012Z_4ly09hj,stanford-college-plus-science-bowl,double_elim,1,fc08179ada02bafdb20aebca0f506fcf18f7e5c20ee6ff24a49c60f650a82a1a,35,0,team__mit_team_1,player__anurag_sodhi,correct,0,question,26,,phenomenon
20260222T203012Z_4ly09hj,stanford-college-plus-science-bowl,double_elim,1,fc08179ada02bafdb20aebca0f506fcf18f7e5c20ee6ff24a49c60f650a82a1a,36,0,team__mit_team_1,,correct,1,end,,,BONUS
20260222T203012Z_4ly09hj,stanford-college-plus-science-bowl,double_elim,1,fc08179ada02bafdb20aebca0f506fcf18f7e5c20ee6ff24a49c60f650a82a1a,37,0,team__mit_team_1,player__anurag_sodhi,correct,0,question,16,,Triglyceride;
20260222T203012Z_4ly09hj,stanford-college-plus-science-bowl,double_elim,1,fc08179ada02bafdb20aebca0f506fcf18f7e5c20ee6ff24a49c60f650a82a1a,38,0,team__mit_team_1,,incorrect,1,end,,,BONUS
20260222T203012Z_4ly09hj,stanford-college-plus-science-bowl,double_elim,1,fc08179ada02bafdb20aebca0f506fcf18f7e5c20ee6ff24a49c60f650a82a1a,39,0,team__mit_team_1,player__yunyi_ling,incorrect,0,question,64,,exerted
20260222T203012Z_4ly09hj,stanford-college-plus-science-bowl,double_elim,1,fc08179ada02bafdb20aebca0f506fcf18f7e5c20ee6ff24a49c60f650a82a1a,39,1,team__cmu,player__vidur_kothur,incorrect,1,end,,,END
20260222T203012Z_4ly09hj,stanford-college-plus-science-bowl,double_elim,1,fc08179ada02bafdb20aebca0f506fcf18f7e5c20ee6ff24a49c60f650a82a1a,41,0,team__cmu,player__peter_ferolito,correct,0,question,34,,form
20260222T203012Z_4ly09hj,stanford-college-plus-science-bowl,double_elim,1,fc08179ada02bafdb20aebca0f506fcf18f7e5c20ee6ff24a49c60f650a82a1a,42,0,team__cmu,,incorrect,1,end,,,BONUS
20260222T203012Z_4ly09hj,stanford-college-plus-science-bowl,double_elim,1,fc08179ada02bafdb20aebca0f506fcf18f7e5c20ee6ff24a49c60f650a82a1a,43,0,team__cmu,player__vidur_kothur,correct,1,end,,,END
20260222T203012Z_4ly09hj,stanford-college-plus-science-bowl,double_elim,1,fc08179ada02bafdb20aebca0f506fcf18f7e5c20ee6ff24a49c60f650a82a1a,44,0,team__cmu,,incorrect,1,end,,,BONUS
20260222T203012Z_4ly09hj,stanford-college-plus-science-bowl,double_elim,1,fc08179ada02bafdb20aebca0f506fcf18f7e5c20ee6ff24a49c60f650a82a1a,45,0,team__cmu,player__peter_ferolito,incorrect,1,end,,,END
20260222T203012Z_4ly09hj,stanford-college-plus-science-bowl,double_elim,1,fc08179ada02bafdb20aebca0f506fcf18f7e5c20ee6ff24a49c60f650a82a1a,45,1,team__mit_team_1,player__yunyi_ling,correct,1,end,,,END
20260222T203012Z_4ly09hj,stanford-college-plus-science-bowl,double_elim,1,fc08179ada02bafdb20aebca0f506fcf18f7e5c20ee6ff24a49c60f650a82a1a,46,0,team__mit_team_1,,correct,1,end,,,BONUS
20260222T210834Z_nm94h1r,stanford-college-plus-science-bowl,double_elim,2,b6d689c90964a1e14abf1a76f015514313c972bc05725a513715b756293a124d,1,0,team__mit_team_2,player__sean_fei,correct,0,question,6,,suprachiasmatic
20260222T210834Z_nm94h1r,stanford-college-plus-science-bowl,double_elim,2,b6d689c90964a1e14abf1a76f015514313c972bc05725a513715b756293a124d,2,0,team__mit_team_2,,correct,1,end,,,BONUS
20260222T210834Z_nm94h1r,stanford-college-plus-science-bowl,double_elim,2,b6d689c90964a1e14abf1a76f015514313c972bc05725a513715b756293a124d,3,0,team__university_of_alabama_birmingham,player__advik_sharma,correct,0,option,-1,3,Z
20260222T210834Z_nm94h1r,stanford-college-plus-science-bowl,double_elim,2,b6d689c90964a1e14abf1a76f015514313c972bc05725a513715b756293a124d,4,0,team__university_of_alabama_birmingham,,correct,1,end,,,BONUS
20260222T210834Z_nm94h1r,stanford-college-plus-science-bowl,double_elim,2,b6d689c90964a1e14abf1a76f015514313c972bc05725a513715b756293a124d,5,0,team__university_of_alabama_birmingham,player__akhil_batchu,incorrect,0,option,0,2,Granulite
20260222T210834Z_nm94h1r,stanford-college-plus-science-bowl,double_elim,2,b6d689c90964a1e14abf1a76f015514313c972bc05725a513715b756293a124d,5,1,team__mit_team_2,player__jonathan_huang,incorrect,1,end,,,END
20260222T210834Z_nm94h1r,stanford-college-plus-science-bowl,double_elim,2,b6d689c90964a1e14abf1a76f015514313c972bc05725a513715b756293a124d,7,0,team__university_of_alabama_birmingham,player__akhil_batchu,correct,0,option,1,1,green
20260222T210834Z_nm94h1r,stanford-college-plus-science-bowl,double_elim,2,b6d689c90964a1e14abf1a76f015514313c972bc05725a513715b756293a124d,8,0,team__university_of_alabama_birmingham,,correct,1,end,,,BONUS
20260222T210834Z_nm94h1r,stanford-college-plus-science-bowl,double_elim,2,b6d689c90964a1e14abf1a76f015514313c972bc05725a513715b756293a124d,9,0,team__mit_team_2,player__jonathan_huang,incorrect,1,end,,,END
20260222T210834Z_nm94h1r,stanford-college-plus-science-bowl,double_elim,2,b6d689c90964a1e14abf1a76f015514313c972bc05725a513715b756293a124d,9,1,team__university_of_alabama_birmingham,player__advik_sharma,correct,1,end,,,END
20260222T210834Z_nm94h1r,stanford-college-plus-science-bowl,double_elim,2,b6d689c90964a1e14abf1a76f015514313c972bc05725a513715b756293a124d,10,0,team__university_of_alabama_birmingham,,correct,1,end,,,BONUS
20260222T210834Z_nm94h1r,stanford-college-plus-science-bowl,double_elim,2,b6d689c90964a1e14abf1a76f015514313c972bc05725a513715b756293a124d,11,0,team__university_of_alabama_birmingham,player__akhil_batchu,correct,0,question,39,,that
20260222T210834Z_nm94h1r,stanford-college-plus-science-bowl,double_elim,2,b6d689c90964a1e14abf1a76f015514313c972bc05725a513715b756293a124d,12,0,team__university_of_alabama_birmingham,,correct,1,end,,,BONUS
20260222T210834Z_nm94h1r,stanford-college-plus-science-bowl,double_elim,2,b6d689c90964a1e14abf1a76f015514313c972bc05725a513715b756293a124d,13,0,team__mit_team_2,player__sean_fei,correct,0,question,7,,many
20260222T210834Z_nm94h1r,stanford-college-plus-science-bowl,double_elim,2,b6d689c90964a1e14abf1a76f015514313c972bc05725a513715b756293a124d,14,0,team__mit_team_2,,incorrect,1,end,,,BONUS
20260222T210834Z_nm94h1r,stanford-college-plus-science-bowl,double_elim,2,b6d689c90964a1e14abf1a76f015514313c972bc05725a513715b756293a124d,15,0,team__mit_team_2,player__jonathan_huang,incorrect,1,end,,,END
20260222T210834Z_nm94h1r,stanford-college-plus-science-bowl,double_elim,2,b6d689c90964a1e14abf1a76f015514313c972bc05725a513715b756293a124d,15,1,team__university_of_alabama_birmingham,player__albert_chen,incorrect,1,end,,,END
20260222T210834Z_nm94h1r,stanford-college-plus-science-bowl,double_elim,2,b6d689c90964a1e14abf1a76f015514313c972bc05725a513715b756293a124d,17,0,team__university_of_alabama_birmingham,player__akhil_batchu,correct,0,option,7,1,texture
20260222T210834Z_nm94h1r,stanford-college-plus-science-bowl,double_elim,2,b6d689c90964a1e14abf1a76f015514313c972bc05725a513715b756293a124d,18,0,team__university_of_alabama_birmingham,,incorrect,1,end,,,BONUS
20260222T210834Z_nm94h1r,stanford-college-plus-science-bowl,double_elim,2,b6d689c90964a1e14abf1a76f015514313c972bc05725a513715b756293a124d,19,0,team__university_of_alabama_birmingham,player__advik_sharma,incorrect,0,question,13,,from
20260222T210834Z_nm94h1r,stanford-college-plus-science-bowl,double_elim,2,b6d689c90964a1e14abf1a76f015514313c972bc05725a513715b756293a124d,19,1,team__mit_team_2,player__gideon_tzafriri,correct,1,end,,,END
20260222T210834Z_nm94h1r,stanford-college-plus-science-bowl,double_elim,2,b6d689c90964a1e14abf1a76f015514313c972bc05725a513715b756293a124d,20,0,team__mit_team_2,,correct,1,end,,,BONUS
20260222T210834Z_nm94h1r,stanford-college-plus-science-bowl,double_elim,2,b6d689c90964a1e14abf1a76f015514313c972bc05725a513715b756293a124d,21,0,team__mit_team_2,player__jonathan_huang,correct,1,end,,,END
20260222T210834Z_nm94h1r,stanford-college-plus-science-bowl,double_elim,2,b6d689c90964a1e14abf1a76f015514313c972bc05725a513715b756293a124d,22,0,team__mit_team_2,,incorrect,1,end,,,BONUS
20260222T210834Z_nm94h1r,stanford-college-plus-science-bowl,double_elim,2,b6d689c90964a1e14abf1a76f015514313c972bc05725a513715b756293a124d,23,0,team__mit_team_2,player__jonathan_huang,correct,0,question,24,,to
20260222T210834Z_nm94h1r,stanford-college-plus-science-bowl,double_elim,2,b6d689c90964a1e14abf1a76f015514313c972bc05725a513715b756293a124d,24,0,team__mit_team_2,,correct,1,end,,,BONUS
20260222T210834Z_nm94h1r,stanford-college-plus-science-bowl,double_elim,2,b6d689c90964a1e14abf1a76f015514313c972bc05725a513715b756293a124d,25,0,team__mit_team_2,player__sean_fei,correct,0,option,0,2,3000
20260222T210834Z_nm94h1r,stanford-college-plus-science-bowl,double_elim,2,b6d689c90964a1e14abf1a76f015514313c972bc05725a513715b756293a124d,26,0,team__mit_team_2,,correct,1,end,,,BONUS
20260222T210834Z_nm94h1r,stanford-college-plus-science-bowl,double_elim,2,b6d689c90964a1e14abf1a76f015514313c972bc05725a513715b756293a124d,27,0,team__mit_team_2,player__sean_fei,incorrect,0,question,9,,the
20260222T210834Z_nm94h1r,stanford-college-plus-science-bowl,double_elim,2,b6d689c90964a1e14abf1a76f015514313c972bc05725a513715b756293a124d,27,1,team__university_of_alabama_birmingham,player__akhil_batchu,correct,1,end,,,END
20260222T210834Z_nm94h1r,stanford-college-plus-science-bowl,double_elim,2,b6d689c90964a1e14abf1a76f015514313c972bc05725a513715b756293a124d,28,0,team__university_of_alabama_birmingham,,correct,1,end,,,BONUS
20260222T210834Z_nm94h1r,stanford-college-plus-science-bowl,double_elim,2,b6d689c90964a1e14abf1a76f015514313c972bc05725a513715b756293a124d,29,0,team__university_of_alabama_birmingham,player__advik_sharma,correct,0,option,-1,3,Z
20260222T210834Z_nm94h1r,stanford-college-plus-science-bowl,double_elim,2,b6d689c90964a1e14abf1a76f015514313c972bc05725a513715b756293a124d,30,0,team__university_of_alabama_birmingham,,correct,1,end,,,BONUS
20260222T210834Z_nm94h1r,stanford-college-plus-science-bowl,double_elim,2,b6d689c90964a1e14abf1a76f015514313c972bc05725a513715b756293a124d,31,0,team__university_of_alabama_birmingham,player__akhil_batchu,incorrect,0,question,15,,more
20260222T210834Z_nm94h1r,stanford-college-plus-science-bowl,double_elim,2,b6d689c90964a1e14abf1a76f015514313c972bc05725a513715b756293a124d,31,1,team__mit_team_2,player__gideon_tzafriri,correct,1,end,,,END
20260222T210834Z_nm94h1r,stanford-college-plus-science-bowl,double_elim,2,b6d689c90964a1e14abf1a76f015514313c972bc05725a513715b756293a124d,32,0,team__mit_team_2,,correct,1,end,,,BONUS
20260222T210834Z_nm94h1r,stanford-college-plus-science-bowl,double_elim,2,b6d689c90964a1e14abf1a76f015514313c972bc05725a513715b756293a124d,33,0,team__university_of_alabama_birmingham,player__akhil_batchu,correct,0,option,-1,1,X
20260222T210834Z_nm94h1r,stanford-college-plus-science-bowl,double_elim,2,b6d689c90964a1e14abf1a76f015514313c972bc05725a513715b756293a124d,34,0,team__university_of_alabama_birmingham,,correct,1,end,,,BONUS
20260222T210834Z_nm94h1r,stanford-college-plus-science-bowl,double_elim,2,b6d689c90964a1e14abf1a76f015514313c972bc05725a513715b756293a124d,35,0,team__university_of_alabama_birmingham,player__akhil_batchu,incorrect,0,option,0,2,Silt
20260222T210834Z_nm94h1r,stanford-college-plus-science-bowl,double_elim,2,b6d689c90964a1e14abf1a76f015514313c972bc05725a513715b756293a124d,35,1,team__mit_team_2,player__jonathan_huang,correct,1,end,,,END
20260222T210834Z_nm94h1r,stanford-college-plus-science-bowl,double_elim,2,b6d689c90964a1e14abf1a76f015514313c972bc05725a513715b756293a124d,36,0,team__mit_team_2,,correct,1,end,,,BONUS
20260222T210834Z_nm94h1r,stanford-college-plus-science-bowl,double_elim,2,b6d689c90964a1e14abf1a76f015514313c972bc05725a513715b756293a124d,37,0,team__mit_team_2,player__sean_fei,correct,0,question,9,,the
20260222T210834Z_nm94h1r,stanford-college-plus-science-bowl,double_elim,2,b6d689c90964a1e14abf1a76f015514313c972bc05725a513715b756293a124d,38,0,team__mit_team_2,,correct,1,end,,,BONUS
20260222T210834Z_nm94h1r,stanford-college-plus-science-bowl,double_elim,2,b6d689c90964a1e14abf1a76f015514313c972bc05725a513715b756293a124d,39,0,team__university_of_alabama_birmingham,player__advik_sharma,correct,1,end,,,END
20260222T210834Z_nm94h1r,stanford-college-plus-science-bowl,double_elim,2,b6d689c90964a1e14abf1a76f015514313c972bc05725a513715b756293a124d,40,0,team__university_of_alabama_birmingham,,correct,1,end,,,BONUS
20260222T210834Z_nm94h1r,stanford-college-plus-science-bowl,double_elim,2,b6d689c90964a1e14abf1a76f015514313c972bc05725a513715b756293a124d,41,0,team__mit_team_2,player__sean_fei,incorrect,0,option,-1,1,X
20260222T210834Z_nm94h1r,stanford-college-plus-science-bowl,double_elim,2,b6d689c90964a1e14abf1a76f015514313c972bc05725a513715b756293a124d,41,1,team__university_of_alabama_birmingham,player__akhil_batchu,correct,1,end,,,END
20260222T210834Z_nm94h1r,stanford-college-plus-science-bowl,double_elim,2,b6d689c90964a1e14abf1a76f015514313c972bc05725a513715b756293a124d,42,0,team__university_of_alabama_birmingham,,correct,1,end,,,BONUS
20260222T210834Z_nm94h1r,stanford-college-plus-science-bowl,double_elim,2,b6d689c90964a1e14abf1a76f015514313c972bc05725a513715b756293a124d,43,0,team__university_of_alabama_birmingham,player__akhil_batchu,incorrect,0,option,5,2,sp2
20260222T210834Z_nm94h1r,stanford-college-plus-science-bowl,double_elim,2,b6d689c90964a1e14abf1a76f015514313c972bc05725a513715b756293a124d,43,1,team__mit_team_2,player__gideon_tzafriri,incorrect,1,end,,,END
20260222T210834Z_nm94h1r,stanford-college-plus-science-bowl,double_elim,2,b6d689c90964a1e14abf1a76f015514313c972bc05725a513715b756293a124d,45,0,team__university_of_alabama_birmingham,player__albert_chen,incorrect,1,end,,,END
20260222T210834Z_nm94h1r,stanford-college-plus-science-bowl,double_elim,2,b6d689c90964a1e14abf1a76f015514313c972bc05725a513715b756293a124d,45,1,team__mit_team_2,player__jonathan_huang,correct,1,end,,,END
20260222T210834Z_nm94h1r,stanford-college-plus-science-bowl,double_elim,2,b6d689c90964a1e14abf1a76f015514313c972bc05725a513715b756293a124d,46,0,team__mit_team_2,,correct,1,end,,,BONUS
20260222T211207Z_8xgb8af,stanford-college-plus-science-bowl,double_elim,2,b6d689c90964a1e14abf1a76f015514313c972bc05725a513715b756293a124d,1,0,team__quizbowlers,player__shahar_schwartz,correct,0,question,15,,release
20260222T211207Z_8xgb8af,stanford-college-plus-science-bowl,double_elim,2,b6d689c90964a1e14abf1a76f015514313c972bc05725a513715b756293a124d,2,0,team__quizbowlers,,incorrect,1,end,,,BONUS
20260222T211207Z_8xgb8af,stanford-college-plus-science-bowl,double_elim,2,b6d689c90964a1e14abf1a76f015514313c972bc05725a513715b756293a124d,3,0,team__cmu,player__vidur_kothur,incorrect,0,option,3,1,be
20260222T211207Z_8xgb8af,stanford-college-plus-science-bowl,double_elim,2,b6d689c90964a1e14abf1a76f015514313c972bc05725a513715b756293a124d,3,1,team__quizbowlers,player__swapnil_garg,correct,1,end,,,END
20260222T211207Z_8xgb8af,stanford-college-plus-science-bowl,double_elim,2,b6d689c90964a1e14abf1a76f015514313c972bc05725a513715b756293a124d,4,0,team__quizbowlers,,correct,1,end,,,BONUS
20260222T211207Z_8xgb8af,stanford-college-plus-science-bowl,double_elim,2,b6d689c90964a1e14abf1a76f015514313c972bc05725a513715b756293a124d,5,0,team__quizbowlers,player__rohan_shelke,incorrect,0,option,1,3,pumpellyite
20260222T211207Z_8xgb8af,stanford-college-plus-science-bowl,double_elim,2,b6d689c90964a1e14abf1a76f015514313c972bc05725a513715b756293a124d,5,1,team__cmu,player__josh_shi,incorrect,1,end,,,END
20260222T211207Z_8xgb8af,stanford-college-plus-science-bowl,double_elim,2,b6d689c90964a1e14abf1a76f015514313c972bc05725a513715b756293a124d,7,0,team__cmu,player__yiyoung_liu,incorrect,1,end,,,END
20260222T211207Z_8xgb8af,stanford-college-plus-science-bowl,double_elim,2,b6d689c90964a1e14abf1a76f015514313c972bc05725a513715b756293a124d,7,1,team__quizbowlers,player__rohan_shelke,incorrect,1,end,,,END
20260222T211207Z_8xgb8af,stanford-college-plus-science-bowl,double_elim,2,b6d689c90964a1e14abf1a76f015514313c972bc05725a513715b756293a124d,9,0,team__cmu,player__peter_ferolito,incorrect,1,end,,,END
20260222T211207Z_8xgb8af,stanford-college-plus-science-bowl,double_elim,2,b6d689c90964a1e14abf1a76f015514313c972bc05725a513715b756293a124d,9,1,team__quizbowlers,player__swapnil_garg,correct,1,end,,,END
20260222T211207Z_8xgb8af,stanford-college-plus-science-bowl,double_elim,2,b6d689c90964a1e14abf1a76f015514313c972bc05725a513715b756293a124d,10,0,team__quizbowlers,,incorrect,1,end,,,BONUS
20260222T211207Z_8xgb8af,stanford-college-plus-science-bowl,double_elim,2,b6d689c90964a1e14abf1a76f015514313c972bc05725a513715b756293a124d,11,0,team__cmu,player__josh_shi,incorrect,0,question,44,,one
20260222T211207Z_8xgb8af,stanford-college-plus-science-bowl,double_elim,2,b6d689c90964a1e14abf1a76f015514313c972bc05725a513715b756293a124d,11,1,team__quizbowlers,player__swapnil_garg,correct,1,end,,,END
20260222T211207Z_8xgb8af,stanford-college-plus-science-bowl,double_elim,2,b6d689c90964a1e14abf1a76f015514313c972bc05725a513715b756293a124d,12,0,team__quizbowlers,,correct,1,end,,,BONUS
20260222T211207Z_8xgb8af,stanford-college-plus-science-bowl,double_elim,2,b6d689c90964a1e14abf1a76f015514313c972bc05725a513715b756293a124d,13,0,team__quizbowlers,player__rohan_shelke,correct,1,end,,,END
20260222T211207Z_8xgb8af,stanford-college-plus-science-bowl,double_elim,2,b6d689c90964a1e14abf1a76f015514313c972bc05725a513715b756293a124d,14,0,team__quizbowlers,,correct,1,end,,,BONUS
20260222T211207Z_8xgb8af,stanford-college-plus-science-bowl,double_elim,2,b6d689c90964a1e14abf1a76f015514313c972bc05725a513715b756293a124d,15,0,team__quizbowlers,player__swapnil_garg,incorrect,1,end,,,END
20260222T211207Z_8xgb8af,stanford-college-plus-science-bowl,double_elim,2,b6d689c90964a1e14abf1a76f015514313c972bc05725a513715b756293a124d,15,1,team__cmu,player__yiyoung_liu,incorrect,1,end,,,END
20260222T211207Z_8xgb8af,stanford-college-plus-science-bowl,double_elim,2,b6d689c90964a1e14abf1a76f015514313c972bc05725a513715b756293a124d,17,0,team__cmu,player__peter_ferolito,correct,1,end,,,END
20260222T211207Z_8xgb8af,stanford-college-plus-science-bowl,double_elim,2,b6d689c90964a1e14abf1a76f015514313c972bc05725a513715b756293a124d,18,0,team__cmu,,correct,1,end,,,BONUS
20260222T211207Z_8xgb8af,stanford-college-plus-science-bowl,double_elim,2,b6d689c90964a1e14abf1a76f015514313c972bc05725a513715b756293a124d,19,0,team__quizbowlers,player__shahar_schwartz,incorrect,0,question,18,,metal
20260222T211207Z_8xgb8af,stanford-college-plus-science-bowl,double_elim,2,b6d689c90964a1e14abf1a76f015514313c972bc05725a513715b756293a124d,19,1,team__cmu,player__vidur_kothur,incorrect,1,end,,,END
20260222T211207Z_8xgb8af,stanford-college-plus-science-bowl,double_elim,2,b6d689c90964a1e14abf1a76f015514313c972bc05725a513715b756293a124d,21,0,team__cmu,player__peter_ferolito,incorrect,1,end,,,END
20260222T211207Z_8xgb8af,stanford-college-plus-science-bowl,double_elim,2,b6d689c90964a1e14abf1a76f015514313c972bc05725a513715b756293a124d,21,1,team__quizbowlers,player__swapnil_garg,correct,1,end,,,END
20260222T211207Z_8xgb8af,stanford-college-plus-science-bowl,double_elim,2,b6d689c90964a1e14abf1a76f015514313c972bc05725a513715b756293a124d,22,0,team__quizbowlers,,incorrect,1,end,,,BONUS
20260222T211207Z_8xgb8af,stanford-college-plus-science-bowl,double_elim,2,b6d689c90964a1e14abf1a76f015514313c972bc05725a513715b756293a124d,23,0,team__cmu,player__vidur_kothur,correct,0,question,27,,to
20260222T211207Z_8xgb8af,stanford-college-plus-science-bowl,double_elim,2,b6d689c90964a1e14abf1a76f015514313c972bc05725a513715b756293a124d,24,0,team__cmu,,correct,1,end,,,BONUS
20260222T211207Z_8xgb8af,stanford-college-plus-science-bowl,double_elim,2,b6d689c90964a1e14abf1a76f015514313c972bc05725a513715b756293a124d,25,0,team__cmu,player__peter_ferolito,correct,0,option,-1,3,Z
20260222T211207Z_8xgb8af,stanford-college-plus-science-bowl,double_elim,2,b6d689c90964a1e14abf1a76f015514313c972bc05725a513715b756293a124d,26,0,team__cmu,,incorrect,1,end,,,BONUS
20260222T211207Z_8xgb8af,stanford-college-plus-science-bowl,double_elim,2,b6d689c90964a1e14abf1a76f015514313c972bc05725a513715b756293a124d,27,0,team__quizbowlers,player__kevin_ye,correct,1,end,,,END
20260222T211207Z_8xgb8af,stanford-college-plus-science-bowl,double_elim,2,b6d689c90964a1e14abf1a76f015514313c972bc05725a513715b756293a124d,28,0,team__quizbowlers,,correct,1,end,,,BONUS
20260222T211207Z_8xgb8af,stanford-college-plus-science-bowl,double_elim,2,b6d689c90964a1e14abf1a76f015514313c972bc05725a513715b756293a124d,29,0,team__quizbowlers,player__rohan_shelke,incorrect,1,end,,,END
20260222T211207Z_8xgb8af,stanford-college-plus-science-bowl,double_elim,2,b6d689c90964a1e14abf1a76f015514313c972bc05725a513715b756293a124d,29,1,team__cmu,player__josh_shi,correct,1,end,,,END
20260222T211207Z_8xgb8af,stanford-college-plus-science-bowl,double_elim,2,b6d689c90964a1e14abf1a76f015514313c972bc05725a513715b756293a124d,30,0,team__cmu,,correct,1,end,,,BONUS
20260222T211207Z_8xgb8af,stanford-college-plus-science-bowl,double_elim,2,b6d689c90964a1e14abf1a76f015514313c972bc05725a513715b756293a124d,31,0,team__cmu,player__josh_shi,incorrect,0,question,14,,or
20260222T211207Z_8xgb8af,stanford-college-plus-science-bowl,double_elim,2,b6d689c90964a1e14abf1a76f015514313c972bc05725a513715b756293a124d,31,1,team__quizbowlers,player__shahar_schwartz,correct,1,end,,,END
20260222T211207Z_8xgb8af,stanford-college-plus-science-bowl,double_elim,2,b6d689c90964a1e14abf1a76f015514313c972bc05725a513715b756293a124d,32,0,team__quizbowlers,,correct,1,end,,,BONUS
20260222T211207Z_8xgb8af,stanford-college-plus-science-bowl,double_elim,2,b6d689c90964a1e14abf1a76f015514313c972bc05725a513715b756293a124d,33,0,team__cmu,player__yiyoung_liu,incorrect,0,option,0,0,16%
20260222T211207Z_8xgb8af,stanford-college-plus-science-bowl,double_elim,2,b6d689c90964a1e14abf1a76f015514313c972bc05725a513715b756293a124d,33,1,team__quizbowlers,player__swapnil_garg,correct,1,end,,,END
20260222T211207Z_8xgb8af,stanford-college-plus-science-bowl,double_elim,2,b6d689c90964a1e14abf1a76f015514313c972bc05725a513715b756293a124d,34,0,team__quizbowlers,,incorrect,1,end,,,BONUS
20260222T211207Z_8xgb8af,stanford-college-plus-science-bowl,double_elim,2,b6d689c90964a1e14abf1a76f015514313c972bc05725a513715b756293a124d,35,0,team__cmu,player__peter_ferolito,incorrect,0,option,-1,2,Y
20260222T211207Z_8xgb8af,stanford-college-plus-science-bowl,double_elim,2,b6d689c90964a1e14abf1a76f015514313c972bc05725a513715b756293a124d,35,1,team__quizbowlers,player__rohan_shelke,correct,1,end,,,END
20260222T211207Z_8xgb8af,stanford-college-plus-science-bowl,double_elim,2,b6d689c90964a1e14abf1a76f015514313c972bc05725a513715b756293a124d,36,0,team__quizbowlers,,correct,1,end,,,BONUS
20260222T211207Z_8xgb8af,stanford-college-plus-science-bowl,double_elim,2,b6d689c90964a1e14abf1a76f015514313c972bc05725a513715b756293a124d,37,0,team__cmu,player__yiyoung_liu,incorrect,1,end,,,END
20260222T211207Z_8xgb8af,stanford-college-plus-science-bowl,double_elim,2,b6d689c90964a1e14abf1a76f015514313c972bc05725a513715b756293a124d,37,1,team__quizbowlers,player__rohan_shelke,incorrect,1,end,,,END
20260222T211207Z_8xgb8af,stanford-college-plus-science-bowl,double_elim,2,b6d689c90964a1e14abf1a76f015514313c972bc05725a513715b756293a124d,39,0,team__cmu,player__yiyoung_liu,correct,1,end,,,END
20260222T211207Z_8xgb8af,stanford-college-plus-science-bowl,double_elim,2,b6d689c90964a1e14abf1a76f015514313c972bc05725a513715b756293a124d,40,0,team__cmu,,correct,1,end,,,BONUS
20260222T211207Z_8xgb8af,stanford-college-plus-science-bowl,double_elim,2,b6d689c90964a1e14abf1a76f015514313c972bc05725a513715b756293a124d,41,0,team__cmu,player__yiyoung_liu,incorrect,1,end,,,END
20260222T211207Z_8xgb8af,stanford-college-plus-science-bowl,double_elim,2,b6d689c90964a1e14abf1a76f015514313c972bc05725a513715b756293a124d,41,1,team__quizbowlers,player__rohan_shelke,incorrect,1,end,,,END
20260222T211207Z_8xgb8af,stanford-college-plus-science-bowl,double_elim,2,b6d689c90964a1e14abf1a76f015514313c972bc05725a513715b756293a124d,43,0,team__quizbowlers,player__kevin_ye,incorrect,0,option,-1,2,Y
20260222T211207Z_8xgb8af,stanford-college-plus-science-bowl,double_elim,2,b6d689c90964a1e14abf1a76f015514313c972bc05725a513715b756293a124d,43,1,team__cmu,player__yiyoung_liu,correct,0,option,0,2,Atoms
20260222T211207Z_8xgb8af,stanford-college-plus-science-bowl,double_elim,2,b6d689c90964a1e14abf1a76f015514313c972bc05725a513715b756293a124d,44,0,team__cmu,,correct,1,end,,,BONUS
20260222T211207Z_8xgb8af,stanford-college-plus-science-bowl,double_elim,2,b6d689c90964a1e14abf1a76f015514313c972bc05725a513715b756293a124d,45,0,team__quizbowlers,player__swapnil_garg,incorrect,1,end,,,END
20260222T211207Z_8xgb8af,stanford-college-plus-science-bowl,double_elim,2,b6d689c90964a1e14abf1a76f015514313c972bc05725a513715b756293a124d,45,1,team__cmu,player__peter_ferolito,correct,1,end,,,END
20260222T211207Z_8xgb8af,stanford-college-plus-science-bowl,double_elim,2,b6d689c90964a1e14abf1a76f015514313c972bc05725a513715b756293a124d,46,0,team__cmu,,correct,1,end,,,BONUS
20260222T211239Z_vqj6a3t,stanford-college-plus-science-bowl,double_elim,2,b6d689c90964a1e14abf1a76f015514313c972bc05725a513715b756293a124d,1,0,team__mit_team_1,player__selena_yang,correct,0,question,6,,suprachiasmatic
20260222T211239Z_vqj6a3t,stanford-college-plus-science-bowl,double_elim,2,b6d689c90964a1e14abf1a76f015514313c972bc05725a513715b756293a124d,2,0,team__mit_team_1,,correct,1,end,,,BONUS
20260222T211239Z_vqj6a3t,stanford-college-plus-science-bowl,double_elim,2,b6d689c90964a1e14abf1a76f015514313c972bc05725a513715b756293a124d,3,0,team__mit_team_1,player__anurag_sodhi,correct,0,option,8,3,a
20260222T211239Z_vqj6a3t,stanford-college-plus-science-bowl,double_elim,2,b6d689c90964a1e14abf1a76f015514313c972bc05725a513715b756293a124d,4,0,team__mit_team_1,,correct,1,end,,,BONUS
20260222T211239Z_vqj6a3t,stanford-college-plus-science-bowl,double_elim,2,b6d689c90964a1e14abf1a76f015514313c972bc05725a513715b756293a124d,5,0,team__mit_team_1,player__anurag_sodhi,correct,1,end,,,END
20260222T211239Z_vqj6a3t,stanford-college-plus-science-bowl,double_elim,2,b6d689c90964a1e14abf1a76f015514313c972bc05725a513715b756293a124d,6,0,team__mit_team_1,,incorrect,1,end,,,BONUS
20260222T211239Z_vqj6a3t,stanford-college-plus-science-bowl,double_elim,2,b6d689c90964a1e14abf1a76f015514313c972bc05725a513715b756293a124d,7,0,team__mit_team_1,player__anurag_sodhi,incorrect,0,option,-1,1,X
20260222T211239Z_vqj6a3t,stanford-college-plus-science-bowl,double_elim,2,b6d689c90964a1e14abf1a76f015514313c972bc05725a513715b756293a124d,7,1,team__where_is_the_goal_keeper,player__daniel_lu,incorrect,1,end,,,END
20260222T211239Z_vqj6a3t,stanford-college-plus-science-bowl,double_elim,2,b6d689c90964a1e14abf1a76f015514313c972bc05725a513715b756293a124d,9,0,team__mit_team_1,player__anurag_sodhi,incorrect,1,end,,,END
20260222T211239Z_vqj6a3t,stanford-college-plus-science-bowl,double_elim,2,b6d689c90964a1e14abf1a76f015514313c972bc05725a513715b756293a124d,9,1,team__where_is_the_goal_keeper,player__isaac_mammel,correct,1,end,,,END
20260222T211239Z_vqj6a3t,stanford-college-plus-science-bowl,double_elim,2,b6d689c90964a1e14abf1a76f015514313c972bc05725a513715b756293a124d,10,0,team__where_is_the_goal_keeper,,correct,1,end,,,BONUS
20260222T211239Z_vqj6a3t,stanford-college-plus-science-bowl,double_elim,2,b6d689c90964a1e14abf1a76f015514313c972bc05725a513715b756293a124d,11,0,team__mit_team_1,player__anurag_sodhi,incorrect,0,question,37,,theorem
20260222T211239Z_vqj6a3t,stanford-college-plus-science-bowl,double_elim,2,b6d689c90964a1e14abf1a76f015514313c972bc05725a513715b756293a124d,11,1,team__where_is_the_goal_keeper,player__saahil_dugar,incorrect,1,end,,,END
20260222T211239Z_vqj6a3t,stanford-college-plus-science-bowl,double_elim,2,b6d689c90964a1e14abf1a76f015514313c972bc05725a513715b756293a124d,13,0,team__mit_team_1,player__selena_yang,correct,0,question,8,,opening
20260222T211239Z_vqj6a3t,stanford-college-plus-science-bowl,double_elim,2,b6d689c90964a1e14abf1a76f015514313c972bc05725a513715b756293a124d,14,0,team__mit_team_1,,correct,1,end,,,BONUS
20260222T211239Z_vqj6a3t,stanford-college-plus-science-bowl,double_elim,2,b6d689c90964a1e14abf1a76f015514313c972bc05725a513715b756293a124d,15,0,team__mit_team_1,player__yunyi_ling,incorrect,1,end,,,END
20260222T211239Z_vqj6a3t,stanford-college-plus-science-bowl,double_elim,2,b6d689c90964a1e14abf1a76f015514313c972bc05725a513715b756293a124d,15,1,team__where_is_the_goal_keeper,player__daniel_lu,incorrect,1,end,,,END
20260222T211239Z_vqj6a3t,stanford-college-plus-science-bowl,double_elim,2,b6d689c90964a1e14abf1a76f015514313c972bc05725a513715b756293a124d,17,0,team__mit_team_1,player__anurag_sodhi,correct,1,end,,,END
20260222T211239Z_vqj6a3t,stanford-college-plus-science-bowl,double_elim,2,b6d689c90964a1e14abf1a76f015514313c972bc05725a513715b756293a124d,18,0,team__mit_team_1,,incorrect,1,end,,,BONUS
20260222T211239Z_vqj6a3t,stanford-college-plus-science-bowl,double_elim,2,b6d689c90964a1e14abf1a76f015514313c972bc05725a513715b756293a124d,19,0,team__mit_team_1,player__yunyi_ling,incorrect,0,question,13,,from
20260222T211239Z_vqj6a3t,stanford-college-plus-science-bowl,double_elim,2,b6d689c90964a1e14abf1a76f015514313c972bc05725a513715b756293a124d,19,1,team__where_is_the_goal_keeper,player__daniel_lu,incorrect,1,end,,,END
20260222T211239Z_vqj6a3t,stanford-college-plus-science-bowl,double_elim,2,b6d689c90964a1e14abf1a76f015514313c972bc05725a513715b756293a124d,21,0,team__mit_team_1,player__mingwen_duan,correct,1,end,,,END
20260222T211239Z_vqj6a3t,stanford-college-plus-science-bowl,double_elim,2,b6d689c90964a1e14abf1a76f015514313c972bc05725a513715b756293a124d,22,0,team__mit_team_1,,correct,1,end,,,BONUS
20260222T211239Z_vqj6a3t,stanford-college-plus-science-bowl,double_elim,2,b6d689c90964a1e14abf1a76f015514313c972bc05725a513715b756293a124d,23,0,team__mit_team_1,player__selena_yang,correct,0,question,19,,acids
20260222T211239Z_vqj6a3t,stanford-college-plus-science-bowl,double_elim,2,b6d689c90964a1e14abf1a76f015514313c972bc05725a513715b756293a124d,24,0,team__mit_team_1,,correct,1,end,,,BONUS
20260222T211239Z_vqj6a3t,stanford-college-plus-science-bowl,double_elim,2,b6d689c90964a1e14abf1a76f015514313c972bc05725a513715b756293a124d,25,0,team__mit_team_1,player__anurag_sodhi,correct,0,option,0,1,2000
20260222T211239Z_vqj6a3t,stanford-college-plus-science-bowl,double_elim,2,b6d689c90964a1e14abf1a76f015514313c972bc05725a513715b756293a124d,26,0,team__mit_team_1,,correct,1,end,,,BONUS
20260222T211239Z_vqj6a3t,stanford-college-plus-science-bowl,double_elim,2,b6d689c90964a1e14abf1a76f015514313c972bc05725a513715b756293a124d,27,0,team__mit_team_1,player__anurag_sodhi,correct,0,question,15,,ideal
20260222T211239Z_vqj6a3t,stanford-college-plus-science-bowl,double_elim,2,b6d689c90964a1e14abf1a76f015514313c972bc05725a513715b756293a124d,28,0,team__mit_team_1,,correct,1,end,,,BONUS
20260222T211239Z_vqj6a3t,stanford-college-plus-science-bowl,double_elim,2,b6d689c90964a1e14abf1a76f015514313c972bc05725a513715b756293a124d,29,0,team__where_is_the_goal_keeper,player__daniel_lu,correct,1,end,,,END
20260222T211239Z_vqj6a3t,stanford-college-plus-science-bowl,double_elim,2,b6d689c90964a1e14abf1a76f015514313c972bc05725a513715b756293a124d,30,0,team__where_is_the_goal_keeper,,correct,1,end,,,BONUS
20260222T211239Z_vqj6a3t,stanford-college-plus-science-bowl,double_elim,2,b6d689c90964a1e14abf1a76f015514313c972bc05725a513715b756293a124d,31,0,team__mit_team_1,player__anurag_sodhi,incorrect,0,question,16,,liquids
20260222T211239Z_vqj6a3t,stanford-college-plus-science-bowl,double_elim,2,b6d689c90964a1e14abf1a76f015514313c972bc05725a513715b756293a124d,31,1,team__where_is_the_goal_keeper,player__daniel_lu,incorrect,1,end,,,END
20260222T211239Z_vqj6a3t,stanford-college-plus-science-bowl,double_elim,2,b6d689c90964a1e14abf1a76f015514313c972bc05725a513715b756293a124d,33,0,team__where_is_the_goal_keeper,player__daniel_lu,correct,0,option,0,0,16%
20260222T211239Z_vqj6a3t,stanford-college-plus-science-bowl,double_elim,2,b6d689c90964a1e14abf1a76f015514313c972bc05725a513715b756293a124d,34,0,team__where_is_the_goal_keeper,,incorrect,1,end,,,BONUS
20260222T211239Z_vqj6a3t,stanford-college-plus-science-bowl,double_elim,2,b6d689c90964a1e14abf1a76f015514313c972bc05725a513715b756293a124d,35,0,team__where_is_the_goal_keeper,player__saahil_dugar,incorrect,0,option,0,2,Silt
20260222T211239Z_vqj6a3t,stanford-college-plus-science-bowl,double_elim,2,b6d689c90964a1e14abf1a76f015514313c972bc05725a513715b756293a124d,35,1,team__mit_team_1,player__anurag_sodhi,correct,1,end,,,END
20260222T211239Z_vqj6a3t,stanford-college-plus-science-bowl,double_elim,2,b6d689c90964a1e14abf1a76f015514313c972bc05725a513715b756293a124d,36,0,team__mit_team_1,,correct,1,end,,,BONUS
20260222T211239Z_vqj6a3t,stanford-college-plus-science-bowl,double_elim,2,b6d689c90964a1e14abf1a76f015514313c972bc05725a513715b756293a124d,37,0,team__mit_team_1,player__selena_yang,correct,0,question,4,,fuse
20260222T211239Z_vqj6a3t,stanford-college-plus-science-bowl,double_elim,2,b6d689c90964a1e14abf1a76f015514313c972bc05725a513715b756293a124d,38,0,team__mit_team_1,,correct,1,end,,,BONUS
20260222T211239Z_vqj6a3t,stanford-college-plus-science-bowl,double_elim,2,b6d689c90964a1e14abf1a76f015514313c972bc05725a513715b756293a124d,39,0,team__where_is_the_goal_keeper,player__isaac_mammel,incorrect,1,end,,,END
20260222T211239Z_vqj6a3t,stanford-college-plus-science-bowl,double_elim,2,b6d689c90964a1e14abf1a76f015514313c972bc05725a513715b756293a124d,39,1,team__mit_team_1,player__anurag_sodhi,incorrect,1,end,,,END
20260222T211239Z_vqj6a3t,stanford-college-plus-science-bowl,double_elim,2,b6d689c90964a1e14abf1a76f015514313c972bc05725a513715b756293a124d,41,0,team__where_is_the_goal_keeper,player__daniel_lu,incorrect,1,end,,,END
20260222T211239Z_vqj6a3t,stanford-college-plus-science-bowl,double_elim,2,b6d689c90964a1e14abf1a76f015514313c972bc05725a513715b756293a124d,41,1,team__mit_team_1,player__yunyi_ling,correct,1,end,,,END
20260222T211239Z_vqj6a3t,stanford-college-plus-science-bowl,double_elim,2,b6d689c90964a1e14abf1a76f015514313c972bc05725a513715b756293a124d,42,0,team__mit_team_1,,correct,1,end,,,BONUS
20260222T211239Z_vqj6a3t,stanford-college-plus-science-bowl,double_elim,2,b6d689c90964a1e14abf1a76f015514313c972bc05725a513715b756293a124d,43,0,team__where_is_the_goal_keeper,player__daniel_lu,incorrect,0,option,4,2,be
20260222T211239Z_vqj6a3t,stanford-college-plus-science-bowl,double_elim,2,b6d689c90964a1e14abf1a76f015514313c972bc05725a513715b756293a124d,43,1,team__mit_team_1,player__yunyi_ling,correct,1,end,,,END
20260222T211239Z_vqj6a3t,stanford-college-plus-science-bowl,double_elim,2,b6d689c90964a1e14abf1a76f015514313c972bc05725a513715b756293a124d,44,0,team__mit_team_1,,correct,1,end,,,BONUS
20260222T211239Z_vqj6a3t,stanford-college-plus-science-bowl,double_elim,2,b6d689c90964a1e14abf1a76f015514313c972bc05725a513715b756293a124d,45,0,team__where_is_the_goal_keeper,player__isaac_mammel,correct,1,end,,,END
20260222T211239Z_vqj6a3t,stanford-college-plus-science-bowl,double_elim,2,b6d689c90964a1e14abf1a76f015514313c972bc05725a513715b756293a124d,46,0,team__where_is_the_goal_keeper,,correct,1,end,,,BONUS
20260222T215300Z_d1om604,stanford-college-plus-science-bowl,double_elim,3,275f572af73fbe0baea4b65266d91fce0b57a0b6569c5528a6af41256e1fdb2e,1,0,team__cmu,player__vidur_kothur,incorrect,0,question,23,,off
20260222T215300Z_d1om604,stanford-college-plus-science-bowl,double_elim,3,275f572af73fbe0baea4b65266d91fce0b57a0b6569c5528a6af41256e1fdb2e,1,1,team__where_is_the_goal_keeper,player__daniel_lu,incorrect,1,end,,,END
20260222T215300Z_d1om604,stanford-college-plus-science-bowl,double_elim,3,275f572af73fbe0baea4b65266d91fce0b57a0b6569c5528a6af41256e1fdb2e,3,0,team__where_is_the_goal_keeper,player__daniel_lu,correct,0,option,-1,1,X
20260222T215300Z_d1om604,stanford-college-plus-science-bowl,double_elim,3,275f572af73fbe0baea4b65266d91fce0b57a0b6569c5528a6af41256e1fdb2e,4,0,team__where_is_the_goal_keeper,,correct,1,end,,,BONUS
20260222T215300Z_d1om604,stanford-college-plus-science-bowl,double_elim,3,275f572af73fbe0baea4b65266d91fce0b57a0b6569c5528a6af41256e1fdb2e,5,0,team__cmu,player__peter_ferolito,correct,1,end,,,END
20260222T215300Z_d1om604,stanford-college-plus-science-bowl,double_elim,3,275f572af73fbe0baea4b65266d91fce0b57a0b6569c5528a6af41256e1fdb2e,6,0,team__cmu,,correct,1,end,,,BONUS
20260222T215300Z_d1om604,stanford-college-plus-science-bowl,double_elim,3,275f572af73fbe0baea4b65266d91fce0b57a0b6569c5528a6af41256e1fdb2e,7,0,team__where_is_the_goal_keeper,player__daniel_lu,correct,1,end,,,END
20260222T215300Z_d1om604,stanford-college-plus-science-bowl,double_elim,3,275f572af73fbe0baea4b65266d91fce0b57a0b6569c5528a6af41256e1fdb2e,8,0,team__where_is_the_goal_keeper,,incorrect,1,end,,,BONUS
20260222T215300Z_d1om604,stanford-college-plus-science-bowl,double_elim,3,275f572af73fbe0baea4b65266d91fce0b57a0b6569c5528a6af41256e1fdb2e,9,0,team__cmu,player__peter_ferolito,incorrect,1,end,,,END
20260222T215300Z_d1om604,stanford-college-plus-science-bowl,double_elim,3,275f572af73fbe0baea4b65266d91fce0b57a0b6569c5528a6af41256e1fdb2e,11,0,team__where_is_the_goal_keeper,player__daniel_lu,correct,0,question,35,,1)
20260222T215300Z_d1om604,stanford-college-plus-science-bowl,double_elim,3,275f572af73fbe0baea4b65266d91fce0b57a0b6569c5528a6af41256e1fdb2e,12,0,team__where_is_the_goal_keeper,,correct,1,end,,,BONUS
20260222T215300Z_d1om604,stanford-college-plus-science-bowl,double_elim,3,275f572af73fbe0baea4b65266d91fce0b57a0b6569c5528a6af41256e1fdb2e,13,0,team__where_is_the_goal_keeper,player__daniel_lu,incorrect,1,end,,,END
20260222T215300Z_d1om604,stanford-college-plus-science-bowl,double_elim,3,275f572af73fbe0baea4b65266d91fce0b57a0b6569c5528a6af41256e1fdb2e,13,1,team__cmu,player__yiyoung_liu,incorrect,1,end,,,END
20260222T215300Z_d1om604,stanford-college-plus-science-bowl,double_elim,3,275f572af73fbe0baea4b65266d91fce0b57a0b6569c5528a6af41256e1fdb2e,15,0,team__where_is_the_goal_keeper,player__daniel_lu,incorrect,0,question,9,,electrons
20260222T215300Z_d1om604,stanford-college-plus-science-bowl,double_elim,3,275f572af73fbe0baea4b65266d91fce0b57a0b6569c5528a6af41256e1fdb2e,15,1,team__cmu,player__josh_shi,incorrect,1,end,,,END
20260222T215300Z_d1om604,stanford-college-plus-science-bowl,double_elim,3,275f572af73fbe0baea4b65266d91fce0b57a0b6569c5528a6af41256e1fdb2e,17,0,team__where_is_the_goal_keeper,player__daniel_lu,correct,1,end,,,END
20260222T215300Z_d1om604,stanford-college-plus-science-bowl,double_elim,3,275f572af73fbe0baea4b65266d91fce0b57a0b6569c5528a6af41256e1fdb2e,18,0,team__where_is_the_goal_keeper,,correct,1,end,,,BONUS
20260222T215300Z_d1om604,stanford-college-plus-science-bowl,double_elim,3,275f572af73fbe0baea4b65266d91fce0b57a0b6569c5528a6af41256e1fdb2e,19,0,team__where_is_the_goal_keeper,player__daniel_lu,correct,0,question,17,,is
20260222T215300Z_d1om604,stanford-college-plus-science-bowl,double_elim,3,275f572af73fbe0baea4b65266d91fce0b57a0b6569c5528a6af41256e1fdb2e,20,0,team__where_is_the_goal_keeper,,incorrect,1,end,,,BONUS
20260222T215300Z_d1om604,stanford-college-plus-science-bowl,double_elim,3,275f572af73fbe0baea4b65266d91fce0b57a0b6569c5528a6af41256e1fdb2e,21,0,team__cmu,player__peter_ferolito,correct,1,end,,,END
20260222T215300Z_d1om604,stanford-college-plus-science-bowl,double_elim,3,275f572af73fbe0baea4b65266d91fce0b57a0b6569c5528a6af41256e1fdb2e,22,0,team__cmu,,correct,1,end,,,BONUS
20260222T215300Z_d1om604,stanford-college-plus-science-bowl,double_elim,3,275f572af73fbe0baea4b65266d91fce0b57a0b6569c5528a6af41256e1fdb2e,23,0,team__cmu,player__yiyoung_liu,incorrect,0,option,-1,0,W
20260222T215300Z_d1om604,stanford-college-plus-science-bowl,double_elim,3,275f572af73fbe0baea4b65266d91fce0b57a0b6569c5528a6af41256e1fdb2e,23,1,team__where_is_the_goal_keeper,player__daniel_lu,correct,1,end,,,END
20260222T215300Z_d1om604,stanford-college-plus-science-bowl,double_elim,3,275f572af73fbe0baea4b65266d91fce0b57a0b6569c5528a6af41256e1fdb2e,24,0,team__where_is_the_goal_keeper,,incorrect,1,end,,,BONUS
20260222T215300Z_d1om604,stanford-college-plus-science-bowl,double_elim,3,275f572af73fbe0baea4b65266d91fce0b57a0b6569c5528a6af41256e1fdb2e,27,0,team__cmu,player__vidur_kothur,correct,0,question,27,,critical
20260222T215300Z_d1om604,stanford-college-plus-science-bowl,double_elim,3,275f572af73fbe0baea4b65266d91fce0b57a0b6569c5528a6af41256e1fdb2e,28,0,team__cmu,,correct,1,end,,,BONUS
20260222T215300Z_d1om604,stanford-college-plus-science-bowl,double_elim,3,275f572af73fbe0baea4b65266d91fce0b57a0b6569c5528a6af41256e1fdb2e,29,0,team__cmu,player__vidur_kothur,incorrect,1,end,,,END
20260222T215300Z_d1om604,stanford-college-plus-science-bowl,double_elim,3,275f572af73fbe0baea4b65266d91fce0b57a0b6569c5528a6af41256e1fdb2e,29,1,team__where_is_the_goal_keeper,player__daniel_lu,incorrect,1,end,,,END
20260222T215300Z_d1om604,stanford-college-plus-science-bowl,double_elim,3,275f572af73fbe0baea4b65266d91fce0b57a0b6569c5528a6af41256e1fdb2e,31,0,team__cmu,player__vidur_kothur,correct,1,end,,,END
20260222T215300Z_d1om604,stanford-college-plus-science-bowl,double_elim,3,275f572af73fbe0baea4b65266d91fce0b57a0b6569c5528a6af41256e1fdb2e,32,0,team__cmu,,incorrect,1,end,,,BONUS
20260222T215300Z_d1om604,stanford-college-plus-science-bowl,double_elim,3,275f572af73fbe0baea4b65266d91fce0b57a0b6569c5528a6af41256e1fdb2e,33,0,team__cmu,player__peter_ferolito,correct,1,end,,,END
20260222T215300Z_d1om604,stanford-college-plus-science-bowl,double_elim,3,275f572af73fbe0baea4b65266d91fce0b57a0b6569c5528a6af41256e1fdb2e,34,0,team__cmu,,correct,1,end,,,BONUS
20260222T215300Z_d1om604,stanford-college-plus-science-bowl,double_elim,3,275f572af73fbe0baea4b65266d91fce0b57a0b6569c5528a6af41256e1fdb2e,35,0,team__where_is_the_goal_keeper,player__daniel_lu,correct,1,end,,,END
20260222T215300Z_d1om604,stanford-college-plus-science-bowl,double_elim,3,275f572af73fbe0baea4b65266d91fce0b57a0b6569c5528a6af41256e1fdb2e,36,0,team__where_is_the_goal_keeper,,incorrect,1,end,,,BONUS
20260222T215300Z_d1om604,stanford-college-plus-science-bowl,double_elim,3,275f572af73fbe0baea4b65266d91fce0b57a0b6569c5528a6af41256e1fdb2e,37,0,team__cmu,player__yiyoung_liu,incorrect,1,end,,,END
20260222T215300Z_d1om604,stanford-college-plus-science-bowl,double_elim,3,275f572af73fbe0baea4b65266d91fce0b57a0b6569c5528a6af41256e1fdb2e,37,1,team__where_is_the_goal_keeper,player__daniel_lu,correct,1,end,,,END
20260222T215300Z_d1om604,stanford-college-plus-science-bowl,double_elim,3,275f572af73fbe0baea4b65266d91fce0b57a0b6569c5528a6af41256e1fdb2e,38,0,team__where_is_the_goal_keeper,,incorrect,1,end,,,BONUS
20260222T215300Z_d1om604,stanford-college-plus-science-bowl,double_elim,3,275f572af73fbe0baea4b65266d91fce0b57a0b6569c5528a6af41256e1fdb2e,39,0,team__cmu,player__vidur_kothur,incorrect,0,question,19,,quantities?
20260222T215300Z_d1om604,stanford-college-plus-science-bowl,double_elim,3,275f572af73fbe0baea4b65266d91fce0b57a0b6569c5528a6af41256e1fdb2e,39,1,team__where_is_the_goal_keeper,player__daniel_lu,incorrect,1,end,,,END
20260222T215300Z_d1om604,stanford-college-plus-science-bowl,double_elim,3,275f572af73fbe0baea4b65266d91fce0b57a0b6569c5528a6af41256e1fdb2e,41,0,team__cmu,player__peter_ferolito,correct,0,question,16,,photosphere?
20260222T215300Z_d1om604,stanford-college-plus-science-bowl,double_elim,3,275f572af73fbe0baea4b65266d91fce0b57a0b6569c5528a6af41256e1fdb2e,42,0,team__cmu,,incorrect,1,end,,,BONUS
20260222T215300Z_d1om604,stanford-college-plus-science-bowl,double_elim,3,275f572af73fbe0baea4b65266d91fce0b57a0b6569c5528a6af41256e1fdb2e,43,0,team__where_is_the_goal_keeper,player__daniel_lu,incorrect,1,end,,,END
20260222T215300Z_d1om604,stanford-college-plus-science-bowl,double_elim,3,275f572af73fbe0baea4b65266d91fce0b57a0b6569c5528a6af41256e1fdb2e,43,1,team__cmu,player__josh_shi,incorrect,1,end,,,END
20260222T215300Z_d1om604,stanford-college-plus-science-bowl,double_elim,3,275f572af73fbe0baea4b65266d91fce0b57a0b6569c5528a6af41256e1fdb2e,45,0,team__where_is_the_goal_keeper,player__daniel_lu,incorrect,1,end,,,END
20260222T215300Z_d1om604,stanford-college-plus-science-bowl,double_elim,3,275f572af73fbe0baea4b65266d91fce0b57a0b6569c5528a6af41256e1fdb2e,45,1,team__cmu,player__peter_ferolito,correct,1,end,,,END
20260222T215300Z_d1om604,stanford-college-plus-science-bowl,double_elim,3,275f572af73fbe0baea4b65266d91fce0b57a0b6569c5528a6af41256e1fdb2e,46,0,team__cmu,,correct,1,end,,,BONUS
20260222T215428Z_pck9v1n,stanford-college-plus-science-bowl,double_elim,3,275f572af73fbe0baea4b65266d91fce0b57a0b6569c5528a6af41256e1fdb2e,1,0,team__mit_team_2,player__sean_fei,correct,1,end,,,END
20260222T215428Z_pck9v1n,stanford-college-plus-science-bowl,double_elim,3,275f572af73fbe0baea4b65266d91fce0b57a0b6569c5528a6af41256e1fdb2e,2,0,team__mit_team_2,,correct,1,end,,,BONUS
20260222T215428Z_pck9v1n,stanford-college-plus-science-bowl,double_elim,3,275f572af73fbe0baea4b65266d91fce0b57a0b6569c5528a6af41256e1fdb2e,3,0,team__mit_team_1,player__yunyi_ling,correct,0,option,1,1,meters
20260222T215428Z_pck9v1n,stanford-college-plus-science-bowl,double_elim,3,275f572af73fbe0baea4b65266d91fce0b57a0b6569c5528a6af41256e1fdb2e,4,0,team__mit_team_1,,correct,1,end,,,BONUS
20260222T215428Z_pck9v1n,stanford-college-plus-science-bowl,double_elim,3,275f572af73fbe0baea4b65266d91fce0b57a0b6569c5528a6af41256e1fdb2e,5,0,team__mit_team_2,player__jonathan_huang,incorrect,0,option,6,2,comet’s
20260222T215428Z_pck9v1n,stanford-college-plus-science-bowl,double_elim,3,275f572af73fbe0baea4b65266d91fce0b57a0b6569c5528a6af41256e1fdb2e,5,1,team__mit_team_1,player__anurag_sodhi,incorrect,1,end,,,END
20260222T215428Z_pck9v1n,stanford-college-plus-science-bowl,double_elim,3,275f572af73fbe0baea4b65266d91fce0b57a0b6569c5528a6af41256e1fdb2e,7,0,team__mit_team_1,player__anurag_sodhi,incorrect,0,question,6,,crystallizes
20260222T215428Z_pck9v1n,stanford-college-plus-science-bowl,double_elim,3,275f572af73fbe0baea4b65266d91fce0b57a0b6569c5528a6af41256e1fdb2e,7,1,team__mit_team_2,player__gideon_tzafriri,correct,1,end,,,END
20260222T215428Z_pck9v1n,stanford-college-plus-science-bowl,double_elim,3,275f572af73fbe0baea4b65266d91fce0b57a0b6569c5528a6af41256e1fdb2e,8,0,team__mit_team_2,,correct,1,end,,,BONUS
20260222T215428Z_pck9v1n,stanford-college-plus-science-bowl,double_elim,3,275f572af73fbe0baea4b65266d91fce0b57a0b6569c5528a6af41256e1fdb2e,9,0,team__mit_team_1,player__yunyi_ling,correct,1,end,,,END
20260222T215428Z_pck9v1n,stanford-college-plus-science-bowl,double_elim,3,275f572af73fbe0baea4b65266d91fce0b57a0b6569c5528a6af41256e1fdb2e,10,0,team__mit_team_1,,correct,1,end,,,BONUS
20260222T215428Z_pck9v1n,stanford-college-plus-science-bowl,double_elim,3,275f572af73fbe0baea4b65266d91fce0b57a0b6569c5528a6af41256e1fdb2e,11,0,team__mit_team_2,player__sean_fei,correct,0,question,37,,2)
20260222T215428Z_pck9v1n,stanford-college-plus-science-bowl,double_elim,3,275f572af73fbe0baea4b65266d91fce0b57a0b6569c5528a6af41256e1fdb2e,12,0,team__mit_team_2,,incorrect,1,end,,,BONUS
20260222T215428Z_pck9v1n,stanford-college-plus-science-bowl,double_elim,3,275f572af73fbe0baea4b65266d91fce0b57a0b6569c5528a6af41256e1fdb2e,13,0,team__mit_team_2,player__sean_fei,correct,0,option,0,1,Phosphofructokinase
20260222T215428Z_pck9v1n,stanford-college-plus-science-bowl,double_elim,3,275f572af73fbe0baea4b65266d91fce0b57a0b6569c5528a6af41256e1fdb2e,14,0,team__mit_team_2,,correct,1,end,,,BONUS
20260222T215428Z_pck9v1n,stanford-college-plus-science-bowl,double_elim,3,275f572af73fbe0baea4b65266d91fce0b57a0b6569c5528a6af41256e1fdb2e,15,0,team__mit_team_1,player__anurag_sodhi,incorrect,0,question,6,,magnetic
20260222T215428Z_pck9v1n,stanford-college-plus-science-bowl,double_elim,3,275f572af73fbe0baea4b65266d91fce0b57a0b6569c5528a6af41256e1fdb2e,15,1,team__mit_team_2,player__gideon_tzafriri,correct,1,end,,,END
20260222T215428Z_pck9v1n,stanford-college-plus-science-bowl,double_elim,3,275f572af73fbe0baea4b65266d91fce0b57a0b6569c5528a6af41256e1fdb2e,16,0,team__mit_team_2,,correct,1,end,,,BONUS
20260222T215428Z_pck9v1n,stanford-college-plus-science-bowl,double_elim,3,275f572af73fbe0baea4b65266d91fce0b57a0b6569c5528a6af41256e1fdb2e,17,0,team__mit_team_2,player__sean_fei,incorrect,0,question,21,,T
20260222T215428Z_pck9v1n,stanford-college-plus-science-bowl,double_elim,3,275f572af73fbe0baea4b65266d91fce0b57a0b6569c5528a6af41256e1fdb2e,17,1,team__mit_team_1,player__yunyi_ling,correct,1,end,,,END
20260222T215428Z_pck9v1n,stanford-college-plus-science-bowl,double_elim,3,275f572af73fbe0baea4b65266d91fce0b57a0b6569c5528a6af41256e1fdb2e,18,0,team__mit_team_1,,incorrect,1,end,,,BONUS
20260222T215428Z_pck9v1n,stanford-college-plus-science-bowl,double_elim,3,275f572af73fbe0baea4b65266d91fce0b57a0b6569c5528a6af41256e1fdb2e,19,0,team__mit_team_2,player__gideon_tzafriri,correct,0,question,6,,contains
20260222T215428Z_pck9v1n,stanford-college-plus-science-bowl,double_elim,3,275f572af73fbe0baea4b65266d91fce0b57a0b6569c5528a6af41256e1fdb2e,20,0,team__mit_team_2,,incorrect,1,end,,,BONUS
20260222T215428Z_pck9v1n,stanford-college-plus-science-bowl,double_elim,3,275f572af73fbe0baea4b65266d91fce0b57a0b6569c5528a6af41256e1fdb2e,21,0,team__mit_team_1,player__mingwen_duan,incorrect,0,question,18,,and
20260222T215428Z_pck9v1n,stanford-college-plus-science-bowl,double_elim,3,275f572af73fbe0baea4b65266d91fce0b57a0b6569c5528a6af41256e1fdb2e,21,1,team__mit_team_2,player__aryan_bora,correct,1,end,,,END
20260222T215428Z_pck9v1n,stanford-college-plus-science-bowl,double_elim,3,275f572af73fbe0baea4b65266d91fce0b57a0b6569c5528a6af41256e1fdb2e,22,0,team__mit_team_2,,correct,1,end,,,BONUS
20260222T215428Z_pck9v1n,stanford-college-plus-science-bowl,double_elim,3,275f572af73fbe0baea4b65266d91fce0b57a0b6569c5528a6af41256e1fdb2e,23,0,team__mit_team_2,player__sean_fei,incorrect,0,question,16,,homologous
20260222T215428Z_pck9v1n,stanford-college-plus-science-bowl,double_elim,3,275f572af73fbe0baea4b65266d91fce0b57a0b6569c5528a6af41256e1fdb2e,23,1,team__mit_team_1,player__selena_yang,correct,0,option,-1,0,W
20260222T215428Z_pck9v1n,stanford-college-plus-science-bowl,double_elim,3,275f572af73fbe0baea4b65266d91fce0b57a0b6569c5528a6af41256e1fdb2e,24,0,team__mit_team_1,,correct,1,end,,,BONUS
20260222T215428Z_pck9v1n,stanford-college-plus-science-bowl,double_elim,3,275f572af73fbe0baea4b65266d91fce0b57a0b6569c5528a6af41256e1fdb2e,25,0,team__mit_team_1,player__selena_yang,incorrect,0,question,4,,shaped
20260222T215428Z_pck9v1n,stanford-college-plus-science-bowl,double_elim,3,275f572af73fbe0baea4b65266d91fce0b57a0b6569c5528a6af41256e1fdb2e,25,1,team__mit_team_2,player__sean_fei,correct,1,end,,,END
20260222T215428Z_pck9v1n,stanford-college-plus-science-bowl,double_elim,3,275f572af73fbe0baea4b65266d91fce0b57a0b6569c5528a6af41256e1fdb2e,26,0,team__mit_team_2,,incorrect,1,end,,,BONUS
20260222T215428Z_pck9v1n,stanford-college-plus-science-bowl,double_elim,3,275f572af73fbe0baea4b65266d91fce0b57a0b6569c5528a6af41256e1fdb2e,27,0,team__mit_team_2,player__jonathan_huang,incorrect,0,question,15,,to
20260222T215428Z_pck9v1n,stanford-college-plus-science-bowl,double_elim,3,275f572af73fbe0baea4b65266d91fce0b57a0b6569c5528a6af41256e1fdb2e,27,1,team__mit_team_1,player__anurag_sodhi,correct,1,end,,,END
20260222T215428Z_pck9v1n,stanford-college-plus-science-bowl,double_elim,3,275f572af73fbe0baea4b65266d91fce0b57a0b6569c5528a6af41256e1fdb2e,28,0,team__mit_team_1,,correct,1,end,,,BONUS
20260222T215428Z_pck9v1n,stanford-college-plus-science-bowl,double_elim,3,275f572af73fbe0baea4b65266d91fce0b57a0b6569c5528a6af41256e1fdb2e,29,0,team__mit_team_1,player__anurag_sodhi,incorrect,0,question,18,,1)
20260222T215428Z_pck9v1n,stanford-college-plus-science-bowl,double_elim,3,275f572af73fbe0baea4b65266d91fce0b57a0b6569c5528a6af41256e1fdb2e,29,1,team__mit_team_2,player__sean_fei,incorrect,1,end,,,END
20260222T215428Z_pck9v1n,stanford-college-plus-science-bowl,double_elim,3,275f572af73fbe0baea4b65266d91fce0b57a0b6569c5528a6af41256e1fdb2e,31,0,team__mit_team_2,player__gideon_tzafriri,correct,0,question,29,,3)
20260222T215428Z_pck9v1n,stanford-college-plus-science-bowl,double_elim,3,275f572af73fbe0baea4b65266d91fce0b57a0b6569c5528a6af41256e1fdb2e,32,0,team__mit_team_2,,incorrect,1,end,,,BONUS
20260222T215428Z_pck9v1n,stanford-college-plus-science-bowl,double_elim,3,275f572af73fbe0baea4b65266d91fce0b57a0b6569c5528a6af41256e1fdb2e,33,0,team__mit_team_2,player__jonathan_huang,correct,1,end,,,END
20260222T215428Z_pck9v1n,stanford-college-plus-science-bowl,double_elim,3,275f572af73fbe0baea4b65266d91fce0b57a0b6569c5528a6af41256e1fdb2e,34,0,team__mit_team_2,,correct,1,end,,,BONUS
20260222T215428Z_pck9v1n,stanford-college-plus-science-bowl,double_elim,3,275f572af73fbe0baea4b65266d91fce0b57a0b6569c5528a6af41256e1fdb2e,35,0,team__mit_team_2,player__gideon_tzafriri,correct,0,option,0,2,Silicon
20260222T215428Z_pck9v1n,stanford-college-plus-science-bowl,double_elim,3,275f572af73fbe0baea4b65266d91fce0b57a0b6569c5528a6af41256e1fdb2e,36,0,team__mit_team_2,,correct,1,end,,,BONUS
20260222T215428Z_pck9v1n,stanford-college-plus-science-bowl,double_elim,3,275f572af73fbe0baea4b65266d91fce0b57a0b6569c5528a6af41256e1fdb2e,37,0,team__mit_team_2,player__sean_fei,incorrect,0,option,0,0,Urea
20260222T215428Z_pck9v1n,stanford-college-plus-science-bowl,double_elim,3,275f572af73fbe0baea4b65266d91fce0b57a0b6569c5528a6af41256e1fdb2e,37,1,team__mit_team_1,player__selena_yang,incorrect,1,end,,,END
20260222T215428Z_pck9v1n,stanford-college-plus-science-bowl,double_elim,3,275f572af73fbe0baea4b65266d91fce0b57a0b6569c5528a6af41256e1fdb2e,39,0,team__mit_team_1,player__yunyi_ling,correct,0,question,19,,quantities?
20260222T215428Z_pck9v1n,stanford-college-plus-science-bowl,double_elim,3,275f572af73fbe0baea4b65266d91fce0b57a0b6569c5528a6af41256e1fdb2e,40,0,team__mit_team_1,,incorrect,1,end,,,BONUS
20260222T215428Z_pck9v1n,stanford-college-plus-science-bowl,double_elim,3,275f572af73fbe0baea4b65266d91fce0b57a0b6569c5528a6af41256e1fdb2e,41,0,team__mit_team_2,player__sean_fei,correct,1,end,,,END
20260222T215428Z_pck9v1n,stanford-college-plus-science-bowl,double_elim,3,275f572af73fbe0baea4b65266d91fce0b57a0b6569c5528a6af41256e1fdb2e,42,0,team__mit_team_2,,incorrect,1,end,,,BONUS
20260222T215428Z_pck9v1n,stanford-college-plus-science-bowl,double_elim,3,275f572af73fbe0baea4b65266d91fce0b57a0b6569c5528a6af41256e1fdb2e,43,0,team__mit_team_1,player__anurag_sodhi,correct,0,question,8,,in
20260222T215428Z_pck9v1n,stanford-college-plus-science-bowl,double_elim,3,275f572af73fbe0baea4b65266d91fce0b57a0b6569c5528a6af41256e1fdb2e,44,0,team__mit_team_1,,incorrect,1,end,,,BONUS
20260222T215428Z_pck9v1n,stanford-college-plus-science-bowl,double_elim,3,275f572af73fbe0baea4b65266d91fce0b57a0b6569c5528a6af41256e1fdb2e,45,0,team__mit_team_1,player__mingwen_duan,incorrect,1,end,,,END
20260222T215428Z_pck9v1n,stanford-college-plus-science-bowl,double_elim,3,275f572af73fbe0baea4b65266d91fce0b57a0b6569c5528a6af41256e1fdb2e,45,1,team__mit_team_2,player__jonathan_huang,correct,1,end,,,END
20260222T215428Z_pck9v1n,stanford-college-plus-science-bowl,double_elim,3,275f572af73fbe0baea4b65266d91fce0b57a0b6569c5528a6af41256e1fdb2e,46,0,team__mit_team_2,,correct,1,end,,,BONUS
20260222T215619Z_w7wowaz,stanford-college-plus-science-bowl,double_elim,3,275f572af73fbe0baea4b65266d91fce0b57a0b6569c5528a6af41256e1fdb2e,1,0,team__university_of_alabama_birmingham,player__advik_sharma,incorrect,0,question,18,,the
20260222T215619Z_w7wowaz,stanford-college-plus-science-bowl,double_elim,3,275f572af73fbe0baea4b65266d91fce0b57a0b6569c5528a6af41256e1fdb2e,1,1,team__quizbowlers,player__shahar_schwartz,correct,1,end,,,END
20260222T215619Z_w7wowaz,stanford-college-plus-science-bowl,double_elim,3,275f572af73fbe0baea4b65266d91fce0b57a0b6569c5528a6af41256e1fdb2e,2,0,team__quizbowlers,,correct,1,end,,,BONUS
20260222T215619Z_w7wowaz,stanford-college-plus-science-bowl,double_elim,3,275f572af73fbe0baea4b65266d91fce0b57a0b6569c5528a6af41256e1fdb2e,3,0,team__quizbowlers,player__swapnil_garg,incorrect,0,option,-1,2,Y
20260222T215619Z_w7wowaz,stanford-college-plus-science-bowl,double_elim,3,275f572af73fbe0baea4b65266d91fce0b57a0b6569c5528a6af41256e1fdb2e,3,1,team__university_of_alabama_birmingham,player__akhil_batchu,correct,1,end,,,END
20260222T215619Z_w7wowaz,stanford-college-plus-science-bowl,double_elim,3,275f572af73fbe0baea4b65266d91fce0b57a0b6569c5528a6af41256e1fdb2e,4,0,team__university_of_alabama_birmingham,,correct,1,end,,,BONUS
20260222T215619Z_w7wowaz,stanford-college-plus-science-bowl,double_elim,3,275f572af73fbe0baea4b65266d91fce0b57a0b6569c5528a6af41256e1fdb2e,5,0,team__university_of_alabama_birmingham,player__akhil_batchu,incorrect,1,end,,,END
20260222T215619Z_w7wowaz,stanford-college-plus-science-bowl,double_elim,3,275f572af73fbe0baea4b65266d91fce0b57a0b6569c5528a6af41256e1fdb2e,5,1,team__quizbowlers,player__rohan_shelke,incorrect,1,end,,,END
20260222T215619Z_w7wowaz,stanford-college-plus-science-bowl,double_elim,3,275f572af73fbe0baea4b65266d91fce0b57a0b6569c5528a6af41256e1fdb2e,7,0,team__university_of_alabama_birmingham,player__akhil_batchu,correct,1,end,,,END
20260222T215619Z_w7wowaz,stanford-college-plus-science-bowl,double_elim,3,275f572af73fbe0baea4b65266d91fce0b57a0b6569c5528a6af41256e1fdb2e,8,0,team__university_of_alabama_birmingham,,correct,1,end,,,BONUS
20260222T215619Z_w7wowaz,stanford-college-plus-science-bowl,double_elim,3,275f572af73fbe0baea4b65266d91fce0b57a0b6569c5528a6af41256e1fdb2e,9,0,team__quizbowlers,player__swapnil_garg,correct,1,end,,,END
20260222T215619Z_w7wowaz,stanford-college-plus-science-bowl,double_elim,3,275f572af73fbe0baea4b65266d91fce0b57a0b6569c5528a6af41256e1fdb2e,10,0,team__quizbowlers,,correct,1,end,,,BONUS
20260222T215619Z_w7wowaz,stanford-college-plus-science-bowl,double_elim,3,275f572af73fbe0baea4b65266d91fce0b57a0b6569c5528a6af41256e1fdb2e,11,0,team__university_of_alabama_birmingham,player__akhil_batchu,incorrect,0,question,36,,Gravity;
20260222T215619Z_w7wowaz,stanford-college-plus-science-bowl,double_elim,3,275f572af73fbe0baea4b65266d91fce0b57a0b6569c5528a6af41256e1fdb2e,11,1,team__quizbowlers,player__rohan_shelke,correct,1,end,,,END
20260222T215619Z_w7wowaz,stanford-college-plus-science-bowl,double_elim,3,275f572af73fbe0baea4b65266d91fce0b57a0b6569c5528a6af41256e1fdb2e,12,0,team__quizbowlers,,correct,1,end,,,BONUS
20260222T215619Z_w7wowaz,stanford-college-plus-science-bowl,double_elim,3,275f572af73fbe0baea4b65266d91fce0b57a0b6569c5528a6af41256e1fdb2e,13,0,team__quizbowlers,player__shahar_schwartz,correct,1,end,,,END
20260222T215619Z_w7wowaz,stanford-college-plus-science-bowl,double_elim,3,275f572af73fbe0baea4b65266d91fce0b57a0b6569c5528a6af41256e1fdb2e,14,0,team__quizbowlers,,incorrect,1,end,,,BONUS
20260222T215619Z_w7wowaz,stanford-college-plus-science-bowl,double_elim,3,275f572af73fbe0baea4b65266d91fce0b57a0b6569c5528a6af41256e1fdb2e,15,0,team__quizbowlers,player__swapnil_garg,incorrect,0,question,12,,spins
20260222T215619Z_w7wowaz,stanford-college-plus-science-bowl,double_elim,3,275f572af73fbe0baea4b65266d91fce0b57a0b6569c5528a6af41256e1fdb2e,15,1,team__university_of_alabama_birmingham,player__akhil_batchu,correct,0,question,23,,split
20260222T215619Z_w7wowaz,stanford-college-plus-science-bowl,double_elim,3,275f572af73fbe0baea4b65266d91fce0b57a0b6569c5528a6af41256e1fdb2e,16,0,team__university_of_alabama_birmingham,,correct,1,end,,,BONUS
20260222T215619Z_w7wowaz,stanford-college-plus-science-bowl,double_elim,3,275f572af73fbe0baea4b65266d91fce0b57a0b6569c5528a6af41256e1fdb2e,17,0,team__university_of_alabama_birmingham,player__akhil_batchu,correct,0,question,23,,associations.
20260222T215619Z_w7wowaz,stanford-college-plus-science-bowl,double_elim,3,275f572af73fbe0baea4b65266d91fce0b57a0b6569c5528a6af41256e1fdb2e,18,0,team__university_of_alabama_birmingham,,correct,1,end,,,BONUS
20260222T215619Z_w7wowaz,stanford-college-plus-science-bowl,double_elim,3,275f572af73fbe0baea4b65266d91fce0b57a0b6569c5528a6af41256e1fdb2e,19,0,team__quizbowlers,player__rohan_shelke,correct,0,question,9,,pattern
20260222T215619Z_w7wowaz,stanford-college-plus-science-bowl,double_elim,3,275f572af73fbe0baea4b65266d91fce0b57a0b6569c5528a6af41256e1fdb2e,20,0,team__quizbowlers,,incorrect,1,end,,,BONUS
20260222T215619Z_w7wowaz,stanford-college-plus-science-bowl,double_elim,3,275f572af73fbe0baea4b65266d91fce0b57a0b6569c5528a6af41256e1fdb2e,21,0,team__quizbowlers,player__swapnil_garg,incorrect,1,end,,,END
20260222T215619Z_w7wowaz,stanford-college-plus-science-bowl,double_elim,3,275f572af73fbe0baea4b65266d91fce0b57a0b6569c5528a6af41256e1fdb2e,21,1,team__university_of_alabama_birmingham,player__advik_sharma,correct,1,end,,,END
20260222T215619Z_w7wowaz,stanford-college-plus-science-bowl,double_elim,3,275f572af73fbe0baea4b65266d91fce0b57a0b6569c5528a6af41256e1fdb2e,22,0,team__university_of_alabama_birmingham,,correct,1,end,,,BONUS
20260222T215619Z_w7wowaz,stanford-college-plus-science-bowl,double_elim,3,275f572af73fbe0baea4b65266d91fce0b57a0b6569c5528a6af41256e1fdb2e,23,0,team__quizbowlers,player__shahar_schwartz,incorrect,1,end,,,END
20260222T215619Z_w7wowaz,stanford-college-plus-science-bowl,double_elim,3,275f572af73fbe0baea4b65266d91fce0b57a0b6569c5528a6af41256e1fdb2e,23,1,team__university_of_alabama_birmingham,player__advik_sharma,correct,1,end,,,END
20260222T215619Z_w7wowaz,stanford-college-plus-science-bowl,double_elim,3,275f572af73fbe0baea4b65266d91fce0b57a0b6569c5528a6af41256e1fdb2e,24,0,team__university_of_alabama_birmingham,,correct,1,end,,,BONUS
20260222T215619Z_w7wowaz,stanford-college-plus-science-bowl,double_elim,3,275f572af73fbe0baea4b65266d91fce0b57a0b6569c5528a6af41256e1fdb2e,25,0,team__university_of_alabama_birmingham,player__advik_sharma,correct,0,question,10,,absorbs
20260222T215619Z_w7wowaz,stanford-college-plus-science-bowl,double_elim,3,275f572af73fbe0baea4b65266d91fce0b57a0b6569c5528a6af41256e1fdb2e,26,0,team__university_of_alabama_birmingham,,correct,1,end,,,BONUS
20260222T215619Z_w7wowaz,stanford-college-plus-science-bowl,double_elim,3,275f572af73fbe0baea4b65266d91fce0b57a0b6569c5528a6af41256e1fdb2e,27,0,team__quizbowlers,player__swapnil_garg,incorrect,0,question,28,,to
20260222T215619Z_w7wowaz,stanford-college-plus-science-bowl,double_elim,3,275f572af73fbe0baea4b65266d91fce0b57a0b6569c5528a6af41256e1fdb2e,27,1,team__university_of_alabama_birmingham,player__akhil_batchu,correct,1,end,,,END
20260222T215619Z_w7wowaz,stanford-college-plus-science-bowl,double_elim,3,275f572af73fbe0baea4b65266d91fce0b57a0b6569c5528a6af41256e1fdb2e,28,0,team__university_of_alabama_birmingham,,correct,1,end,,,BONUS
20260222T215619Z_w7wowaz,stanford-college-plus-science-bowl,double_elim,3,275f572af73fbe0baea4b65266d91fce0b57a0b6569c5528a6af41256e1fdb2e,29,0,team__university_of_alabama_birmingham,player__akhil_batchu,correct,0,question,22,,3)
20260222T215619Z_w7wowaz,stanford-college-plus-science-bowl,double_elim,3,275f572af73fbe0baea4b65266d91fce0b57a0b6569c5528a6af41256e1fdb2e,30,0,team__university_of_alabama_birmingham,,incorrect,1,end,,,BONUS
20260222T215619Z_w7wowaz,stanford-college-plus-science-bowl,double_elim,3,275f572af73fbe0baea4b65266d91fce0b57a0b6569c5528a6af41256e1fdb2e,31,0,team__university_of_alabama_birmingham,player__akhil_batchu,correct,1,end,,,END
20260222T215619Z_w7wowaz,stanford-college-plus-science-bowl,double_elim,3,275f572af73fbe0baea4b65266d91fce0b57a0b6569c5528a6af41256e1fdb2e,32,0,team__university_of_alabama_birmingham,,incorrect,1,end,,,BONUS
20260222T215619Z_w7wowaz,stanford-college-plus-science-bowl,double_elim,3,275f572af73fbe0baea4b65266d91fce0b57a0b6569c5528a6af41256e1fdb2e,33,0,team__university_of_alabama_birmingham,player__advik_sharma,incorrect,1,end,,,END
20260222T215619Z_w7wowaz,stanford-college-plus-science-bowl,double_elim,3,275f572af73fbe0baea4b65266d91fce0b57a0b6569c5528a6af41256e1fdb2e,33,1,team__quizbowlers,player__swapnil_garg,correct,1,end,,,END
20260222T215619Z_w7wowaz,stanford-college-plus-science-bowl,double_elim,3,275f572af73fbe0baea4b65266d91fce0b57a0b6569c5528a6af41256e1fdb2e,34,0,team__quizbowlers,,correct,1,end,,,BONUS
20260222T215619Z_w7wowaz,stanford-college-plus-science-bowl,double_elim,3,275f572af73fbe0baea4b65266d91fce0b57a0b6569c5528a6af41256e1fdb2e,35,0,team__university_of_alabama_birmingham,player__akhil_batchu,incorrect,0,question,29,,energy?
20260222T215619Z_w7wowaz,stanford-college-plus-science-bowl,double_elim,3,275f572af73fbe0baea4b65266d91fce0b57a0b6569c5528a6af41256e1fdb2e,35,1,team__quizbowlers,player__rohan_shelke,correct,1,end,,,END
20260222T215619Z_w7wowaz,stanford-college-plus-science-bowl,double_elim,3,275f572af73fbe0baea4b65266d91fce0b57a0b6569c5528a6af41256e1fdb2e,36,0,team__quizbowlers,,incorrect,1,end,,,BONUS
20260222T215619Z_w7wowaz,stanford-college-plus-science-bowl,double_elim,3,275f572af73fbe0baea4b65266d91fce0b57a0b6569c5528a6af41256e1fdb2e,37,0,team__quizbowlers,player__shahar_schwartz,correct,0,option,0,1,Urea
20260222T215619Z_w7wowaz,stanford-college-plus-science-bowl,double_elim,3,275f572af73fbe0baea4b65266d91fce0b57a0b6569c5528a6af41256e1fdb2e,38,0,team__quizbowlers,,incorrect,1,end,,,BONUS
20260222T215619Z_w7wowaz,stanford-college-plus-science-bowl,double_elim,3,275f572af73fbe0baea4b65266d91fce0b57a0b6569c5528a6af41256e1fdb2e,39,0,team__university_of_alabama_birmingham,player__akhil_batchu,incorrect,0,question,18,,following
20260222T215619Z_w7wowaz,stanford-college-plus-science-bowl,double_elim,3,275f572af73fbe0baea4b65266d91fce0b57a0b6569c5528a6af41256e1fdb2e,39,1,team__quizbowlers,player__shahar_schwartz,correct,1,end,,,END
20260222T215619Z_w7wowaz,stanford-college-plus-science-bowl,double_elim,3,275f572af73fbe0baea4b65266d91fce0b57a0b6569c5528a6af41256e1fdb2e,40,0,team__quizbowlers,,incorrect,1,end,,,BONUS
20260222T215619Z_w7wowaz,stanford-college-plus-science-bowl,double_elim,3,275f572af73fbe0baea4b65266d91fce0b57a0b6569c5528a6af41256e1fdb2e,41,0,team__quizbowlers,player__rohan_shelke,correct,1,end,,,END
20260222T215619Z_w7wowaz,stanford-college-plus-science-bowl,double_elim,3,275f572af73fbe0baea4b65266d91fce0b57a0b6569c5528a6af41256e1fdb2e,42,0,team__quizbowlers,,incorrect,1,end,,,BONUS
20260222T215619Z_w7wowaz,stanford-college-plus-science-bowl,double_elim,3,275f572af73fbe0baea4b65266d91fce0b57a0b6569c5528a6af41256e1fdb2e,43,0,team__university_of_alabama_birmingham,player__akhil_batchu,correct,1,end,,,END
20260222T215619Z_w7wowaz,stanford-college-plus-science-bowl,double_elim,3,275f572af73fbe0baea4b65266d91fce0b57a0b6569c5528a6af41256e1fdb2e,45,0,team__university_of_alabama_birmingham,player__albert_chen,correct,0,question,15,,volume
20260222T215619Z_w7wowaz,stanford-college-plus-science-bowl,double_elim,3,275f572af73fbe0baea4b65266d91fce0b57a0b6569c5528a6af41256e1fdb2e,46,0,team__university_of_alabama_birmingham,,correct,1,end,,,BONUS
20260222T220141Z_xfr70ws,stanford-college-plus-science-bowl,double_elim,4,996270cc0498c447d9dadc9286e8f304b6eacc251a745f3bc48e5ea542e2fbfb,1,0,team__mit_team_2,player__sean_fei,correct,0,option,3,2,frequency
20260222T220141Z_xfr70ws,stanford-college-plus-science-bowl,double_elim,4,996270cc0498c447d9dadc9286e8f304b6eacc251a745f3bc48e5ea542e2fbfb,2,0,team__mit_team_2,,correct,1,end,,,BONUS
20260222T220141Z_xfr70ws,stanford-college-plus-science-bowl,double_elim,4,996270cc0498c447d9dadc9286e8f304b6eacc251a745f3bc48e5ea542e2fbfb,3,0,team__mit_team_2,player__aryan_bora,incorrect,0,question,24,,kinetic
20260222T220141Z_xfr70ws,stanford-college-plus-science-bowl,double_elim,4,996270cc0498c447d9dadc9286e8f304b6eacc251a745f3bc48e5ea542e2fbfb,3,1,team__where_is_the_goal_keeper,player__daniel_lu,correct,1,end,,,END
20260222T220141Z_xfr70ws,stanford-college-plus-science-bowl,double_elim,4,996270cc0498c447d9dadc9286e8f304b6eacc251a745f3bc48e5ea542e2fbfb,4,0,team__where_is_the_goal_keeper,,incorrect,1,end,,,BONUS
20260222T220141Z_xfr70ws,stanford-college-plus-science-bowl,double_elim,4,996270cc0498c447d9dadc9286e8f304b6eacc251a745f3bc48e5ea542e2fbfb,5,0,team__mit_team_2,player__sean_fei,correct,1,end,,,END
20260222T220141Z_xfr70ws,stanford-college-plus-science-bowl,double_elim,4,996270cc0498c447d9dadc9286e8f304b6eacc251a745f3bc48e5ea542e2fbfb,6,0,team__mit_team_2,,correct,1,end,,,BONUS
20260222T220141Z_xfr70ws,stanford-college-plus-science-bowl,double_elim,4,996270cc0498c447d9dadc9286e8f304b6eacc251a745f3bc48e5ea542e2fbfb,7,0,team__mit_team_2,player__gideon_tzafriri,correct,0,question,18,,"deuterium,"
20260222T220141Z_xfr70ws,stanford-college-plus-science-bowl,double_elim,4,996270cc0498c447d9dadc9286e8f304b6eacc251a745f3bc48e5ea542e2fbfb,8,0,team__mit_team_2,,correct,1,end,,,BONUS
20260222T220141Z_xfr70ws,stanford-college-plus-science-bowl,double_elim,4,996270cc0498c447d9dadc9286e8f304b6eacc251a745f3bc48e5ea542e2fbfb,9,0,team__mit_team_2,player__jonathan_huang,incorrect,0,question,36,,Keqing
20260222T220141Z_xfr70ws,stanford-college-plus-science-bowl,double_elim,4,996270cc0498c447d9dadc9286e8f304b6eacc251a745f3bc48e5ea542e2fbfb,9,1,team__where_is_the_goal_keeper,player__daniel_lu,correct,1,end,,,END
20260222T220141Z_xfr70ws,stanford-college-plus-science-bowl,double_elim,4,996270cc0498c447d9dadc9286e8f304b6eacc251a745f3bc48e5ea542e2fbfb,10,0,team__where_is_the_goal_keeper,,incorrect,1,end,,,BONUS
20260222T220141Z_xfr70ws,stanford-college-plus-science-bowl,double_elim,4,996270cc0498c447d9dadc9286e8f304b6eacc251a745f3bc48e5ea542e2fbfb,11,0,team__mit_team_2,player__jonathan_huang,correct,0,question,24,,are
20260222T220141Z_xfr70ws,stanford-college-plus-science-bowl,double_elim,4,996270cc0498c447d9dadc9286e8f304b6eacc251a745f3bc48e5ea542e2fbfb,12,0,team__mit_team_2,,incorrect,1,end,,,BONUS
20260222T220141Z_xfr70ws,stanford-college-plus-science-bowl,double_elim,4,996270cc0498c447d9dadc9286e8f304b6eacc251a745f3bc48e5ea542e2fbfb,13,0,team__mit_team_2,player__sean_fei,incorrect,1,end,,,END
20260222T220141Z_xfr70ws,stanford-college-plus-science-bowl,double_elim,4,996270cc0498c447d9dadc9286e8f304b6eacc251a745f3bc48e5ea542e2fbfb,13,1,team__where_is_the_goal_keeper,player__daniel_lu,incorrect,1,end,,,END
20260222T220141Z_xfr70ws,stanford-college-plus-science-bowl,double_elim,4,996270cc0498c447d9dadc9286e8f304b6eacc251a745f3bc48e5ea542e2fbfb,15,0,team__mit_team_2,player__sean_fei,correct,0,question,16,,will
20260222T220141Z_xfr70ws,stanford-college-plus-science-bowl,double_elim,4,996270cc0498c447d9dadc9286e8f304b6eacc251a745f3bc48e5ea542e2fbfb,16,0,team__mit_team_2,,correct,1,end,,,BONUS
20260222T220141Z_xfr70ws,stanford-college-plus-science-bowl,double_elim,4,996270cc0498c447d9dadc9286e8f304b6eacc251a745f3bc48e5ea542e2fbfb,17,0,team__where_is_the_goal_keeper,player__daniel_lu,incorrect,1,end,,,END
20260222T220141Z_xfr70ws,stanford-college-plus-science-bowl,double_elim,4,996270cc0498c447d9dadc9286e8f304b6eacc251a745f3bc48e5ea542e2fbfb,17,1,team__mit_team_2,player__gideon_tzafriri,correct,1,end,,,END
20260222T220141Z_xfr70ws,stanford-college-plus-science-bowl,double_elim,4,996270cc0498c447d9dadc9286e8f304b6eacc251a745f3bc48e5ea542e2fbfb,18,0,team__mit_team_2,,incorrect,1,end,,,BONUS
20260222T220141Z_xfr70ws,stanford-college-plus-science-bowl,double_elim,4,996270cc0498c447d9dadc9286e8f304b6eacc251a745f3bc48e5ea542e2fbfb,19,0,team__mit_team_2,player__gideon_tzafriri,correct,1,end,,,END
20260222T220141Z_xfr70ws,stanford-college-plus-science-bowl,double_elim,4,996270cc0498c447d9dadc9286e8f304b6eacc251a745f3bc48e5ea542e2fbfb,20,0,team__mit_team_2,,correct,1,end,,,BONUS
20260222T220141Z_xfr70ws,stanford-college-plus-science-bowl,double_elim,4,996270cc0498c447d9dadc9286e8f304b6eacc251a745f3bc48e5ea542e2fbfb,21,0,team__mit_team_2,player__jonathan_huang,correct,0,option,3,2,with
20260222T220141Z_xfr70ws,stanford-college-plus-science-bowl,double_elim,4,996270cc0498c447d9dadc9286e8f304b6eacc251a745f3bc48e5ea542e2fbfb,22,0,team__mit_team_2,,incorrect,1,end,,,BONUS
20260222T220141Z_xfr70ws,stanford-college-plus-science-bowl,double_elim,4,996270cc0498c447d9dadc9286e8f304b6eacc251a745f3bc48e5ea542e2fbfb,23,0,team__mit_team_2,player__jonathan_huang,incorrect,0,question,31,,time
20260222T220141Z_xfr70ws,stanford-college-plus-science-bowl,double_elim,4,996270cc0498c447d9dadc9286e8f304b6eacc251a745f3bc48e5ea542e2fbfb,23,1,team__where_is_the_goal_keeper,player__daniel_lu,correct,1,end,,,END
20260222T220141Z_xfr70ws,stanford-college-plus-science-bowl,double_elim,4,996270cc0498c447d9dadc9286e8f304b6eacc251a745f3bc48e5ea542e2fbfb,24,0,team__where_is_the_goal_keeper,,incorrect,1,end,,,BONUS
20260222T220141Z_xfr70ws,stanford-college-plus-science-bowl,double_elim,4,996270cc0498c447d9dadc9286e8f304b6eacc251a745f3bc48e5ea542e2fbfb,25,0,team__where_is_the_goal_keeper,player__daniel_lu,correct,0,question,15,,that
20260222T220141Z_xfr70ws,stanford-college-plus-science-bowl,double_elim,4,996270cc0498c447d9dadc9286e8f304b6eacc251a745f3bc48e5ea542e2fbfb,26,0,team__where_is_the_goal_keeper,,correct,1,end,,,BONUS
20260222T220141Z_xfr70ws,stanford-college-plus-science-bowl,double_elim,4,996270cc0498c447d9dadc9286e8f304b6eacc251a745f3bc48e5ea542e2fbfb,27,0,team__mit_team_2,player__sean_fei,incorrect,0,question,50,,3T.
20260222T220141Z_xfr70ws,stanford-college-plus-science-bowl,double_elim,4,996270cc0498c447d9dadc9286e8f304b6eacc251a745f3bc48e5ea542e2fbfb,27,1,team__where_is_the_goal_keeper,player__daniel_lu,correct,1,end,,,END
20260222T220141Z_xfr70ws,stanford-college-plus-science-bowl,double_elim,4,996270cc0498c447d9dadc9286e8f304b6eacc251a745f3bc48e5ea542e2fbfb,28,0,team__where_is_the_goal_keeper,,correct,1,end,,,BONUS
20260222T220141Z_xfr70ws,stanford-college-plus-science-bowl,double_elim,4,996270cc0498c447d9dadc9286e8f304b6eacc251a745f3bc48e5ea542e2fbfb,29,0,team__mit_team_2,player__sean_fei,incorrect,1,end,,,END
20260222T220141Z_xfr70ws,stanford-college-plus-science-bowl,double_elim,4,996270cc0498c447d9dadc9286e8f304b6eacc251a745f3bc48e5ea542e2fbfb,29,1,team__where_is_the_goal_keeper,player__daniel_lu,incorrect,1,end,,,END
20260222T220141Z_xfr70ws,stanford-college-plus-science-bowl,double_elim,4,996270cc0498c447d9dadc9286e8f304b6eacc251a745f3bc48e5ea542e2fbfb,31,0,team__where_is_the_goal_keeper,player__daniel_lu,incorrect,0,question,24,,Z)
20260222T220141Z_xfr70ws,stanford-college-plus-science-bowl,double_elim,4,996270cc0498c447d9dadc9286e8f304b6eacc251a745f3bc48e5ea542e2fbfb,31,1,team__mit_team_2,player__gideon_tzafriri,correct,1,end,,,END
20260222T220141Z_xfr70ws,stanford-college-plus-science-bowl,double_elim,4,996270cc0498c447d9dadc9286e8f304b6eacc251a745f3bc48e5ea542e2fbfb,32,0,team__mit_team_2,,correct,1,end,,,BONUS
20260222T220141Z_xfr70ws,stanford-college-plus-science-bowl,double_elim,4,996270cc0498c447d9dadc9286e8f304b6eacc251a745f3bc48e5ea542e2fbfb,33,0,team__mit_team_2,player__jonathan_huang,correct,1,end,,,END
20260222T220141Z_xfr70ws,stanford-college-plus-science-bowl,double_elim,4,996270cc0498c447d9dadc9286e8f304b6eacc251a745f3bc48e5ea542e2fbfb,34,0,team__mit_team_2,,correct,1,end,,,BONUS
20260222T220141Z_xfr70ws,stanford-college-plus-science-bowl,double_elim,4,996270cc0498c447d9dadc9286e8f304b6eacc251a745f3bc48e5ea542e2fbfb,35,0,team__mit_team_2,player__sean_fei,incorrect,0,option,5,3,distances
20260222T220141Z_xfr70ws,stanford-college-plus-science-bowl,double_elim,4,996270cc0498c447d9dadc9286e8f304b6eacc251a745f3bc48e5ea542e2fbfb,35,1,team__where_is_the_goal_keeper,player__daniel_lu,incorrect,1,end,,,END
20260222T220141Z_xfr70ws,stanford-college-plus-science-bowl,double_elim,4,996270cc0498c447d9dadc9286e8f304b6eacc251a745f3bc48e5ea542e2fbfb,37,0,team__mit_team_2,player__jonathan_huang,incorrect,1,end,,,END
20260222T220141Z_xfr70ws,stanford-college-plus-science-bowl,double_elim,4,996270cc0498c447d9dadc9286e8f304b6eacc251a745f3bc48e5ea542e2fbfb,39,0,team__where_is_the_goal_keeper,player__daniel_lu,correct,1,end,,,END
20260222T220141Z_xfr70ws,stanford-college-plus-science-bowl,double_elim,4,996270cc0498c447d9dadc9286e8f304b6eacc251a745f3bc48e5ea542e2fbfb,40,0,team__where_is_the_goal_keeper,,incorrect,1,end,,,BONUS
20260222T220141Z_xfr70ws,stanford-college-plus-science-bowl,double_elim,4,996270cc0498c447d9dadc9286e8f304b6eacc251a745f3bc48e5ea542e2fbfb,41,0,team__mit_team_2,player__sean_fei,incorrect,1,end,,,END
20260222T220141Z_xfr70ws,stanford-college-plus-science-bowl,double_elim,4,996270cc0498c447d9dadc9286e8f304b6eacc251a745f3bc48e5ea542e2fbfb,41,1,team__where_is_the_goal_keeper,player__daniel_lu,incorrect,1,end,,,END
20260222T220141Z_xfr70ws,stanford-college-plus-science-bowl,double_elim,4,996270cc0498c447d9dadc9286e8f304b6eacc251a745f3bc48e5ea542e2fbfb,43,0,team__mit_team_2,player__gideon_tzafriri,correct,0,question,11,,forms
20260222T220141Z_xfr70ws,stanford-college-plus-science-bowl,double_elim,4,996270cc0498c447d9dadc9286e8f304b6eacc251a745f3bc48e5ea542e2fbfb,44,0,team__mit_team_2,,correct,1,end,,,BONUS
20260222T220141Z_xfr70ws,stanford-college-plus-science-bowl,double_elim,4,996270cc0498c447d9dadc9286e8f304b6eacc251a745f3bc48e5ea542e2fbfb,45,0,team__where_is_the_goal_keeper,player__daniel_lu,correct,0,question,30,,based
20260222T220141Z_xfr70ws,stanford-college-plus-science-bowl,double_elim,4,996270cc0498c447d9dadc9286e8f304b6eacc251a745f3bc48e5ea542e2fbfb,46,0,team__where_is_the_goal_keeper,,correct,1,end,,,BONUS
20260222T223746Z_2r20oly,stanford-college-plus-science-bowl,double_elim,4,996270cc0498c447d9dadc9286e8f304b6eacc251a745f3bc48e5ea542e2fbfb,1,0,team__mit_team_1,player__anurag_sodhi,incorrect,1,end,,,END
20260222T223746Z_2r20oly,stanford-college-plus-science-bowl,double_elim,4,996270cc0498c447d9dadc9286e8f304b6eacc251a745f3bc48e5ea542e2fbfb,1,1,team__quizbowlers,player__rohan_shelke,incorrect,1,end,,,END
20260222T223746Z_2r20oly,stanford-college-plus-science-bowl,double_elim,4,996270cc0498c447d9dadc9286e8f304b6eacc251a745f3bc48e5ea542e2fbfb,3,0,team__mit_team_1,player__yunyi_ling,correct,0,question,24,,kinetic
20260222T223746Z_2r20oly,stanford-college-plus-science-bowl,double_elim,4,996270cc0498c447d9dadc9286e8f304b6eacc251a745f3bc48e5ea542e2fbfb,4,0,team__mit_team_1,,incorrect,1,end,,,BONUS
20260222T223746Z_2r20oly,stanford-college-plus-science-bowl,double_elim,4,996270cc0498c447d9dadc9286e8f304b6eacc251a745f3bc48e5ea542e2fbfb,5,0,team__quizbowlers,player__shahar_schwartz,incorrect,0,option,-1,0,W
20260222T223746Z_2r20oly,stanford-college-plus-science-bowl,double_elim,4,996270cc0498c447d9dadc9286e8f304b6eacc251a745f3bc48e5ea542e2fbfb,5,1,team__mit_team_1,player__yunyi_ling,incorrect,1,end,,,END
20260222T223746Z_2r20oly,stanford-college-plus-science-bowl,double_elim,4,996270cc0498c447d9dadc9286e8f304b6eacc251a745f3bc48e5ea542e2fbfb,7,0,team__mit_team_1,player__yunyi_ling,correct,0,question,18,,"deuterium,"
20260222T223746Z_2r20oly,stanford-college-plus-science-bowl,double_elim,4,996270cc0498c447d9dadc9286e8f304b6eacc251a745f3bc48e5ea542e2fbfb,8,0,team__mit_team_1,,correct,1,end,,,BONUS
20260222T223746Z_2r20oly,stanford-college-plus-science-bowl,double_elim,4,996270cc0498c447d9dadc9286e8f304b6eacc251a745f3bc48e5ea542e2fbfb,9,0,team__mit_team_1,player__mingwen_duan,incorrect,1,end,,,END
20260222T223746Z_2r20oly,stanford-college-plus-science-bowl,double_elim,4,996270cc0498c447d9dadc9286e8f304b6eacc251a745f3bc48e5ea542e2fbfb,9,1,team__quizbowlers,player__swapnil_garg,incorrect,1,end,,,END
20260222T223746Z_2r20oly,stanford-college-plus-science-bowl,double_elim,4,996270cc0498c447d9dadc9286e8f304b6eacc251a745f3bc48e5ea542e2fbfb,11,0,team__mit_team_1,player__anurag_sodhi,correct,0,question,25,,these
20260222T223746Z_2r20oly,stanford-college-plus-science-bowl,double_elim,4,996270cc0498c447d9dadc9286e8f304b6eacc251a745f3bc48e5ea542e2fbfb,12,0,team__mit_team_1,,incorrect,1,end,,,BONUS
20260222T223746Z_2r20oly,stanford-college-plus-science-bowl,double_elim,4,996270cc0498c447d9dadc9286e8f304b6eacc251a745f3bc48e5ea542e2fbfb,13,0,team__quizbowlers,player__shahar_schwartz,incorrect,1,end,,,END
20260222T223746Z_2r20oly,stanford-college-plus-science-bowl,double_elim,4,996270cc0498c447d9dadc9286e8f304b6eacc251a745f3bc48e5ea542e2fbfb,13,1,team__mit_team_1,player__yunyi_ling,incorrect,1,end,,,END
20260222T223746Z_2r20oly,stanford-college-plus-science-bowl,double_elim,4,996270cc0498c447d9dadc9286e8f304b6eacc251a745f3bc48e5ea542e2fbfb,15,0,team__mit_team_1,player__anurag_sodhi,correct,0,question,14,,orbital
20260222T223746Z_2r20oly,stanford-college-plus-science-bowl,double_elim,4,996270cc0498c447d9dadc9286e8f304b6eacc251a745f3bc48e5ea542e2fbfb,16,0,team__mit_team_1,,correct,1,end,,,BONUS
20260222T223746Z_2r20oly,stanford-college-plus-science-bowl,double_elim,4,996270cc0498c447d9dadc9286e8f304b6eacc251a745f3bc48e5ea542e2fbfb,17,0,team__mit_team_1,player__yunyi_ling,correct,1,end,,,END
20260222T223746Z_2r20oly,stanford-college-plus-science-bowl,double_elim,4,996270cc0498c447d9dadc9286e8f304b6eacc251a745f3bc48e5ea542e2fbfb,18,0,team__mit_team_1,,correct,1,end,,,BONUS
20260222T223746Z_2r20oly,stanford-college-plus-science-bowl,double_elim,4,996270cc0498c447d9dadc9286e8f304b6eacc251a745f3bc48e5ea542e2fbfb,19,0,team__mit_team_1,player__anurag_sodhi,correct,0,option,0,1,Electrons
20260222T223746Z_2r20oly,stanford-college-plus-science-bowl,double_elim,4,996270cc0498c447d9dadc9286e8f304b6eacc251a745f3bc48e5ea542e2fbfb,20,0,team__mit_team_1,,correct,1,end,,,BONUS
20260222T223746Z_2r20oly,stanford-college-plus-science-bowl,double_elim,4,996270cc0498c447d9dadc9286e8f304b6eacc251a745f3bc48e5ea542e2fbfb,21,0,team__mit_team_1,player__anurag_sodhi,correct,0,option,3,2,with
20260222T223746Z_2r20oly,stanford-college-plus-science-bowl,double_elim,4,996270cc0498c447d9dadc9286e8f304b6eacc251a745f3bc48e5ea542e2fbfb,22,0,team__mit_team_1,,incorrect,1,end,,,BONUS
20260222T223746Z_2r20oly,stanford-college-plus-science-bowl,double_elim,4,996270cc0498c447d9dadc9286e8f304b6eacc251a745f3bc48e5ea542e2fbfb,23,0,team__mit_team_1,player__anurag_sodhi,correct,0,question,30,,asymptotic
20260222T223746Z_2r20oly,stanford-college-plus-science-bowl,double_elim,4,996270cc0498c447d9dadc9286e8f304b6eacc251a745f3bc48e5ea542e2fbfb,24,0,team__mit_team_1,,incorrect,1,end,,,BONUS
20260222T223746Z_2r20oly,stanford-college-plus-science-bowl,double_elim,4,996270cc0498c447d9dadc9286e8f304b6eacc251a745f3bc48e5ea542e2fbfb,25,0,team__mit_team_1,player__anurag_sodhi,incorrect,0,question,16,,will
20260222T223746Z_2r20oly,stanford-college-plus-science-bowl,double_elim,4,996270cc0498c447d9dadc9286e8f304b6eacc251a745f3bc48e5ea542e2fbfb,25,1,team__quizbowlers,player__rohan_shelke,correct,1,end,,,END
20260222T223746Z_2r20oly,stanford-college-plus-science-bowl,double_elim,4,996270cc0498c447d9dadc9286e8f304b6eacc251a745f3bc48e5ea542e2fbfb,26,0,team__quizbowlers,,incorrect,1,end,,,BONUS
20260222T223746Z_2r20oly,stanford-college-plus-science-bowl,double_elim,4,996270cc0498c447d9dadc9286e8f304b6eacc251a745f3bc48e5ea542e2fbfb,27,0,team__mit_team_1,player__anurag_sodhi,correct,0,question,51,,At
20260222T223746Z_2r20oly,stanford-college-plus-science-bowl,double_elim,4,996270cc0498c447d9dadc9286e8f304b6eacc251a745f3bc48e5ea542e2fbfb,28,0,team__mit_team_1,,correct,1,end,,,BONUS
20260222T223746Z_2r20oly,stanford-college-plus-science-bowl,double_elim,4,996270cc0498c447d9dadc9286e8f304b6eacc251a745f3bc48e5ea542e2fbfb,29,0,team__quizbowlers,player__rohan_shelke,incorrect,1,end,,,END
20260222T223746Z_2r20oly,stanford-college-plus-science-bowl,double_elim,4,996270cc0498c447d9dadc9286e8f304b6eacc251a745f3bc48e5ea542e2fbfb,29,1,team__mit_team_1,player__anurag_sodhi,correct,1,end,,,END
20260222T223746Z_2r20oly,stanford-college-plus-science-bowl,double_elim,4,996270cc0498c447d9dadc9286e8f304b6eacc251a745f3bc48e5ea542e2fbfb,30,0,team__mit_team_1,,incorrect,1,end,,,BONUS
20260222T223746Z_2r20oly,stanford-college-plus-science-bowl,double_elim,4,996270cc0498c447d9dadc9286e8f304b6eacc251a745f3bc48e5ea542e2fbfb,31,0,team__mit_team_1,player__yunyi_ling,correct,0,question,25,,stereoisomerism?
20260222T223746Z_2r20oly,stanford-college-plus-science-bowl,double_elim,4,996270cc0498c447d9dadc9286e8f304b6eacc251a745f3bc48e5ea542e2fbfb,32,0,team__mit_team_1,,correct,1,end,,,BONUS
20260222T223746Z_2r20oly,stanford-college-plus-science-bowl,double_elim,4,996270cc0498c447d9dadc9286e8f304b6eacc251a745f3bc48e5ea542e2fbfb,33,0,team__mit_team_1,player__yunyi_ling,incorrect,1,end,,,END
20260222T223746Z_2r20oly,stanford-college-plus-science-bowl,double_elim,4,996270cc0498c447d9dadc9286e8f304b6eacc251a745f3bc48e5ea542e2fbfb,33,1,team__quizbowlers,player__swapnil_garg,incorrect,1,end,,,END
20260222T223746Z_2r20oly,stanford-college-plus-science-bowl,double_elim,4,996270cc0498c447d9dadc9286e8f304b6eacc251a745f3bc48e5ea542e2fbfb,35,0,team__mit_team_1,player__yunyi_ling,correct,0,option,-1,3,Z
20260222T223746Z_2r20oly,stanford-college-plus-science-bowl,double_elim,4,996270cc0498c447d9dadc9286e8f304b6eacc251a745f3bc48e5ea542e2fbfb,36,0,team__mit_team_1,,correct,1,end,,,BONUS
20260222T223746Z_2r20oly,stanford-college-plus-science-bowl,double_elim,4,996270cc0498c447d9dadc9286e8f304b6eacc251a745f3bc48e5ea542e2fbfb,37,0,team__mit_team_1,player__anurag_sodhi,incorrect,0,question,20,,this
20260222T223746Z_2r20oly,stanford-college-plus-science-bowl,double_elim,4,996270cc0498c447d9dadc9286e8f304b6eacc251a745f3bc48e5ea542e2fbfb,37,1,team__quizbowlers,player__shahar_schwartz,incorrect,1,end,,,END
20260222T223746Z_2r20oly,stanford-college-plus-science-bowl,double_elim,4,996270cc0498c447d9dadc9286e8f304b6eacc251a745f3bc48e5ea542e2fbfb,39,0,team__mit_team_1,player__yunyi_ling,correct,0,question,19,,proportional
20260222T223746Z_2r20oly,stanford-college-plus-science-bowl,double_elim,4,996270cc0498c447d9dadc9286e8f304b6eacc251a745f3bc48e5ea542e2fbfb,40,0,team__mit_team_1,,incorrect,1,end,,,BONUS
20260222T223746Z_2r20oly,stanford-college-plus-science-bowl,double_elim,4,996270cc0498c447d9dadc9286e8f304b6eacc251a745f3bc48e5ea542e2fbfb,41,0,team__mit_team_1,player__anurag_sodhi,incorrect,1,end,,,END
20260222T223746Z_2r20oly,stanford-college-plus-science-bowl,double_elim,4,996270cc0498c447d9dadc9286e8f304b6eacc251a745f3bc48e5ea542e2fbfb,41,1,team__quizbowlers,player__rohan_shelke,correct,1,end,,,END
20260222T223746Z_2r20oly,stanford-college-plus-science-bowl,double_elim,4,996270cc0498c447d9dadc9286e8f304b6eacc251a745f3bc48e5ea542e2fbfb,42,0,team__quizbowlers,,incorrect,1,end,,,BONUS
20260222T223746Z_2r20oly,stanford-college-plus-science-bowl,double_elim,4,996270cc0498c447d9dadc9286e8f304b6eacc251a745f3bc48e5ea542e2fbfb,43,0,team__mit_team_1,player__yunyi_ling,correct,0,question,12,,what
20260222T223746Z_2r20oly,stanford-college-plus-science-bowl,double_elim,4,996270cc0498c447d9dadc9286e8f304b6eacc251a745f3bc48e5ea542e2fbfb,44,0,team__mit_team_1,,correct,1,end,,,BONUS
20260222T223746Z_2r20oly,stanford-college-plus-science-bowl,double_elim,4,996270cc0498c447d9dadc9286e8f304b6eacc251a745f3bc48e5ea542e2fbfb,45,0,team__mit_team_1,player__yunyi_ling,incorrect,0,question,19,,distribution
20260222T223746Z_2r20oly,stanford-college-plus-science-bowl,double_elim,4,996270cc0498c447d9dadc9286e8f304b6eacc251a745f3bc48e5ea542e2fbfb,45,1,team__quizbowlers,player__swapnil_garg,correct,1,end,,,END
20260222T223746Z_2r20oly,stanford-college-plus-science-bowl,double_elim,4,996270cc0498c447d9dadc9286e8f304b6eacc251a745f3bc48e5ea542e2fbfb,46,0,team__quizbowlers,,incorrect,1,end,,,BONUS
20260222T223958Z_4iu94to,stanford-college-plus-science-bowl,double_elim,4,996270cc0498c447d9dadc9286e8f304b6eacc251a745f3bc48e5ea542e2fbfb,1,0,team__cmu,player__josh_shi,incorrect,1,end,,,END
20260222T223958Z_4iu94to,stanford-college-plus-science-bowl,double_elim,4,996270cc0498c447d9dadc9286e8f304b6eacc251a745f3bc48e5ea542e2fbfb,1,1,team__university_of_alabama_birmingham,player__albert_chen,incorrect,1,end,,,END
20260222T223958Z_4iu94to,stanford-college-plus-science-bowl,double_elim,4,996270cc0498c447d9dadc9286e8f304b6eacc251a745f3bc48e5ea542e2fbfb,3,0,team__university_of_alabama_birmingham,player__albert_chen,incorrect,0,question,27,,linear
20260222T223958Z_4iu94to,stanford-college-plus-science-bowl,double_elim,4,996270cc0498c447d9dadc9286e8f304b6eacc251a745f3bc48e5ea542e2fbfb,3,1,team__cmu,player__josh_shi,correct,1,end,,,END
20260222T223958Z_4iu94to,stanford-college-plus-science-bowl,double_elim,4,996270cc0498c447d9dadc9286e8f304b6eacc251a745f3bc48e5ea542e2fbfb,4,0,team__cmu,,incorrect,1,end,,,BONUS
20260222T223958Z_4iu94to,stanford-college-plus-science-bowl,double_elim,4,996270cc0498c447d9dadc9286e8f304b6eacc251a745f3bc48e5ea542e2fbfb,5,0,team__university_of_alabama_birmingham,player__akhil_batchu,correct,0,option,1,1,microlensing
20260222T223958Z_4iu94to,stanford-college-plus-science-bowl,double_elim,4,996270cc0498c447d9dadc9286e8f304b6eacc251a745f3bc48e5ea542e2fbfb,6,0,team__university_of_alabama_birmingham,,correct,1,end,,,BONUS
20260222T223958Z_4iu94to,stanford-college-plus-science-bowl,double_elim,4,996270cc0498c447d9dadc9286e8f304b6eacc251a745f3bc48e5ea542e2fbfb,7,0,team__university_of_alabama_birmingham,player__akhil_batchu,correct,0,question,18,,"deuterium,"
20260222T223958Z_4iu94to,stanford-college-plus-science-bowl,double_elim,4,996270cc0498c447d9dadc9286e8f304b6eacc251a745f3bc48e5ea542e2fbfb,8,0,team__university_of_alabama_birmingham,,incorrect,1,end,,,BONUS
20260222T223958Z_4iu94to,stanford-college-plus-science-bowl,double_elim,4,996270cc0498c447d9dadc9286e8f304b6eacc251a745f3bc48e5ea542e2fbfb,9,0,team__cmu,player__peter_ferolito,correct,0,question,36,,Keqing
20260222T223958Z_4iu94to,stanford-college-plus-science-bowl,double_elim,4,996270cc0498c447d9dadc9286e8f304b6eacc251a745f3bc48e5ea542e2fbfb,10,0,team__cmu,,incorrect,1,end,,,BONUS
20260222T223958Z_4iu94to,stanford-college-plus-science-bowl,double_elim,4,996270cc0498c447d9dadc9286e8f304b6eacc251a745f3bc48e5ea542e2fbfb,11,0,team__cmu,player__vidur_kothur,correct,0,question,25,,these
20260222T223958Z_4iu94to,stanford-college-plus-science-bowl,double_elim,4,996270cc0498c447d9dadc9286e8f304b6eacc251a745f3bc48e5ea542e2fbfb,12,0,team__cmu,,incorrect,1,end,,,BONUS
20260222T223958Z_4iu94to,stanford-college-plus-science-bowl,double_elim,4,996270cc0498c447d9dadc9286e8f304b6eacc251a745f3bc48e5ea542e2fbfb,13,0,team__cmu,player__vidur_kothur,incorrect,1,end,,,END
20260222T223958Z_4iu94to,stanford-college-plus-science-bowl,double_elim,4,996270cc0498c447d9dadc9286e8f304b6eacc251a745f3bc48e5ea542e2fbfb,13,1,team__university_of_alabama_birmingham,player__akhil_batchu,incorrect,1,end,,,END
20260222T223958Z_4iu94to,stanford-college-plus-science-bowl,double_elim,4,996270cc0498c447d9dadc9286e8f304b6eacc251a745f3bc48e5ea542e2fbfb,15,0,team__cmu,player__josh_shi,correct,0,question,21,,make
20260222T223958Z_4iu94to,stanford-college-plus-science-bowl,double_elim,4,996270cc0498c447d9dadc9286e8f304b6eacc251a745f3bc48e5ea542e2fbfb,16,0,team__cmu,,correct,1,end,,,BONUS
20260222T223958Z_4iu94to,stanford-college-plus-science-bowl,double_elim,4,996270cc0498c447d9dadc9286e8f304b6eacc251a745f3bc48e5ea542e2fbfb,17,0,team__university_of_alabama_birmingham,player__akhil_batchu,correct,1,end,,,END
20260222T223958Z_4iu94to,stanford-college-plus-science-bowl,double_elim,4,996270cc0498c447d9dadc9286e8f304b6eacc251a745f3bc48e5ea542e2fbfb,18,0,team__university_of_alabama_birmingham,,correct,1,end,,,BONUS
20260222T223958Z_4iu94to,stanford-college-plus-science-bowl,double_elim,4,996270cc0498c447d9dadc9286e8f304b6eacc251a745f3bc48e5ea542e2fbfb,19,0,team__university_of_alabama_birmingham,player__akhil_batchu,correct,0,option,-1,2,Y
20260222T223958Z_4iu94to,stanford-college-plus-science-bowl,double_elim,4,996270cc0498c447d9dadc9286e8f304b6eacc251a745f3bc48e5ea542e2fbfb,20,0,team__university_of_alabama_birmingham,,correct,1,end,,,BONUS
20260222T223958Z_4iu94to,stanford-college-plus-science-bowl,double_elim,4,996270cc0498c447d9dadc9286e8f304b6eacc251a745f3bc48e5ea542e2fbfb,21,0,team__cmu,player__peter_ferolito,incorrect,0,option,5,1,subintervals
20260222T223958Z_4iu94to,stanford-college-plus-science-bowl,double_elim,4,996270cc0498c447d9dadc9286e8f304b6eacc251a745f3bc48e5ea542e2fbfb,21,1,team__university_of_alabama_birmingham,player__albert_chen,correct,1,end,,,END
20260222T223958Z_4iu94to,stanford-college-plus-science-bowl,double_elim,4,996270cc0498c447d9dadc9286e8f304b6eacc251a745f3bc48e5ea542e2fbfb,22,0,team__university_of_alabama_birmingham,,correct,1,end,,,BONUS
20260222T223958Z_4iu94to,stanford-college-plus-science-bowl,double_elim,4,996270cc0498c447d9dadc9286e8f304b6eacc251a745f3bc48e5ea542e2fbfb,23,0,team__cmu,player__peter_ferolito,correct,0,question,30,,asymptotic
20260222T223958Z_4iu94to,stanford-college-plus-science-bowl,double_elim,4,996270cc0498c447d9dadc9286e8f304b6eacc251a745f3bc48e5ea542e2fbfb,24,0,team__cmu,,correct,1,end,,,BONUS
20260222T223958Z_4iu94to,stanford-college-plus-science-bowl,double_elim,4,996270cc0498c447d9dadc9286e8f304b6eacc251a745f3bc48e5ea542e2fbfb,25,0,team__cmu,player__vidur_kothur,incorrect,0,question,17,,reduce
20260222T223958Z_4iu94to,stanford-college-plus-science-bowl,double_elim,4,996270cc0498c447d9dadc9286e8f304b6eacc251a745f3bc48e5ea542e2fbfb,25,1,team__university_of_alabama_birmingham,player__akhil_batchu,correct,0,question,0,,The
20260222T223958Z_4iu94to,stanford-college-plus-science-bowl,double_elim,4,996270cc0498c447d9dadc9286e8f304b6eacc251a745f3bc48e5ea542e2fbfb,26,0,team__university_of_alabama_birmingham,,incorrect,1,end,,,BONUS
20260222T223958Z_4iu94to,stanford-college-plus-science-bowl,double_elim,4,996270cc0498c447d9dadc9286e8f304b6eacc251a745f3bc48e5ea542e2fbfb,27,0,team__cmu,player__josh_shi,correct,1,end,,,END
20260222T223958Z_4iu94to,stanford-college-plus-science-bowl,double_elim,4,996270cc0498c447d9dadc9286e8f304b6eacc251a745f3bc48e5ea542e2fbfb,28,0,team__cmu,,incorrect,1,end,,,BONUS
20260222T223958Z_4iu94to,stanford-college-plus-science-bowl,double_elim,4,996270cc0498c447d9dadc9286e8f304b6eacc251a745f3bc48e5ea542e2fbfb,29,0,team__university_of_alabama_birmingham,player__akhil_batchu,incorrect,0,question,14,,Strombolian;
20260222T223958Z_4iu94to,stanford-college-plus-science-bowl,double_elim,4,996270cc0498c447d9dadc9286e8f304b6eacc251a745f3bc48e5ea542e2fbfb,29,1,team__cmu,player__vidur_kothur,incorrect,1,end,,,END
20260222T223958Z_4iu94to,stanford-college-plus-science-bowl,double_elim,4,996270cc0498c447d9dadc9286e8f304b6eacc251a745f3bc48e5ea542e2fbfb,31,0,team__cmu,player__josh_shi,correct,1,end,,,END
20260222T223958Z_4iu94to,stanford-college-plus-science-bowl,double_elim,4,996270cc0498c447d9dadc9286e8f304b6eacc251a745f3bc48e5ea542e2fbfb,32,0,team__cmu,,incorrect,1,end,,,BONUS
20260222T223958Z_4iu94to,stanford-college-plus-science-bowl,double_elim,4,996270cc0498c447d9dadc9286e8f304b6eacc251a745f3bc48e5ea542e2fbfb,33,0,team__cmu,player__josh_shi,incorrect,0,question,33,,x
20260222T223958Z_4iu94to,stanford-college-plus-science-bowl,double_elim,4,996270cc0498c447d9dadc9286e8f304b6eacc251a745f3bc48e5ea542e2fbfb,33,1,team__university_of_alabama_birmingham,player__akhil_batchu,correct,1,end,,,END
20260222T223958Z_4iu94to,stanford-college-plus-science-bowl,double_elim,4,996270cc0498c447d9dadc9286e8f304b6eacc251a745f3bc48e5ea542e2fbfb,34,0,team__university_of_alabama_birmingham,,correct,1,end,,,BONUS
20260222T223958Z_4iu94to,stanford-college-plus-science-bowl,double_elim,4,996270cc0498c447d9dadc9286e8f304b6eacc251a745f3bc48e5ea542e2fbfb,35,0,team__university_of_alabama_birmingham,player__akhil_batchu,incorrect,0,option,6,2,shape
20260222T223958Z_4iu94to,stanford-college-plus-science-bowl,double_elim,4,996270cc0498c447d9dadc9286e8f304b6eacc251a745f3bc48e5ea542e2fbfb,35,1,team__cmu,player__josh_shi,correct,1,end,,,END
20260222T223958Z_4iu94to,stanford-college-plus-science-bowl,double_elim,4,996270cc0498c447d9dadc9286e8f304b6eacc251a745f3bc48e5ea542e2fbfb,36,0,team__cmu,,correct,1,end,,,BONUS
20260222T223958Z_4iu94to,stanford-college-plus-science-bowl,double_elim,4,996270cc0498c447d9dadc9286e8f304b6eacc251a745f3bc48e5ea542e2fbfb,37,0,team__cmu,player__vidur_kothur,incorrect,1,end,,,END
20260222T223958Z_4iu94to,stanford-college-plus-science-bowl,double_elim,4,996270cc0498c447d9dadc9286e8f304b6eacc251a745f3bc48e5ea542e2fbfb,37,1,team__university_of_alabama_birmingham,player__akhil_batchu,incorrect,1,end,,,END
20260222T223958Z_4iu94to,stanford-college-plus-science-bowl,double_elim,4,996270cc0498c447d9dadc9286e8f304b6eacc251a745f3bc48e5ea542e2fbfb,39,0,team__university_of_alabama_birmingham,player__albert_chen,correct,1,end,,,END
20260222T223958Z_4iu94to,stanford-college-plus-science-bowl,double_elim,4,996270cc0498c447d9dadc9286e8f304b6eacc251a745f3bc48e5ea542e2fbfb,40,0,team__university_of_alabama_birmingham,,correct,1,end,,,BONUS
20260222T223958Z_4iu94to,stanford-college-plus-science-bowl,double_elim,4,996270cc0498c447d9dadc9286e8f304b6eacc251a745f3bc48e5ea542e2fbfb,41,0,team__university_of_alabama_birmingham,player__akhil_batchu,incorrect,1,end,,,END
20260222T223958Z_4iu94to,stanford-college-plus-science-bowl,double_elim,4,996270cc0498c447d9dadc9286e8f304b6eacc251a745f3bc48e5ea542e2fbfb,41,1,team__cmu,player__peter_ferolito,incorrect,1,end,,,END
20260222T223958Z_4iu94to,stanford-college-plus-science-bowl,double_elim,4,996270cc0498c447d9dadc9286e8f304b6eacc251a745f3bc48e5ea542e2fbfb,43,0,team__cmu,player__josh_shi,incorrect,1,end,,,END
20260222T223958Z_4iu94to,stanford-college-plus-science-bowl,double_elim,4,996270cc0498c447d9dadc9286e8f304b6eacc251a745f3bc48e5ea542e2fbfb,43,1,team__university_of_alabama_birmingham,player__akhil_batchu,correct,1,end,,,END
20260222T223958Z_4iu94to,stanford-college-plus-science-bowl,double_elim,4,996270cc0498c447d9dadc9286e8f304b6eacc251a745f3bc48e5ea542e2fbfb,44,0,team__university_of_alabama_birmingham,,incorrect,1,end,,,BONUS
20260222T223958Z_4iu94to,stanford-college-plus-science-bowl,double_elim,4,996270cc0498c447d9dadc9286e8f304b6eacc251a745f3bc48e5ea542e2fbfb,45,0,team__cmu,player__vidur_kothur,correct,1,end,,,END
20260222T223958Z_4iu94to,stanford-college-plus-science-bowl,double_elim,4,996270cc0498c447d9dadc9286e8f304b6eacc251a745f3bc48e5ea542e2fbfb,46,0,team__cmu,,correct,1,end,,,BONUS
20260222T232052Z_ivtecc8,stanford-college-plus-science-bowl,double_elim,6,2fa9b78d17abe64d2e95713595330c2a0bdf1db31749c2a851010064902518c7,1,0,team__quizbowlers,player__rohan_shelke,correct,0,option,0,2,Tocopherol
20260222T232052Z_ivtecc8,stanford-college-plus-science-bowl,double_elim,6,2fa9b78d17abe64d2e95713595330c2a0bdf1db31749c2a851010064902518c7,2,0,team__quizbowlers,,correct,1,end,,,BONUS
20260222T232052Z_ivtecc8,stanford-college-plus-science-bowl,double_elim,6,2fa9b78d17abe64d2e95713595330c2a0bdf1db31749c2a851010064902518c7,3,0,team__quizbowlers,player__rohan_shelke,correct,0,option,0,0,C
20260222T232052Z_ivtecc8,stanford-college-plus-science-bowl,double_elim,6,2fa9b78d17abe64d2e95713595330c2a0bdf1db31749c2a851010064902518c7,4,0,team__quizbowlers,,incorrect,1,end,,,BONUS
20260222T232052Z_ivtecc8,stanford-college-plus-science-bowl,double_elim,6,2fa9b78d17abe64d2e95713595330c2a0bdf1db31749c2a851010064902518c7,5,0,team__quizbowlers,player__rohan_shelke,incorrect,1,end,,,END
20260222T232052Z_ivtecc8,stanford-college-plus-science-bowl,double_elim,6,2fa9b78d17abe64d2e95713595330c2a0bdf1db31749c2a851010064902518c7,5,1,team__where_is_the_goal_keeper,player__daniel_lu,incorrect,1,end,,,END
20260222T232052Z_ivtecc8,stanford-college-plus-science-bowl,double_elim,6,2fa9b78d17abe64d2e95713595330c2a0bdf1db31749c2a851010064902518c7,7,0,team__where_is_the_goal_keeper,player__daniel_lu,incorrect,1,end,,,END
20260222T232052Z_ivtecc8,stanford-college-plus-science-bowl,double_elim,6,2fa9b78d17abe64d2e95713595330c2a0bdf1db31749c2a851010064902518c7,7,1,team__quizbowlers,player__shahar_schwartz,incorrect,1,end,,,END
20260222T232052Z_ivtecc8,stanford-college-plus-science-bowl,double_elim,6,2fa9b78d17abe64d2e95713595330c2a0bdf1db31749c2a851010064902518c7,9,0,team__where_is_the_goal_keeper,player__daniel_lu,incorrect,0,question,44,,left
20260222T232052Z_ivtecc8,stanford-college-plus-science-bowl,double_elim,6,2fa9b78d17abe64d2e95713595330c2a0bdf1db31749c2a851010064902518c7,9,1,team__quizbowlers,player__swapnil_garg,correct,1,end,,,END
20260222T232052Z_ivtecc8,stanford-college-plus-science-bowl,double_elim,6,2fa9b78d17abe64d2e95713595330c2a0bdf1db31749c2a851010064902518c7,10,0,team__quizbowlers,,correct,1,end,,,BONUS
20260222T232052Z_ivtecc8,stanford-college-plus-science-bowl,double_elim,6,2fa9b78d17abe64d2e95713595330c2a0bdf1db31749c2a851010064902518c7,11,0,team__quizbowlers,player__swapnil_garg,correct,0,question,49,,exist?
20260222T232052Z_ivtecc8,stanford-college-plus-science-bowl,double_elim,6,2fa9b78d17abe64d2e95713595330c2a0bdf1db31749c2a851010064902518c7,12,0,team__quizbowlers,,correct,1,end,,,BONUS
20260222T232052Z_ivtecc8,stanford-college-plus-science-bowl,double_elim,6,2fa9b78d17abe64d2e95713595330c2a0bdf1db31749c2a851010064902518c7,13,0,team__quizbowlers,player__rohan_shelke,correct,0,question,17,,triskelion
20260222T232052Z_ivtecc8,stanford-college-plus-science-bowl,double_elim,6,2fa9b78d17abe64d2e95713595330c2a0bdf1db31749c2a851010064902518c7,14,0,team__quizbowlers,,incorrect,1,end,,,BONUS
20260222T232052Z_ivtecc8,stanford-college-plus-science-bowl,double_elim,6,2fa9b78d17abe64d2e95713595330c2a0bdf1db31749c2a851010064902518c7,15,0,team__where_is_the_goal_keeper,player__daniel_lu,incorrect,0,question,9,,weak
20260222T232052Z_ivtecc8,stanford-college-plus-science-bowl,double_elim,6,2fa9b78d17abe64d2e95713595330c2a0bdf1db31749c2a851010064902518c7,15,1,team__quizbowlers,player__swapnil_garg,correct,1,end,,,END
20260222T232052Z_ivtecc8,stanford-college-plus-science-bowl,double_elim,6,2fa9b78d17abe64d2e95713595330c2a0bdf1db31749c2a851010064902518c7,16,0,team__quizbowlers,,correct,1,end,,,BONUS
20260222T232052Z_ivtecc8,stanford-college-plus-science-bowl,double_elim,6,2fa9b78d17abe64d2e95713595330c2a0bdf1db31749c2a851010064902518c7,17,0,team__where_is_the_goal_keeper,player__daniel_lu,incorrect,1,end,,,END
20260222T232052Z_ivtecc8,stanford-college-plus-science-bowl,double_elim,6,2fa9b78d17abe64d2e95713595330c2a0bdf1db31749c2a851010064902518c7,17,1,team__quizbowlers,player__rohan_shelke,incorrect,1,end,,,END
20260222T232052Z_ivtecc8,stanford-college-plus-science-bowl,double_elim,6,2fa9b78d17abe64d2e95713595330c2a0bdf1db31749c2a851010064902518c7,19,0,team__quizbowlers,player__shahar_schwartz,correct,1,end,,,END
20260222T232052Z_ivtecc8,stanford-college-plus-science-bowl,double_elim,6,2fa9b78d17abe64d2e95713595330c2a0bdf1db31749c2a851010064902518c7,20,0,team__quizbowlers,,correct,1,end,,,BONUS
20260222T232052Z_ivtecc8,stanford-college-plus-science-bowl,double_elim,6,2fa9b78d17abe64d2e95713595330c2a0bdf1db31749c2a851010064902518c7,21,0,team__where_is_the_goal_keeper,player__daniel_lu,correct,1,end,,,END
20260222T232052Z_ivtecc8,stanford-college-plus-science-bowl,double_elim,6,2fa9b78d17abe64d2e95713595330c2a0bdf1db31749c2a851010064902518c7,22,0,team__where_is_the_goal_keeper,,incorrect,1,end,,,BONUS
20260222T232052Z_ivtecc8,stanford-college-plus-science-bowl,double_elim,6,2fa9b78d17abe64d2e95713595330c2a0bdf1db31749c2a851010064902518c7,23,0,team__quizbowlers,player__rohan_shelke,incorrect,0,question,23,,accordance
20260222T232052Z_ivtecc8,stanford-college-plus-science-bowl,double_elim,6,2fa9b78d17abe64d2e95713595330c2a0bdf1db31749c2a851010064902518c7,23,1,team__where_is_the_goal_keeper,player__daniel_lu,incorrect,1,end,,,END
20260222T232052Z_ivtecc8,stanford-college-plus-science-bowl,double_elim,6,2fa9b78d17abe64d2e95713595330c2a0bdf1db31749c2a851010064902518c7,25,0,team__where_is_the_goal_keeper,player__daniel_lu,incorrect,1,end,,,END
20260222T232052Z_ivtecc8,stanford-college-plus-science-bowl,double_elim,6,2fa9b78d17abe64d2e95713595330c2a0bdf1db31749c2a851010064902518c7,25,1,team__quizbowlers,player__shahar_schwartz,incorrect,1,end,,,END
20260222T232052Z_ivtecc8,stanford-college-plus-science-bowl,double_elim,6,2fa9b78d17abe64d2e95713595330c2a0bdf1db31749c2a851010064902518c7,27,0,team__where_is_the_goal_keeper,player__daniel_lu,correct,0,question,19,,Photoelectric
20260222T232052Z_ivtecc8,stanford-college-plus-science-bowl,double_elim,6,2fa9b78d17abe64d2e95713595330c2a0bdf1db31749c2a851010064902518c7,28,0,team__where_is_the_goal_keeper,,correct,1,end,,,BONUS
20260222T232052Z_ivtecc8,stanford-college-plus-science-bowl,double_elim,6,2fa9b78d17abe64d2e95713595330c2a0bdf1db31749c2a851010064902518c7,29,0,team__quizbowlers,player__rohan_shelke,incorrect,1,end,,,END
20260222T232052Z_ivtecc8,stanford-college-plus-science-bowl,double_elim,6,2fa9b78d17abe64d2e95713595330c2a0bdf1db31749c2a851010064902518c7,29,1,team__where_is_the_goal_keeper,player__daniel_lu,incorrect,1,end,,,END
20260222T232052Z_ivtecc8,stanford-college-plus-science-bowl,double_elim,6,2fa9b78d17abe64d2e95713595330c2a0bdf1db31749c2a851010064902518c7,31,0,team__quizbowlers,player__rohan_shelke,correct,0,question,11,,carbonyl
20260222T232052Z_ivtecc8,stanford-college-plus-science-bowl,double_elim,6,2fa9b78d17abe64d2e95713595330c2a0bdf1db31749c2a851010064902518c7,32,0,team__quizbowlers,,incorrect,1,end,,,BONUS
20260222T232052Z_ivtecc8,stanford-college-plus-science-bowl,double_elim,6,2fa9b78d17abe64d2e95713595330c2a0bdf1db31749c2a851010064902518c7,33,0,team__where_is_the_goal_keeper,player__daniel_lu,incorrect,1,end,,,END
20260222T232052Z_ivtecc8,stanford-college-plus-science-bowl,double_elim,6,2fa9b78d17abe64d2e95713595330c2a0bdf1db31749c2a851010064902518c7,35,0,team__where_is_the_goal_keeper,player__daniel_lu,correct,0,option,1,0,dendrites
20260222T232052Z_ivtecc8,stanford-college-plus-science-bowl,double_elim,6,2fa9b78d17abe64d2e95713595330c2a0bdf1db31749c2a851010064902518c7,36,0,team__where_is_the_goal_keeper,,correct,1,end,,,BONUS
20260222T232052Z_ivtecc8,stanford-college-plus-science-bowl,double_elim,6,2fa9b78d17abe64d2e95713595330c2a0bdf1db31749c2a851010064902518c7,37,0,team__where_is_the_goal_keeper,player__daniel_lu,correct,0,question,18,,Fc
20260222T232052Z_ivtecc8,stanford-college-plus-science-bowl,double_elim,6,2fa9b78d17abe64d2e95713595330c2a0bdf1db31749c2a851010064902518c7,38,0,team__where_is_the_goal_keeper,,incorrect,1,end,,,BONUS
20260222T232052Z_ivtecc8,stanford-college-plus-science-bowl,double_elim,6,2fa9b78d17abe64d2e95713595330c2a0bdf1db31749c2a851010064902518c7,39,0,team__where_is_the_goal_keeper,player__daniel_lu,correct,1,end,,,END
20260222T232052Z_ivtecc8,stanford-college-plus-science-bowl,double_elim,6,2fa9b78d17abe64d2e95713595330c2a0bdf1db31749c2a851010064902518c7,40,0,team__where_is_the_goal_keeper,,incorrect,1,end,,,BONUS
20260222T232052Z_ivtecc8,stanford-college-plus-science-bowl,double_elim,6,2fa9b78d17abe64d2e95713595330c2a0bdf1db31749c2a851010064902518c7,41,0,team__where_is_the_goal_keeper,player__daniel_lu,incorrect,1,end,,,END
20260222T232052Z_ivtecc8,stanford-college-plus-science-bowl,double_elim,6,2fa9b78d17abe64d2e95713595330c2a0bdf1db31749c2a851010064902518c7,41,1,team__quizbowlers,player__rohan_shelke,correct,1,end,,,END
20260222T232052Z_ivtecc8,stanford-college-plus-science-bowl,double_elim,6,2fa9b78d17abe64d2e95713595330c2a0bdf1db31749c2a851010064902518c7,42,0,team__quizbowlers,,incorrect,1,end,,,BONUS
20260222T232052Z_ivtecc8,stanford-college-plus-science-bowl,double_elim,6,2fa9b78d17abe64d2e95713595330c2a0bdf1db31749c2a851010064902518c7,43,0,team__quizbowlers,player__shahar_schwartz,correct,0,question,18,,aluminum
20260222T232052Z_ivtecc8,stanford-college-plus-science-bowl,double_elim,6,2fa9b78d17abe64d2e95713595330c2a0bdf1db31749c2a851010064902518c7,44,0,team__quizbowlers,,incorrect,1,end,,,BONUS
20260222T232052Z_ivtecc8,stanford-college-plus-science-bowl,double_elim,6,2fa9b78d17abe64d2e95713595330c2a0bdf1db31749c2a851010064902518c7,45,0,team__quizbowlers,player__swapnil_garg,correct,1,end,,,END
20260222T232052Z_ivtecc8,stanford-college-plus-science-bowl,double_elim,6,2fa9b78d17abe64d2e95713595330c2a0bdf1db31749c2a851010064902518c7,46,0,team__quizbowlers,,correct,1,end,,,BONUS
20260222T232219Z_0x1pmf9,stanford-college-plus-science-bowl,double_elim,6,2fa9b78d17abe64d2e95713595330c2a0bdf1db31749c2a851010064902518c7,1,0,team__mit_team_2,player__sean_fei,correct,0,option,-1,2,Y
20260222T232219Z_0x1pmf9,stanford-college-plus-science-bowl,double_elim,6,2fa9b78d17abe64d2e95713595330c2a0bdf1db31749c2a851010064902518c7,2,0,team__mit_team_2,,correct,1,end,,,BONUS
20260222T232219Z_0x1pmf9,stanford-college-plus-science-bowl,double_elim,6,2fa9b78d17abe64d2e95713595330c2a0bdf1db31749c2a851010064902518c7,3,0,team__cmu,player__josh_shi,correct,0,option,-1,2,Y
20260222T232219Z_0x1pmf9,stanford-college-plus-science-bowl,double_elim,6,2fa9b78d17abe64d2e95713595330c2a0bdf1db31749c2a851010064902518c7,4,0,team__cmu,,incorrect,1,end,,,BONUS
20260222T232219Z_0x1pmf9,stanford-college-plus-science-bowl,double_elim,6,2fa9b78d17abe64d2e95713595330c2a0bdf1db31749c2a851010064902518c7,5,0,team__mit_team_2,player__jonathan_huang,incorrect,1,end,,,END
20260222T232219Z_0x1pmf9,stanford-college-plus-science-bowl,double_elim,6,2fa9b78d17abe64d2e95713595330c2a0bdf1db31749c2a851010064902518c7,5,1,team__cmu,player__peter_ferolito,incorrect,1,end,,,END
20260222T232219Z_0x1pmf9,stanford-college-plus-science-bowl,double_elim,6,2fa9b78d17abe64d2e95713595330c2a0bdf1db31749c2a851010064902518c7,7,0,team__mit_team_2,player__gideon_tzafriri,correct,0,option,-1,0,W
20260222T232219Z_0x1pmf9,stanford-college-plus-science-bowl,double_elim,6,2fa9b78d17abe64d2e95713595330c2a0bdf1db31749c2a851010064902518c7,8,0,team__mit_team_2,,correct,1,end,,,BONUS
20260222T232219Z_0x1pmf9,stanford-college-plus-science-bowl,double_elim,6,2fa9b78d17abe64d2e95713595330c2a0bdf1db31749c2a851010064902518c7,9,0,team__mit_team_2,player__jonathan_huang,correct,0,question,44,,left
20260222T232219Z_0x1pmf9,stanford-college-plus-science-bowl,double_elim,6,2fa9b78d17abe64d2e95713595330c2a0bdf1db31749c2a851010064902518c7,10,0,team__mit_team_2,,correct,1,end,,,BONUS
20260222T232219Z_0x1pmf9,stanford-college-plus-science-bowl,double_elim,6,2fa9b78d17abe64d2e95713595330c2a0bdf1db31749c2a851010064902518c7,11,0,team__cmu,player__vidur_kothur,correct,0,option,-1,0,W
20260222T232219Z_0x1pmf9,stanford-college-plus-science-bowl,double_elim,6,2fa9b78d17abe64d2e95713595330c2a0bdf1db31749c2a851010064902518c7,12,0,team__cmu,,correct,1,end,,,BONUS
20260222T232219Z_0x1pmf9,stanford-college-plus-science-bowl,double_elim,6,2fa9b78d17abe64d2e95713595330c2a0bdf1db31749c2a851010064902518c7,13,0,team__mit_team_2,player__sean_fei,correct,0,question,10,,formation
20260222T232219Z_0x1pmf9,stanford-college-plus-science-bowl,double_elim,6,2fa9b78d17abe64d2e95713595330c2a0bdf1db31749c2a851010064902518c7,14,0,team__mit_team_2,,incorrect,1,end,,,BONUS
20260222T232219Z_0x1pmf9,stanford-college-plus-science-bowl,double_elim,6,2fa9b78d17abe64d2e95713595330c2a0bdf1db31749c2a851010064902518c7,15,0,team__mit_team_2,player__gideon_tzafriri,correct,0,question,10,,isospin
20260222T232219Z_0x1pmf9,stanford-college-plus-science-bowl,double_elim,6,2fa9b78d17abe64d2e95713595330c2a0bdf1db31749c2a851010064902518c7,16,0,team__mit_team_2,,incorrect,1,end,,,BONUS
20260222T232219Z_0x1pmf9,stanford-college-plus-science-bowl,double_elim,6,2fa9b78d17abe64d2e95713595330c2a0bdf1db31749c2a851010064902518c7,17,0,team__cmu,player__josh_shi,incorrect,0,option,-1,3,Z
20260222T232219Z_0x1pmf9,stanford-college-plus-science-bowl,double_elim,6,2fa9b78d17abe64d2e95713595330c2a0bdf1db31749c2a851010064902518c7,17,1,team__mit_team_2,player__sean_fei,incorrect,1,end,,,END
20260222T232219Z_0x1pmf9,stanford-college-plus-science-bowl,double_elim,6,2fa9b78d17abe64d2e95713595330c2a0bdf1db31749c2a851010064902518c7,19,0,team__mit_team_2,player__gideon_tzafriri,correct,0,question,21,,bromonitrobenzene;
20260222T232219Z_0x1pmf9,stanford-college-plus-science-bowl,double_elim,6,2fa9b78d17abe64d2e95713595330c2a0bdf1db31749c2a851010064902518c7,20,0,team__mit_team_2,,correct,1,end,,,BONUS
20260222T232219Z_0x1pmf9,stanford-college-plus-science-bowl,double_elim,6,2fa9b78d17abe64d2e95713595330c2a0bdf1db31749c2a851010064902518c7,21,0,team__mit_team_2,player__aryan_bora,correct,1,end,,,END
20260222T232219Z_0x1pmf9,stanford-college-plus-science-bowl,double_elim,6,2fa9b78d17abe64d2e95713595330c2a0bdf1db31749c2a851010064902518c7,22,0,team__mit_team_2,,correct,1,end,,,BONUS
20260222T232219Z_0x1pmf9,stanford-college-plus-science-bowl,double_elim,6,2fa9b78d17abe64d2e95713595330c2a0bdf1db31749c2a851010064902518c7,23,0,team__cmu,player__josh_shi,correct,0,question,35,,from
20260222T232219Z_0x1pmf9,stanford-college-plus-science-bowl,double_elim,6,2fa9b78d17abe64d2e95713595330c2a0bdf1db31749c2a851010064902518c7,24,0,team__cmu,,incorrect,1,end,,,BONUS
20260222T232219Z_0x1pmf9,stanford-college-plus-science-bowl,double_elim,6,2fa9b78d17abe64d2e95713595330c2a0bdf1db31749c2a851010064902518c7,25,0,team__mit_team_2,player__sean_fei,correct,0,option,-1,1,X
20260222T232219Z_0x1pmf9,stanford-college-plus-science-bowl,double_elim,6,2fa9b78d17abe64d2e95713595330c2a0bdf1db31749c2a851010064902518c7,26,0,team__mit_team_2,,incorrect,1,end,,,BONUS
20260222T232219Z_0x1pmf9,stanford-college-plus-science-bowl,double_elim,6,2fa9b78d17abe64d2e95713595330c2a0bdf1db31749c2a851010064902518c7,27,0,team__mit_team_2,player__gideon_tzafriri,correct,1,end,,,END
20260222T232219Z_0x1pmf9,stanford-college-plus-science-bowl,double_elim,6,2fa9b78d17abe64d2e95713595330c2a0bdf1db31749c2a851010064902518c7,28,0,team__mit_team_2,,correct,1,end,,,BONUS
20260222T232219Z_0x1pmf9,stanford-college-plus-science-bowl,double_elim,6,2fa9b78d17abe64d2e95713595330c2a0bdf1db31749c2a851010064902518c7,29,0,team__mit_team_2,player__jonathan_huang,incorrect,1,end,,,END
20260222T232219Z_0x1pmf9,stanford-college-plus-science-bowl,double_elim,6,2fa9b78d17abe64d2e95713595330c2a0bdf1db31749c2a851010064902518c7,29,1,team__cmu,player__peter_ferolito,incorrect,1,end,,,END
20260222T232219Z_0x1pmf9,stanford-college-plus-science-bowl,double_elim,6,2fa9b78d17abe64d2e95713595330c2a0bdf1db31749c2a851010064902518c7,31,0,team__mit_team_2,player__jonathan_huang,correct,0,question,6,,what
20260222T232219Z_0x1pmf9,stanford-college-plus-science-bowl,double_elim,6,2fa9b78d17abe64d2e95713595330c2a0bdf1db31749c2a851010064902518c7,32,0,team__mit_team_2,,incorrect,1,end,,,BONUS
20260222T232219Z_0x1pmf9,stanford-college-plus-science-bowl,double_elim,6,2fa9b78d17abe64d2e95713595330c2a0bdf1db31749c2a851010064902518c7,33,0,team__mit_team_2,player__aryan_bora,incorrect,1,end,,,END
20260222T232219Z_0x1pmf9,stanford-college-plus-science-bowl,double_elim,6,2fa9b78d17abe64d2e95713595330c2a0bdf1db31749c2a851010064902518c7,35,0,team__mit_team_2,player__aryan_bora,correct,0,option,-1,0,W
20260222T232219Z_0x1pmf9,stanford-college-plus-science-bowl,double_elim,6,2fa9b78d17abe64d2e95713595330c2a0bdf1db31749c2a851010064902518c7,36,0,team__mit_team_2,,correct,1,end,,,BONUS
20260222T232219Z_0x1pmf9,stanford-college-plus-science-bowl,double_elim,6,2fa9b78d17abe64d2e95713595330c2a0bdf1db31749c2a851010064902518c7,37,0,team__mit_team_2,player__sean_fei,correct,0,question,13,,immunoglobulin
20260222T232219Z_0x1pmf9,stanford-college-plus-science-bowl,double_elim,6,2fa9b78d17abe64d2e95713595330c2a0bdf1db31749c2a851010064902518c7,38,0,team__mit_team_2,,incorrect,1,end,,,BONUS
20260222T232219Z_0x1pmf9,stanford-college-plus-science-bowl,double_elim,6,2fa9b78d17abe64d2e95713595330c2a0bdf1db31749c2a851010064902518c7,39,0,team__mit_team_2,player__gideon_tzafriri,correct,1,end,,,END
20260222T232219Z_0x1pmf9,stanford-college-plus-science-bowl,double_elim,6,2fa9b78d17abe64d2e95713595330c2a0bdf1db31749c2a851010064902518c7,40,0,team__mit_team_2,,correct,1,end,,,BONUS
20260222T232219Z_0x1pmf9,stanford-college-plus-science-bowl,double_elim,6,2fa9b78d17abe64d2e95713595330c2a0bdf1db31749c2a851010064902518c7,41,0,team__mit_team_2,player__jonathan_huang,incorrect,1,end,,,END
20260222T232219Z_0x1pmf9,stanford-college-plus-science-bowl,double_elim,6,2fa9b78d17abe64d2e95713595330c2a0bdf1db31749c2a851010064902518c7,41,1,team__cmu,player__peter_ferolito,incorrect,1,end,,,END
20260222T232219Z_0x1pmf9,stanford-college-plus-science-bowl,double_elim,6,2fa9b78d17abe64d2e95713595330c2a0bdf1db31749c2a851010064902518c7,43,0,team__mit_team_2,player__gideon_tzafriri,correct,0,question,16,,3)
20260222T232219Z_0x1pmf9,stanford-college-plus-science-bowl,double_elim,6,2fa9b78d17abe64d2e95713595330c2a0bdf1db31749c2a851010064902518c7,44,0,team__mit_team_2,,correct,1,end,,,BONUS
20260222T232219Z_0x1pmf9,stanford-college-plus-science-bowl,double_elim,6,2fa9b78d17abe64d2e95713595330c2a0bdf1db31749c2a851010064902518c7,45,0,team__mit_team_2,player__jonathan_huang,incorrect,1,end,,,END
20260222T232219Z_0x1pmf9,stanford-college-plus-science-bowl,double_elim,6,2fa9b78d17abe64d2e95713595330c2a0bdf1db31749c2a851010064902518c7,45,1,team__cmu,player__peter_ferolito,incorrect,1,end,,,END
20260222T232252Z_54xbn0f,stanford-college-plus-science-bowl,double_elim,6,2fa9b78d17abe64d2e95713595330c2a0bdf1db31749c2a851010064902518c7,1,0,team__mit_team_1,player__yunyi_ling,correct,0,option,0,2,Tocopherol
20260222T232252Z_54xbn0f,stanford-college-plus-science-bowl,double_elim,6,2fa9b78d17abe64d2e95713595330c2a0bdf1db31749c2a851010064902518c7,2,0,team__mit_team_1,,incorrect,1,end,,,BONUS
20260222T232252Z_54xbn0f,stanford-college-plus-science-bowl,double_elim,6,2fa9b78d17abe64d2e95713595330c2a0bdf1db31749c2a851010064902518c7,3,0,team__mit_team_1,player__yunyi_ling,correct,0,question,9,,symmetries?
20260222T232252Z_54xbn0f,stanford-college-plus-science-bowl,double_elim,6,2fa9b78d17abe64d2e95713595330c2a0bdf1db31749c2a851010064902518c7,4,0,team__mit_team_1,,incorrect,1,end,,,BONUS
20260222T232252Z_54xbn0f,stanford-college-plus-science-bowl,double_elim,6,2fa9b78d17abe64d2e95713595330c2a0bdf1db31749c2a851010064902518c7,5,0,team__university_of_alabama_birmingham,player__akhil_batchu,correct,1,end,,,END
20260222T232252Z_54xbn0f,stanford-college-plus-science-bowl,double_elim,6,2fa9b78d17abe64d2e95713595330c2a0bdf1db31749c2a851010064902518c7,6,0,team__university_of_alabama_birmingham,,correct,1,end,,,BONUS
20260222T232252Z_54xbn0f,stanford-college-plus-science-bowl,double_elim,6,2fa9b78d17abe64d2e95713595330c2a0bdf1db31749c2a851010064902518c7,7,0,team__mit_team_1,player__yunyi_ling,correct,0,option,-1,0,W
20260222T232252Z_54xbn0f,stanford-college-plus-science-bowl,double_elim,6,2fa9b78d17abe64d2e95713595330c2a0bdf1db31749c2a851010064902518c7,8,0,team__mit_team_1,,correct,1,end,,,BONUS
20260222T232252Z_54xbn0f,stanford-college-plus-science-bowl,double_elim,6,2fa9b78d17abe64d2e95713595330c2a0bdf1db31749c2a851010064902518c7,9,0,team__university_of_alabama_birmingham,player__akhil_batchu,correct,0,question,39,,X)
20260222T232252Z_54xbn0f,stanford-college-plus-science-bowl,double_elim,6,2fa9b78d17abe64d2e95713595330c2a0bdf1db31749c2a851010064902518c7,10,0,team__university_of_alabama_birmingham,,incorrect,1,end,,,BONUS
20260222T232252Z_54xbn0f,stanford-college-plus-science-bowl,double_elim,6,2fa9b78d17abe64d2e95713595330c2a0bdf1db31749c2a851010064902518c7,11,0,team__mit_team_1,player__anurag_sodhi,correct,0,option,-1,3,Z
20260222T232252Z_54xbn0f,stanford-college-plus-science-bowl,double_elim,6,2fa9b78d17abe64d2e95713595330c2a0bdf1db31749c2a851010064902518c7,12,0,team__mit_team_1,,correct,1,end,,,BONUS
20260222T232252Z_54xbn0f,stanford-college-plus-science-bowl,double_elim,6,2fa9b78d17abe64d2e95713595330c2a0bdf1db31749c2a851010064902518c7,13,0,team__mit_team_1,player__anurag_sodhi,incorrect,0,question,9,,the
20260222T232252Z_54xbn0f,stanford-college-plus-science-bowl,double_elim,6,2fa9b78d17abe64d2e95713595330c2a0bdf1db31749c2a851010064902518c7,13,1,team__university_of_alabama_birmingham,player__akhil_batchu,correct,1,end,,,END
20260222T232252Z_54xbn0f,stanford-college-plus-science-bowl,double_elim,6,2fa9b78d17abe64d2e95713595330c2a0bdf1db31749c2a851010064902518c7,14,0,team__university_of_alabama_birmingham,,incorrect,1,end,,,BONUS
20260222T232252Z_54xbn0f,stanford-college-plus-science-bowl,double_elim,6,2fa9b78d17abe64d2e95713595330c2a0bdf1db31749c2a851010064902518c7,15,0,team__mit_team_1,player__anurag_sodhi,correct,0,question,9,,weak
20260222T232252Z_54xbn0f,stanford-college-plus-science-bowl,double_elim,6,2fa9b78d17abe64d2e95713595330c2a0bdf1db31749c2a851010064902518c7,16,0,team__mit_team_1,,correct,1,end,,,BONUS
20260222T232252Z_54xbn0f,stanford-college-plus-science-bowl,double_elim,6,2fa9b78d17abe64d2e95713595330c2a0bdf1db31749c2a851010064902518c7,17,0,team__mit_team_1,player__anurag_sodhi,incorrect,1,end,,,END
20260222T232252Z_54xbn0f,stanford-college-plus-science-bowl,double_elim,6,2fa9b78d17abe64d2e95713595330c2a0bdf1db31749c2a851010064902518c7,17,1,team__university_of_alabama_birmingham,player__akhil_batchu,correct,1,end,,,END
20260222T232252Z_54xbn0f,stanford-college-plus-science-bowl,double_elim,6,2fa9b78d17abe64d2e95713595330c2a0bdf1db31749c2a851010064902518c7,18,0,team__university_of_alabama_birmingham,,incorrect,1,end,,,BONUS
20260222T232252Z_54xbn0f,stanford-college-plus-science-bowl,double_elim,6,2fa9b78d17abe64d2e95713595330c2a0bdf1db31749c2a851010064902518c7,19,0,team__mit_team_1,player__anurag_sodhi,correct,0,question,26,,para
20260222T232252Z_54xbn0f,stanford-college-plus-science-bowl,double_elim,6,2fa9b78d17abe64d2e95713595330c2a0bdf1db31749c2a851010064902518c7,20,0,team__mit_team_1,,correct,1,end,,,BONUS
20260222T232252Z_54xbn0f,stanford-college-plus-science-bowl,double_elim,6,2fa9b78d17abe64d2e95713595330c2a0bdf1db31749c2a851010064902518c7,21,0,team__mit_team_1,player__anurag_sodhi,incorrect,1,end,,,END
20260222T232252Z_54xbn0f,stanford-college-plus-science-bowl,double_elim,6,2fa9b78d17abe64d2e95713595330c2a0bdf1db31749c2a851010064902518c7,21,1,team__university_of_alabama_birmingham,player__akhil_batchu,correct,1,end,,,END
20260222T232252Z_54xbn0f,stanford-college-plus-science-bowl,double_elim,6,2fa9b78d17abe64d2e95713595330c2a0bdf1db31749c2a851010064902518c7,22,0,team__university_of_alabama_birmingham,,incorrect,1,end,,,BONUS
20260222T232252Z_54xbn0f,stanford-college-plus-science-bowl,double_elim,6,2fa9b78d17abe64d2e95713595330c2a0bdf1db31749c2a851010064902518c7,23,0,team__mit_team_1,player__yunyi_ling,correct,1,end,,,END
20260222T232252Z_54xbn0f,stanford-college-plus-science-bowl,double_elim,6,2fa9b78d17abe64d2e95713595330c2a0bdf1db31749c2a851010064902518c7,24,0,team__mit_team_1,,incorrect,1,end,,,BONUS
20260222T232252Z_54xbn0f,stanford-college-plus-science-bowl,double_elim,6,2fa9b78d17abe64d2e95713595330c2a0bdf1db31749c2a851010064902518c7,25,0,team__university_of_alabama_birmingham,player__akhil_batchu,incorrect,0,option,-1,2,Y
20260222T232252Z_54xbn0f,stanford-college-plus-science-bowl,double_elim,6,2fa9b78d17abe64d2e95713595330c2a0bdf1db31749c2a851010064902518c7,25,1,team__mit_team_1,player__anurag_sodhi,correct,1,end,,,END
20260222T232252Z_54xbn0f,stanford-college-plus-science-bowl,double_elim,6,2fa9b78d17abe64d2e95713595330c2a0bdf1db31749c2a851010064902518c7,26,0,team__mit_team_1,,incorrect,1,end,,,BONUS
20260222T232252Z_54xbn0f,stanford-college-plus-science-bowl,double_elim,6,2fa9b78d17abe64d2e95713595330c2a0bdf1db31749c2a851010064902518c7,27,0,team__mit_team_1,player__yunyi_ling,incorrect,0,question,20,,effect.
20260222T232252Z_54xbn0f,stanford-college-plus-science-bowl,double_elim,6,2fa9b78d17abe64d2e95713595330c2a0bdf1db31749c2a851010064902518c7,27,1,team__university_of_alabama_birmingham,player__akhil_batchu,correct,1,end,,,END
20260222T232252Z_54xbn0f,stanford-college-plus-science-bowl,double_elim,6,2fa9b78d17abe64d2e95713595330c2a0bdf1db31749c2a851010064902518c7,28,0,team__university_of_alabama_birmingham,,correct,1,end,,,BONUS
20260222T232252Z_54xbn0f,stanford-college-plus-science-bowl,double_elim,6,2fa9b78d17abe64d2e95713595330c2a0bdf1db31749c2a851010064902518c7,29,0,team__university_of_alabama_birmingham,player__akhil_batchu,correct,0,option,-1,2,Y
20260222T232252Z_54xbn0f,stanford-college-plus-science-bowl,double_elim,6,2fa9b78d17abe64d2e95713595330c2a0bdf1db31749c2a851010064902518c7,30,0,team__university_of_alabama_birmingham,,correct,1,end,,,BONUS
20260222T232252Z_54xbn0f,stanford-college-plus-science-bowl,double_elim,6,2fa9b78d17abe64d2e95713595330c2a0bdf1db31749c2a851010064902518c7,31,0,team__mit_team_1,player__anurag_sodhi,correct,0,question,8,,that
20260222T232252Z_54xbn0f,stanford-college-plus-science-bowl,double_elim,6,2fa9b78d17abe64d2e95713595330c2a0bdf1db31749c2a851010064902518c7,32,0,team__mit_team_1,,correct,1,end,,,BONUS
20260222T232252Z_54xbn0f,stanford-college-plus-science-bowl,double_elim,6,2fa9b78d17abe64d2e95713595330c2a0bdf1db31749c2a851010064902518c7,33,0,team__university_of_alabama_birmingham,player__akhil_batchu,correct,1,end,,,END
20260222T232252Z_54xbn0f,stanford-college-plus-science-bowl,double_elim,6,2fa9b78d17abe64d2e95713595330c2a0bdf1db31749c2a851010064902518c7,34,0,team__university_of_alabama_birmingham,,incorrect,1,end,,,BONUS
20260222T232252Z_54xbn0f,stanford-college-plus-science-bowl,double_elim,6,2fa9b78d17abe64d2e95713595330c2a0bdf1db31749c2a851010064902518c7,35,0,team__mit_team_1,player__anurag_sodhi,correct,0,option,-1,1,X
20260222T232252Z_54xbn0f,stanford-college-plus-science-bowl,double_elim,6,2fa9b78d17abe64d2e95713595330c2a0bdf1db31749c2a851010064902518c7,36,0,team__mit_team_1,,incorrect,1,end,,,BONUS
20260222T232252Z_54xbn0f,stanford-college-plus-science-bowl,double_elim,6,2fa9b78d17abe64d2e95713595330c2a0bdf1db31749c2a851010064902518c7,37,0,team__university_of_alabama_birmingham,player__akhil_batchu,correct,1,end,,,END
20260222T232252Z_54xbn0f,stanford-college-plus-science-bowl,double_elim,6,2fa9b78d17abe64d2e95713595330c2a0bdf1db31749c2a851010064902518c7,38,0,team__university_of_alabama_birmingham,,incorrect,1,end,,,BONUS
20260222T232252Z_54xbn0f,stanford-college-plus-science-bowl,double_elim,6,2fa9b78d17abe64d2e95713595330c2a0bdf1db31749c2a851010064902518c7,39,0,team__university_of_alabama_birmingham,player__akhil_batchu,correct,1,end,,,END
20260222T232252Z_54xbn0f,stanford-college-plus-science-bowl,double_elim,6,2fa9b78d17abe64d2e95713595330c2a0bdf1db31749c2a851010064902518c7,40,0,team__university_of_alabama_birmingham,,correct,1,end,,,BONUS
20260222T232252Z_54xbn0f,stanford-college-plus-science-bowl,double_elim,6,2fa9b78d17abe64d2e95713595330c2a0bdf1db31749c2a851010064902518c7,41,0,team__university_of_alabama_birmingham,player__akhil_batchu,incorrect,0,question,15,,valleys.
20260222T232252Z_54xbn0f,stanford-college-plus-science-bowl,double_elim,6,2fa9b78d17abe64d2e95713595330c2a0bdf1db31749c2a851010064902518c7,41,1,team__mit_team_1,player__anurag_sodhi,incorrect,1,end,,,END
20260222T232252Z_54xbn0f,stanford-college-plus-science-bowl,double_elim,6,2fa9b78d17abe64d2e95713595330c2a0bdf1db31749c2a851010064902518c7,43,0,team__mit_team_1,player__yunyi_ling,correct,0,question,12,,cyanoborohydride;
20260222T232252Z_54xbn0f,stanford-college-plus-science-bowl,double_elim,6,2fa9b78d17abe64d2e95713595330c2a0bdf1db31749c2a851010064902518c7,44,0,team__mit_team_1,,correct,1,end,,,BONUS
20260222T232252Z_54xbn0f,stanford-college-plus-science-bowl,double_elim,6,2fa9b78d17abe64d2e95713595330c2a0bdf1db31749c2a851010064902518c7,45,0,team__mit_team_1,player__anurag_sodhi,correct,1,end,,,END
20260222T232252Z_54xbn0f,stanford-college-plus-science-bowl,double_elim,6,2fa9b78d17abe64d2e95713595330c2a0bdf1db31749c2a851010064902518c7,46,0,team__mit_team_1,,incorrect,1,end,,,BONUS
20260223T000359Z_66okq54,stanford-college-plus-science-bowl,double_elim,8,4563d95967ec0f8015b1f600faf306772abfe930ae707059e88472870c76ed3b,1,0,team__mit_team_2,player__sean_fei,correct,0,question,7,,calcium
20260223T000359Z_66okq54,stanford-college-plus-science-bowl,double_elim,8,4563d95967ec0f8015b1f600faf306772abfe930ae707059e88472870c76ed3b,2,0,team__mit_team_2,,correct,1,end,,,BONUS
20260223T000359Z_66okq54,stanford-college-plus-science-bowl,double_elim,8,4563d95967ec0f8015b1f600faf306772abfe930ae707059e88472870c76ed3b,3,0,team__mit_team_1,player__anurag_sodhi,incorrect,0,question,29,,4);
20260223T000359Z_66okq54,stanford-college-plus-science-bowl,double_elim,8,4563d95967ec0f8015b1f600faf306772abfe930ae707059e88472870c76ed3b,3,1,team__mit_team_2,player__gideon_tzafriri,correct,1,end,,,END
20260223T000359Z_66okq54,stanford-college-plus-science-bowl,double_elim,8,4563d95967ec0f8015b1f600faf306772abfe930ae707059e88472870c76ed3b,4,0,team__mit_team_2,,incorrect,1,end,,,BONUS
20260223T000359Z_66okq54,stanford-college-plus-science-bowl,double_elim,8,4563d95967ec0f8015b1f600faf306772abfe930ae707059e88472870c76ed3b,5,0,team__mit_team_1,player__selena_yang,incorrect,1,end,,,END
20260223T000359Z_66okq54,stanford-college-plus-science-bowl,double_elim,8,4563d95967ec0f8015b1f600faf306772abfe930ae707059e88472870c76ed3b,5,1,team__mit_team_2,player__jonathan_huang,incorrect,1,end,,,END
20260223T000359Z_66okq54,stanford-college-plus-science-bowl,double_elim,8,4563d95967ec0f8015b1f600faf306772abfe930ae707059e88472870c76ed3b,7,0,team__mit_team_2,player__gideon_tzafriri,incorrect,0,option,1,0,rearrangement
20260223T000359Z_66okq54,stanford-college-plus-science-bowl,double_elim,8,4563d95967ec0f8015b1f600faf306772abfe930ae707059e88472870c76ed3b,7,1,team__mit_team_1,player__anurag_sodhi,correct,1,end,,,END
20260223T000359Z_66okq54,stanford-college-plus-science-bowl,double_elim,8,4563d95967ec0f8015b1f600faf306772abfe930ae707059e88472870c76ed3b,8,0,team__mit_team_1,,incorrect,1,end,,,BONUS
20260223T000359Z_66okq54,stanford-college-plus-science-bowl,double_elim,8,4563d95967ec0f8015b1f600faf306772abfe930ae707059e88472870c76ed3b,9,0,team__mit_team_2,player__jonathan_huang,correct,1,end,,,END
20260223T000359Z_66okq54,stanford-college-plus-science-bowl,double_elim,8,4563d95967ec0f8015b1f600faf306772abfe930ae707059e88472870c76ed3b,10,0,team__mit_team_2,,correct,1,end,,,BONUS
20260223T000359Z_66okq54,stanford-college-plus-science-bowl,double_elim,8,4563d95967ec0f8015b1f600faf306772abfe930ae707059e88472870c76ed3b,11,0,team__mit_team_1,player__selena_yang,incorrect,0,option,0,0,"Increases,"
20260223T000359Z_66okq54,stanford-college-plus-science-bowl,double_elim,8,4563d95967ec0f8015b1f600faf306772abfe930ae707059e88472870c76ed3b,11,1,team__mit_team_2,player__sean_fei,incorrect,1,end,,,END
20260223T000359Z_66okq54,stanford-college-plus-science-bowl,double_elim,8,4563d95967ec0f8015b1f600faf306772abfe930ae707059e88472870c76ed3b,13,0,team__mit_team_2,player__sean_fei,correct,0,option,3,1,plug
20260223T000359Z_66okq54,stanford-college-plus-science-bowl,double_elim,8,4563d95967ec0f8015b1f600faf306772abfe930ae707059e88472870c76ed3b,14,0,team__mit_team_2,,correct,1,end,,,BONUS
20260223T000359Z_66okq54,stanford-college-plus-science-bowl,double_elim,8,4563d95967ec0f8015b1f600faf306772abfe930ae707059e88472870c76ed3b,15,0,team__mit_team_2,player__gideon_tzafriri,incorrect,0,option,3,3,constant
20260223T000359Z_66okq54,stanford-college-plus-science-bowl,double_elim,8,4563d95967ec0f8015b1f600faf306772abfe930ae707059e88472870c76ed3b,15,1,team__mit_team_1,player__anurag_sodhi,incorrect,1,end,,,END
20260223T000359Z_66okq54,stanford-college-plus-science-bowl,double_elim,8,4563d95967ec0f8015b1f600faf306772abfe930ae707059e88472870c76ed3b,17,0,team__mit_team_2,player__jonathan_huang,incorrect,1,end,,,END
20260223T000359Z_66okq54,stanford-college-plus-science-bowl,double_elim,8,4563d95967ec0f8015b1f600faf306772abfe930ae707059e88472870c76ed3b,17,1,team__mit_team_1,player__anurag_sodhi,incorrect,1,end,,,END
20260223T000359Z_66okq54,stanford-college-plus-science-bowl,double_elim,8,4563d95967ec0f8015b1f600faf306772abfe930ae707059e88472870c76ed3b,19,0,team__mit_team_1,player__anurag_sodhi,correct,0,question,13,,in
20260223T000359Z_66okq54,stanford-college-plus-science-bowl,double_elim,8,4563d95967ec0f8015b1f600faf306772abfe930ae707059e88472870c76ed3b,20,0,team__mit_team_1,,incorrect,1,end,,,BONUS
20260223T000359Z_66okq54,stanford-college-plus-science-bowl,double_elim,8,4563d95967ec0f8015b1f600faf306772abfe930ae707059e88472870c76ed3b,21,0,team__mit_team_2,player__jonathan_huang,correct,1,end,,,END
20260223T000359Z_66okq54,stanford-college-plus-science-bowl,double_elim,8,4563d95967ec0f8015b1f600faf306772abfe930ae707059e88472870c76ed3b,22,0,team__mit_team_2,,incorrect,1,end,,,BONUS
20260223T000359Z_66okq54,stanford-college-plus-science-bowl,double_elim,8,4563d95967ec0f8015b1f600faf306772abfe930ae707059e88472870c76ed3b,23,0,team__mit_team_2,player__jonathan_huang,correct,1,end,,,END
20260223T000359Z_66okq54,stanford-college-plus-science-bowl,double_elim,8,4563d95967ec0f8015b1f600faf306772abfe930ae707059e88472870c76ed3b,24,0,team__mit_team_2,,incorrect,1,end,,,BONUS
20260223T000359Z_66okq54,stanford-college-plus-science-bowl,double_elim,8,4563d95967ec0f8015b1f600faf306772abfe930ae707059e88472870c76ed3b,25,0,team__mit_team_1,player__selena_yang,incorrect,0,option,-1,0,W
20260223T000359Z_66okq54,stanford-college-plus-science-bowl,double_elim,8,4563d95967ec0f8015b1f600faf306772abfe930ae707059e88472870c76ed3b,25,1,team__mit_team_2,player__sean_fei,correct,1,end,,,END
20260223T000359Z_66okq54,stanford-college-plus-science-bowl,double_elim,8,4563d95967ec0f8015b1f600faf306772abfe930ae707059e88472870c76ed3b,26,0,team__mit_team_2,,incorrect,1,end,,,BONUS
20260223T000359Z_66okq54,stanford-college-plus-science-bowl,double_elim,8,4563d95967ec0f8015b1f600faf306772abfe930ae707059e88472870c76ed3b,27,0,team__mit_team_2,player__gideon_tzafriri,correct,0,question,11,,capacity
20260223T000359Z_66okq54,stanford-college-plus-science-bowl,double_elim,8,4563d95967ec0f8015b1f600faf306772abfe930ae707059e88472870c76ed3b,28,0,team__mit_team_2,,correct,1,end,,,BONUS
20260223T000359Z_66okq54,stanford-college-plus-science-bowl,double_elim,8,4563d95967ec0f8015b1f600faf306772abfe930ae707059e88472870c76ed3b,29,0,team__mit_team_2,player__jonathan_huang,incorrect,0,option,12,1,Ordovician
20260223T000359Z_66okq54,stanford-college-plus-science-bowl,double_elim,8,4563d95967ec0f8015b1f600faf306772abfe930ae707059e88472870c76ed3b,29,1,team__mit_team_1,player__anurag_sodhi,correct,1,end,,,END
20260223T000359Z_66okq54,stanford-college-plus-science-bowl,double_elim,8,4563d95967ec0f8015b1f600faf306772abfe930ae707059e88472870c76ed3b,30,0,team__mit_team_1,,incorrect,1,end,,,BONUS
20260223T000359Z_66okq54,stanford-college-plus-science-bowl,double_elim,8,4563d95967ec0f8015b1f600faf306772abfe930ae707059e88472870c76ed3b,31,0,team__mit_team_2,player__gideon_tzafriri,correct,0,question,12,,ion
20260223T000359Z_66okq54,stanford-college-plus-science-bowl,double_elim,8,4563d95967ec0f8015b1f600faf306772abfe930ae707059e88472870c76ed3b,32,0,team__mit_team_2,,incorrect,1,end,,,BONUS
20260223T000359Z_66okq54,stanford-college-plus-science-bowl,double_elim,8,4563d95967ec0f8015b1f600faf306772abfe930ae707059e88472870c76ed3b,33,0,team__mit_team_2,player__jonathan_huang,correct,1,end,,,END
20260223T000359Z_66okq54,stanford-college-plus-science-bowl,double_elim,8,4563d95967ec0f8015b1f600faf306772abfe930ae707059e88472870c76ed3b,34,0,team__mit_team_2,,correct,1,end,,,BONUS
20260223T000359Z_66okq54,stanford-college-plus-science-bowl,double_elim,8,4563d95967ec0f8015b1f600faf306772abfe930ae707059e88472870c76ed3b,35,0,team__mit_team_1,player__anurag_sodhi,correct,0,option,0,0,Aldol
20260223T000359Z_66okq54,stanford-college-plus-science-bowl,double_elim,8,4563d95967ec0f8015b1f600faf306772abfe930ae707059e88472870c76ed3b,36,0,team__mit_team_1,,incorrect,1,end,,,BONUS
20260223T000359Z_66okq54,stanford-college-plus-science-bowl,double_elim,8,4563d95967ec0f8015b1f600faf306772abfe930ae707059e88472870c76ed3b,37,0,team__mit_team_1,player__selena_yang,correct,0,question,4,,primarily
20260223T000359Z_66okq54,stanford-college-plus-science-bowl,double_elim,8,4563d95967ec0f8015b1f600faf306772abfe930ae707059e88472870c76ed3b,38,0,team__mit_team_1,,correct,1,end,,,BONUS
20260223T000359Z_66okq54,stanford-college-plus-science-bowl,double_elim,8,4563d95967ec0f8015b1f600faf306772abfe930ae707059e88472870c76ed3b,39,0,team__mit_team_2,player__jonathan_huang,correct,0,question,8,,to
20260223T000359Z_66okq54,stanford-college-plus-science-bowl,double_elim,8,4563d95967ec0f8015b1f600faf306772abfe930ae707059e88472870c76ed3b,40,0,team__mit_team_2,,incorrect,1,end,,,BONUS
20260223T000359Z_66okq54,stanford-college-plus-science-bowl,double_elim,8,4563d95967ec0f8015b1f600faf306772abfe930ae707059e88472870c76ed3b,41,0,team__mit_team_2,player__sean_fei,incorrect,1,end,,,END
20260223T000359Z_66okq54,stanford-college-plus-science-bowl,double_elim,8,4563d95967ec0f8015b1f600faf306772abfe930ae707059e88472870c76ed3b,41,1,team__mit_team_1,player__selena_yang,incorrect,1,end,,,END
20260223T000359Z_66okq54,stanford-college-plus-science-bowl,double_elim,8,4563d95967ec0f8015b1f600faf306772abfe930ae707059e88472870c76ed3b,43,0,team__mit_team_2,player__gideon_tzafriri,incorrect,1,end,,,END
20260223T000359Z_66okq54,stanford-college-plus-science-bowl,double_elim,8,4563d95967ec0f8015b1f600faf306772abfe930ae707059e88472870c76ed3b,43,1,team__mit_team_1,player__anurag_sodhi,incorrect,1,end,,,END
20260223T000359Z_66okq54,stanford-college-plus-science-bowl,double_elim,8,4563d95967ec0f8015b1f600faf306772abfe930ae707059e88472870c76ed3b,45,0,team__mit_team_2,player__aryan_bora,correct,0,option,0,0,Commutativity
20260223T000359Z_66okq54,stanford-college-plus-science-bowl,double_elim,8,4563d95967ec0f8015b1f600faf306772abfe930ae707059e88472870c76ed3b,46,0,team__mit_team_2,,correct,1,end,,,BONUS
20260222T134412Z_cj5lzyn,stanford-college-plus-science-bowl,round_1,0,90027ac92c55995b778fd5005cfa17881869e6c4a2b8db622883e3151460b509,1,0,team__where_is_the_goal_keeper,player__daniel_lu,correct,0,option,2,3,divergence
20260222T134412Z_cj5lzyn,stanford-college-plus-science-bowl,round_1,0,90027ac92c55995b778fd5005cfa17881869e6c4a2b8db622883e3151460b509,2,0,team__where_is_the_goal_keeper,,correct,1,end,,,BONUS
20260222T134412Z_cj5lzyn,stanford-college-plus-science-bowl,round_1,0,90027ac92c55995b778fd5005cfa17881869e6c4a2b8db622883e3151460b509,3,0,team__where_is_the_goal_keeper,player__daniel_lu,correct,0,question,3,,following
20260222T134412Z_cj5lzyn,stanford-college-plus-science-bowl,round_1,0,90027ac92c55995b778fd5005cfa17881869e6c4a2b8db622883e3151460b509,4,0,team__where_is_the_goal_keeper,,correct,1,end,,,BONUS
20260222T134412Z_cj5lzyn,stanford-college-plus-science-bowl,round_1,0,90027ac92c55995b778fd5005cfa17881869e6c4a2b8db622883e3151460b509,11,0,team__where_is_the_goal_keeper,player__daniel_lu,correct,0,question,3,,following
20260222T134412Z_cj5lzyn,stanford-college-plus-science-bowl,round_1,0,90027ac92c55995b778fd5005cfa17881869e6c4a2b8db622883e3151460b509,12,0,team__where_is_the_goal_keeper,,correct,1,end,,,BONUS
20260222T134412Z_cj5lzyn,stanford-college-plus-science-bowl,round_1,0,90027ac92c55995b778fd5005cfa17881869e6c4a2b8db622883e3151460b509,15,0,team__where_is_the_goal_keeper,player__daniel_lu,correct,0,question,5,,sided
20260222T134412Z_cj5lzyn,stanford-college-plus-science-bowl,round_1,0,90027ac92c55995b778fd5005cfa17881869e6c4a2b8db622883e3151460b509,16,0,team__where_is_the_goal_keeper,,correct,1,end,,,BONUS
20260222T134412Z_cj5lzyn,stanford-college-plus-science-bowl,round_1,0,90027ac92c55995b778fd5005cfa17881869e6c4a2b8db622883e3151460b509,17,0,team__where_is_the_goal_keeper,player__daniel_lu,correct,0,question,5,,characterized
20260222T134412Z_cj5lzyn,stanford-college-plus-science-bowl,round_1,0,90027ac92c55995b778fd5005cfa17881869e6c4a2b8db622883e3151460b509,18,0,team__where_is_the_goal_keeper,,correct,1,end,,,BONUS
20260222T134412Z_cj5lzyn,stanford-college-plus-science-bowl,round_1,0,90027ac92c55995b778fd5005cfa17881869e6c4a2b8db622883e3151460b509,19,0,team__where_is_the_goal_keeper,player__daniel_lu,correct,0,question,5,,computationally
20260222T134412Z_cj5lzyn,stanford-college-plus-science-bowl,round_1,0,90027ac92c55995b778fd5005cfa17881869e6c4a2b8db622883e3151460b509,20,0,team__where_is_the_goal_keeper,,correct,1,end,,,BONUS
20260222T134412Z_cj5lzyn,stanford-college-plus-science-bowl,round_1,0,90027ac92c55995b778fd5005cfa17881869e6c4a2b8db622883e3151460b509,21,0,team__where_is_the_goal_keeper,player__daniel_lu,correct,0,question,1,,0.40
20260222T134412Z_cj5lzyn,stanford-college-plus-science-bowl,round_1,0,90027ac92c55995b778fd5005cfa17881869e6c4a2b8db622883e3151460b509,22,0,team__where_is_the_goal_keeper,,correct,1,end,,,BONUS
20260222T134412Z_cj5lzyn,stanford-college-plus-science-bowl,round_1,0,90027ac92c55995b778fd5005cfa17881869e6c4a2b8db622883e3151460b509,23,0,team__quizbowlers,player__rohan_shelke,correct,0,question,5,,incidence
20260222T134412Z_cj5lzyn,stanford-college-plus-science-bowl,round_1,0,90027ac92c55995b778fd5005cfa17881869e6c4a2b8db622883e3151460b509,24,0,team__quizbowlers,,correct,1,end,,,BONUS
20260222T134412Z_cj5lzyn,stanford-college-plus-science-bowl,round_1,0,90027ac92c55995b778fd5005cfa17881869e6c4a2b8db622883e3151460b509,25,0,team__quizbowlers,player__rohan_shelke,correct,0,question,25,,proposed
20260222T134412Z_cj5lzyn,stanford-college-plus-science-bowl,round_1,0,90027ac92c55995b778fd5005cfa17881869e6c4a2b8db622883e3151460b509,26,0,team__quizbowlers,,correct,1,end,,,BONUS
20260222T134412Z_cj5lzyn,stanford-college-plus-science-bowl,round_1,0,90027ac92c55995b778fd5005cfa17881869e6c4a2b8db622883e3151460b509,27,0,team__quizbowlers,player__swapnil_garg,correct,0,question,5,,traveling
20260222T134412Z_cj5lzyn,stanford-college-plus-science-bowl,round_1,0,90027ac92c55995b778fd5005cfa17881869e6c4a2b8db622883e3151460b509,28,0,team__quizbowlers,,correct,1,end,,,BONUS
20260222T134412Z_cj5lzyn,stanford-college-plus-science-bowl,round_1,0,90027ac92c55995b778fd5005cfa17881869e6c4a2b8db622883e3151460b509,29,0,team__quizbowlers,player__swapnil_garg,correct,0,question,8,,always
20260222T134412Z_cj5lzyn,stanford-college-plus-science-bowl,round_1,0,90027ac92c55995b778fd5005cfa17881869e6c4a2b8db622883e3151460b509,30,0,team__quizbowlers,,correct,1,end,,,BONUS
20260222T160027Z_inqppe4,stanford-college-plus-science-bowl,round_robin,1,5e7e393b9538a1d5d69e7330b47646c42496b1348441450913c3a0305e976634,1,0,team__university_of_alabama_birmingham,player__akhil_batchu,correct,0,question,11,,Meselson
20260222T160027Z_inqppe4,stanford-college-plus-science-bowl,round_robin,1,5e7e393b9538a1d5d69e7330b47646c42496b1348441450913c3a0305e976634,2,0,team__university_of_alabama_birmingham,,correct,1,end,,,BONUS
20260222T160027Z_inqppe4,stanford-college-plus-science-bowl,round_robin,1,5e7e393b9538a1d5d69e7330b47646c42496b1348441450913c3a0305e976634,3,0,team__university_of_alabama_birmingham,player__akhil_batchu,incorrect,1,end,,,END
20260222T160027Z_inqppe4,stanford-college-plus-science-bowl,round_robin,1,5e7e393b9538a1d5d69e7330b47646c42496b1348441450913c3a0305e976634,3,1,team__where_is_the_goal_keeper,player__daniel_lu,correct,1,end,,,END
20260222T160027Z_inqppe4,stanford-college-plus-science-bowl,round_robin,1,5e7e393b9538a1d5d69e7330b47646c42496b1348441450913c3a0305e976634,4,0,team__where_is_the_goal_keeper,,correct,1,end,,,BONUS
20260222T160027Z_inqppe4,stanford-college-plus-science-bowl,round_robin,1,5e7e393b9538a1d5d69e7330b47646c42496b1348441450913c3a0305e976634,5,0,team__university_of_alabama_birmingham,player__akhil_batchu,incorrect,0,question,12,,"diverges,"
20260222T160027Z_inqppe4,stanford-college-plus-science-bowl,round_robin,1,5e7e393b9538a1d5d69e7330b47646c42496b1348441450913c3a0305e976634,5,1,team__where_is_the_goal_keeper,player__isaac_mammel,correct,0,question,12,,"diverges,"
20260222T160027Z_inqppe4,stanford-college-plus-science-bowl,round_robin,1,5e7e393b9538a1d5d69e7330b47646c42496b1348441450913c3a0305e976634,6,0,team__where_is_the_goal_keeper,,correct,1,end,,,BONUS
20260222T160027Z_inqppe4,stanford-college-plus-science-bowl,round_robin,1,5e7e393b9538a1d5d69e7330b47646c42496b1348441450913c3a0305e976634,7,0,team__university_of_alabama_birmingham,player__akhil_batchu,correct,0,option,0,1,Helium
20260222T160027Z_inqppe4,stanford-college-plus-science-bowl,round_robin,1,5e7e393b9538a1d5d69e7330b47646c42496b1348441450913c3a0305e976634,8,0,team__university_of_alabama_birmingham,,correct,1,end,,,BONUS
20260222T160027Z_inqppe4,stanford-college-plus-science-bowl,round_robin,1,5e7e393b9538a1d5d69e7330b47646c42496b1348441450913c3a0305e976634,9,0,team__university_of_alabama_birmingham,player__albert_chen,correct,0,question,40,,Azurill
20260222T160027Z_inqppe4,stanford-college-plus-science-bowl,round_robin,1,5e7e393b9538a1d5d69e7330b47646c42496b1348441450913c3a0305e976634,10,0,team__university_of_alabama_birmingham,,correct,1,end,,,BONUS
20260222T160027Z_inqppe4,stanford-college-plus-science-bowl,round_robin,1,5e7e393b9538a1d5d69e7330b47646c42496b1348441450913c3a0305e976634,11,0,team__where_is_the_goal_keeper,player__daniel_lu,correct,0,option,0,0,10⁻¹²
20260222T160027Z_inqppe4,stanford-college-plus-science-bowl,round_robin,1,5e7e393b9538a1d5d69e7330b47646c42496b1348441450913c3a0305e976634,12,0,team__where_is_the_goal_keeper,,incorrect,1,end,,,BONUS
20260222T160027Z_inqppe4,stanford-college-plus-science-bowl,round_robin,1,5e7e393b9538a1d5d69e7330b47646c42496b1348441450913c3a0305e976634,13,0,team__university_of_alabama_birmingham,player__akhil_batchu,incorrect,0,question,15,,substrate
20260222T160027Z_inqppe4,stanford-college-plus-science-bowl,round_robin,1,5e7e393b9538a1d5d69e7330b47646c42496b1348441450913c3a0305e976634,13,1,team__where_is_the_goal_keeper,player__daniel_lu,incorrect,1,end,,,END
20260222T160027Z_inqppe4,stanford-college-plus-science-bowl,round_robin,1,5e7e393b9538a1d5d69e7330b47646c42496b1348441450913c3a0305e976634,15,0,team__university_of_alabama_birmingham,player__advik_sharma,correct,0,question,8,,effect
20260222T160027Z_inqppe4,stanford-college-plus-science-bowl,round_robin,1,5e7e393b9538a1d5d69e7330b47646c42496b1348441450913c3a0305e976634,16,0,team__university_of_alabama_birmingham,,correct,1,end,,,BONUS
20260222T160027Z_inqppe4,stanford-college-plus-science-bowl,round_robin,1,5e7e393b9538a1d5d69e7330b47646c42496b1348441450913c3a0305e976634,17,0,team__university_of_alabama_birmingham,player__akhil_batchu,correct,0,option,0,0,Felsic
20260222T160027Z_inqppe4,stanford-college-plus-science-bowl,round_robin,1,5e7e393b9538a1d5d69e7330b47646c42496b1348441450913c3a0305e976634,18,0,team__university_of_alabama_birmingham,,correct,1,end,,,BONUS
20260222T160027Z_inqppe4,stanford-college-plus-science-bowl,round_robin,1,5e7e393b9538a1d5d69e7330b47646c42496b1348441450913c3a0305e976634,19,0,team__university_of_alabama_birmingham,player__akhil_batchu,incorrect,0,question,15,,acetone
20260222T160027Z_inqppe4,stanford-college-plus-science-bowl,round_robin,1,5e7e393b9538a1d5d69e7330b47646c42496b1348441450913c3a0305e976634,19,1,team__where_is_the_goal_keeper,player__daniel_lu,correct,1,end,,,END
20260222T160027Z_inqppe4,stanford-college-plus-science-bowl,round_robin,1,5e7e393b9538a1d5d69e7330b47646c42496b1348441450913c3a0305e976634,20,0,team__where_is_the_goal_keeper,,incorrect,1,end,,,BONUS
20260222T160027Z_inqppe4,stanford-college-plus-science-bowl,round_robin,1,5e7e393b9538a1d5d69e7330b47646c42496b1348441450913c3a0305e976634,21,0,team__university_of_alabama_birmingham,player__advik_sharma,incorrect,0,question,25,,examples
20260222T160027Z_inqppe4,stanford-college-plus-science-bowl,round_robin,1,5e7e393b9538a1d5d69e7330b47646c42496b1348441450913c3a0305e976634,21,1,team__where_is_the_goal_keeper,player__isaac_mammel,correct,1,end,,,END
20260222T160027Z_inqppe4,stanford-college-plus-science-bowl,round_robin,1,5e7e393b9538a1d5d69e7330b47646c42496b1348441450913c3a0305e976634,22,0,team__where_is_the_goal_keeper,,correct,1,end,,,BONUS
20260222T160027Z_inqppe4,stanford-college-plus-science-bowl,round_robin,1,5e7e393b9538a1d5d69e7330b47646c42496b1348441450913c3a0305e976634,23,0,team__university_of_alabama_birmingham,player__advik_sharma,correct,0,question,25,,pressure?
20260222T160027Z_inqppe4,stanford-college-plus-science-bowl,round_robin,1,5e7e393b9538a1d5d69e7330b47646c42496b1348441450913c3a0305e976634,24,0,team__university_of_alabama_birmingham,,correct,1,end,,,BONUS
20260222T160027Z_inqppe4,stanford-college-plus-science-bowl,round_robin,1,5e7e393b9538a1d5d69e7330b47646c42496b1348441450913c3a0305e976634,25,0,team__university_of_alabama_birmingham,player__advik_sharma,correct,0,question,12,,true
20260222T160027Z_inqppe4,stanford-college-plus-science-bowl,round_robin,1,5e7e393b9538a1d5d69e7330b47646c42496b1348441450913c3a0305e976634,26,0,team__university_of_alabama_birmingham,,correct,1,end,,,BONUS
20260222T160027Z_inqppe4,stanford-college-plus-science-bowl,round_robin,1,5e7e393b9538a1d5d69e7330b47646c42496b1348441450913c3a0305e976634,27,0,team__university_of_alabama_birmingham,player__akhil_batchu,correct,0,question,15,,magnetic
20260222T160027Z_inqppe4,stanford-college-plus-science-bowl,round_robin,1,5e7e393b9538a1d5d69e7330b47646c42496b1348441450913c3a0305e976634,28,0,team__university_of_alabama_birmingham,,correct,1,end,,,BONUS
20260222T160027Z_inqppe4,stanford-college-plus-science-bowl,round_robin,1,5e7e393b9538a1d5d69e7330b47646c42496b1348441450913c3a0305e976634,29,0,team__university_of_alabama_birmingham,player__advik_sharma,correct,0,question,11,,event
20260222T160027Z_inqppe4,stanford-college-plus-science-bowl,round_robin,1,5e7e393b9538a1d5d69e7330b47646c42496b1348441450913c3a0305e976634,30,0,team__university_of_alabama_birmingham,,correct,1,end,,,BONUS
20260222T160027Z_inqppe4,stanford-college-plus-science-bowl,round_robin,1,5e7e393b9538a1d5d69e7330b47646c42496b1348441450913c3a0305e976634,31,0,team__university_of_alabama_birmingham,player__akhil_batchu,correct,0,question,27,,phases
20260222T160027Z_inqppe4,stanford-college-plus-science-bowl,round_robin,1,5e7e393b9538a1d5d69e7330b47646c42496b1348441450913c3a0305e976634,32,0,team__university_of_alabama_birmingham,,correct,1,end,,,BONUS
20260222T160027Z_inqppe4,stanford-college-plus-science-bowl,round_robin,1,5e7e393b9538a1d5d69e7330b47646c42496b1348441450913c3a0305e976634,33,0,team__where_is_the_goal_keeper,player__isaac_mammel,correct,1,end,,,END
20260222T160027Z_inqppe4,stanford-college-plus-science-bowl,round_robin,1,5e7e393b9538a1d5d69e7330b47646c42496b1348441450913c3a0305e976634,34,0,team__where_is_the_goal_keeper,,correct,1,end,,,BONUS
20260222T160027Z_inqppe4,stanford-college-plus-science-bowl,round_robin,1,5e7e393b9538a1d5d69e7330b47646c42496b1348441450913c3a0305e976634,35,0,team__university_of_alabama_birmingham,player__advik_sharma,correct,0,question,25,,exhibited
20260222T160027Z_inqppe4,stanford-college-plus-science-bowl,round_robin,1,5e7e393b9538a1d5d69e7330b47646c42496b1348441450913c3a0305e976634,36,0,team__university_of_alabama_birmingham,,incorrect,1,end,,,BONUS
20260222T160027Z_inqppe4,stanford-college-plus-science-bowl,round_robin,1,5e7e393b9538a1d5d69e7330b47646c42496b1348441450913c3a0305e976634,37,0,team__university_of_alabama_birmingham,player__advik_sharma,incorrect,0,question,4,,stomata
20260222T160027Z_inqppe4,stanford-college-plus-science-bowl,round_robin,1,5e7e393b9538a1d5d69e7330b47646c42496b1348441450913c3a0305e976634,37,1,team__where_is_the_goal_keeper,player__isaac_mammel,correct,1,end,,,END
20260222T160027Z_inqppe4,stanford-college-plus-science-bowl,round_robin,1,5e7e393b9538a1d5d69e7330b47646c42496b1348441450913c3a0305e976634,38,0,team__where_is_the_goal_keeper,,incorrect,1,end,,,BONUS
20260222T160027Z_inqppe4,stanford-college-plus-science-bowl,round_robin,1,5e7e393b9538a1d5d69e7330b47646c42496b1348441450913c3a0305e976634,39,0,team__university_of_alabama_birmingham,player__albert_chen,correct,0,question,12,,raised
20260222T160027Z_inqppe4,stanford-college-plus-science-bowl,round_robin,1,5e7e393b9538a1d5d69e7330b47646c42496b1348441450913c3a0305e976634,40,0,team__university_of_alabama_birmingham,,correct,1,end,,,BONUS
20260222T160027Z_inqppe4,stanford-college-plus-science-bowl,round_robin,1,5e7e393b9538a1d5d69e7330b47646c42496b1348441450913c3a0305e976634,41,0,team__university_of_alabama_birmingham,player__akhil_batchu,correct,0,question,9,,ice
20260222T160027Z_inqppe4,stanford-college-plus-science-bowl,round_robin,1,5e7e393b9538a1d5d69e7330b47646c42496b1348441450913c3a0305e976634,42,0,team__university_of_alabama_birmingham,,correct,1,end,,,BONUS
20260222T160027Z_inqppe4,stanford-college-plus-science-bowl,round_robin,1,5e7e393b9538a1d5d69e7330b47646c42496b1348441450913c3a0305e976634,43,0,team__university_of_alabama_birmingham,player__akhil_batchu,correct,0,question,14,,nucleus
20260222T160027Z_inqppe4,stanford-college-plus-science-bowl,round_robin,1,5e7e393b9538a1d5d69e7330b47646c42496b1348441450913c3a0305e976634,44,0,team__university_of_alabama_birmingham,,correct,1,end,,,BONUS
20260222T160027Z_inqppe4,stanford-college-plus-science-bowl,round_robin,1,5e7e393b9538a1d5d69e7330b47646c42496b1348441450913c3a0305e976634,45,0,team__where_is_the_goal_keeper,player__isaac_mammel,correct,1,end,,,END
20260222T160027Z_inqppe4,stanford-college-plus-science-bowl,round_robin,1,5e7e393b9538a1d5d69e7330b47646c42496b1348441450913c3a0305e976634,46,0,team__where_is_the_goal_keeper,,correct,1,end,,,BONUS
20260222T160556Z_r4ootoj,stanford-college-plus-science-bowl,round_robin,1,5e7e393b9538a1d5d69e7330b47646c42496b1348441450913c3a0305e976634,1,0,team__mit_team_2,player__mingwen_duan,correct,0,question,16,,Stahl
20260222T160556Z_r4ootoj,stanford-college-plus-science-bowl,round_robin,1,5e7e393b9538a1d5d69e7330b47646c42496b1348441450913c3a0305e976634,2,0,team__mit_team_2,,correct,1,end,,,BONUS
20260222T160556Z_r4ootoj,stanford-college-plus-science-bowl,round_robin,1,5e7e393b9538a1d5d69e7330b47646c42496b1348441450913c3a0305e976634,3,0,team__mit_team_2,player__mingwen_duan,correct,0,question,15,,3)
20260222T160556Z_r4ootoj,stanford-college-plus-science-bowl,round_robin,1,5e7e393b9538a1d5d69e7330b47646c42496b1348441450913c3a0305e976634,4,0,team__mit_team_2,,correct,1,end,,,BONUS
20260222T160556Z_r4ootoj,stanford-college-plus-science-bowl,round_robin,1,5e7e393b9538a1d5d69e7330b47646c42496b1348441450913c3a0305e976634,5,0,team__quizbowlers,player__shahar_schwartz,correct,0,question,16,,formation
20260222T160556Z_r4ootoj,stanford-college-plus-science-bowl,round_robin,1,5e7e393b9538a1d5d69e7330b47646c42496b1348441450913c3a0305e976634,6,0,team__quizbowlers,,correct,1,end,,,BONUS
20260222T160556Z_r4ootoj,stanford-college-plus-science-bowl,round_robin,1,5e7e393b9538a1d5d69e7330b47646c42496b1348441450913c3a0305e976634,7,0,team__mit_team_2,player__mingwen_duan,correct,0,option,0,1,Helium
20260222T160556Z_r4ootoj,stanford-college-plus-science-bowl,round_robin,1,5e7e393b9538a1d5d69e7330b47646c42496b1348441450913c3a0305e976634,8,0,team__mit_team_2,,correct,1,end,,,BONUS
20260222T160556Z_r4ootoj,stanford-college-plus-science-bowl,round_robin,1,5e7e393b9538a1d5d69e7330b47646c42496b1348441450913c3a0305e976634,9,0,team__mit_team_2,player__mingwen_duan,correct,0,question,40,,Azurill
20260222T160556Z_r4ootoj,stanford-college-plus-science-bowl,round_robin,1,5e7e393b9538a1d5d69e7330b47646c42496b1348441450913c3a0305e976634,10,0,team__mit_team_2,,correct,1,end,,,BONUS
20260222T160556Z_r4ootoj,stanford-college-plus-science-bowl,round_robin,1,5e7e393b9538a1d5d69e7330b47646c42496b1348441450913c3a0305e976634,11,0,team__mit_team_2,player__mingwen_duan,incorrect,0,question,14,,dynamics.
20260222T160556Z_r4ootoj,stanford-college-plus-science-bowl,round_robin,1,5e7e393b9538a1d5d69e7330b47646c42496b1348441450913c3a0305e976634,11,1,team__quizbowlers,player__swapnil_garg,correct,1,end,,,END
20260222T160556Z_r4ootoj,stanford-college-plus-science-bowl,round_robin,1,5e7e393b9538a1d5d69e7330b47646c42496b1348441450913c3a0305e976634,12,0,team__quizbowlers,,incorrect,1,end,,,BONUS
20260222T160556Z_r4ootoj,stanford-college-plus-science-bowl,round_robin,1,5e7e393b9538a1d5d69e7330b47646c42496b1348441450913c3a0305e976634,13,0,team__quizbowlers,player__shahar_schwartz,incorrect,0,question,27,,Krebs
20260222T160556Z_r4ootoj,stanford-college-plus-science-bowl,round_robin,1,5e7e393b9538a1d5d69e7330b47646c42496b1348441450913c3a0305e976634,13,1,team__mit_team_2,player__mingwen_duan,incorrect,1,end,,,END
20260222T160556Z_r4ootoj,stanford-college-plus-science-bowl,round_robin,1,5e7e393b9538a1d5d69e7330b47646c42496b1348441450913c3a0305e976634,15,0,team__quizbowlers,player__swapnil_garg,correct,0,question,14,,around
20260222T160556Z_r4ootoj,stanford-college-plus-science-bowl,round_robin,1,5e7e393b9538a1d5d69e7330b47646c42496b1348441450913c3a0305e976634,16,0,team__quizbowlers,,incorrect,1,end,,,BONUS
20260222T160556Z_r4ootoj,stanford-college-plus-science-bowl,round_robin,1,5e7e393b9538a1d5d69e7330b47646c42496b1348441450913c3a0305e976634,17,0,team__quizbowlers,player__shahar_schwartz,incorrect,0,option,0,1,Intermediate
20260222T160556Z_r4ootoj,stanford-college-plus-science-bowl,round_robin,1,5e7e393b9538a1d5d69e7330b47646c42496b1348441450913c3a0305e976634,19,0,team__mit_team_2,player__mingwen_duan,correct,0,question,19,,dispersion;
20260222T160556Z_r4ootoj,stanford-college-plus-science-bowl,round_robin,1,5e7e393b9538a1d5d69e7330b47646c42496b1348441450913c3a0305e976634,20,0,team__mit_team_2,,correct,1,end,,,BONUS
20260222T160556Z_r4ootoj,stanford-college-plus-science-bowl,round_robin,1,5e7e393b9538a1d5d69e7330b47646c42496b1348441450913c3a0305e976634,21,0,team__mit_team_2,player__mingwen_duan,correct,0,question,27,,what
20260222T160556Z_r4ootoj,stanford-college-plus-science-bowl,round_robin,1,5e7e393b9538a1d5d69e7330b47646c42496b1348441450913c3a0305e976634,22,0,team__mit_team_2,,correct,1,end,,,BONUS
20260222T160556Z_r4ootoj,stanford-college-plus-science-bowl,round_robin,1,5e7e393b9538a1d5d69e7330b47646c42496b1348441450913c3a0305e976634,23,0,team__quizbowlers,player__shahar_schwartz,correct,0,option,-1,0,W
20260222T160556Z_r4ootoj,stanford-college-plus-science-bowl,round_robin,1,5e7e393b9538a1d5d69e7330b47646c42496b1348441450913c3a0305e976634,24,0,team__quizbowlers,,correct,1,end,,,BONUS
20260222T160556Z_r4ootoj,stanford-college-plus-science-bowl,round_robin,1,5e7e393b9538a1d5d69e7330b47646c42496b1348441450913c3a0305e976634,25,0,team__mit_team_2,player__mingwen_duan,correct,0,question,13,,tissue?
20260222T160556Z_r4ootoj,stanford-college-plus-science-bowl,round_robin,1,5e7e393b9538a1d5d69e7330b47646c42496b1348441450913c3a0305e976634,26,0,team__mit_team_2,,correct,1,end,,,BONUS
20260222T160556Z_r4ootoj,stanford-college-plus-science-bowl,round_robin,1,5e7e393b9538a1d5d69e7330b47646c42496b1348441450913c3a0305e976634,27,0,team__mit_team_2,player__mingwen_duan,correct,0,question,14,,a
20260222T160556Z_r4ootoj,stanford-college-plus-science-bowl,round_robin,1,5e7e393b9538a1d5d69e7330b47646c42496b1348441450913c3a0305e976634,28,0,team__mit_team_2,,correct,1,end,,,BONUS
20260222T160556Z_r4ootoj,stanford-college-plus-science-bowl,round_robin,1,5e7e393b9538a1d5d69e7330b47646c42496b1348441450913c3a0305e976634,29,0,team__quizbowlers,player__rohan_shelke,correct,0,question,11,,event
20260222T160556Z_r4ootoj,stanford-college-plus-science-bowl,round_robin,1,5e7e393b9538a1d5d69e7330b47646c42496b1348441450913c3a0305e976634,30,0,team__quizbowlers,,correct,1,end,,,BONUS
20260222T160556Z_r4ootoj,stanford-college-plus-science-bowl,round_robin,1,5e7e393b9538a1d5d69e7330b47646c42496b1348441450913c3a0305e976634,31,0,team__quizbowlers,player__rohan_shelke,incorrect,0,question,23,,"tin,"
20260222T160556Z_r4ootoj,stanford-college-plus-science-bowl,round_robin,1,5e7e393b9538a1d5d69e7330b47646c42496b1348441450913c3a0305e976634,31,1,team__mit_team_2,player__mingwen_duan,correct,1,end,,,END
20260222T160556Z_r4ootoj,stanford-college-plus-science-bowl,round_robin,1,5e7e393b9538a1d5d69e7330b47646c42496b1348441450913c3a0305e976634,32,0,team__mit_team_2,,correct,1,end,,,BONUS
20260222T160556Z_r4ootoj,stanford-college-plus-science-bowl,round_robin,1,5e7e393b9538a1d5d69e7330b47646c42496b1348441450913c3a0305e976634,33,0,team__quizbowlers,player__swapnil_garg,correct,1,end,,,END
20260222T160556Z_r4ootoj,stanford-college-plus-science-bowl,round_robin,1,5e7e393b9538a1d5d69e7330b47646c42496b1348441450913c3a0305e976634,34,0,team__quizbowlers,,correct,1,end,,,BONUS
20260222T160556Z_r4ootoj,stanford-college-plus-science-bowl,round_robin,1,5e7e393b9538a1d5d69e7330b47646c42496b1348441450913c3a0305e976634,35,0,team__quizbowlers,player__shahar_schwartz,correct,0,question,25,,exhibited
20260222T160556Z_r4ootoj,stanford-college-plus-science-bowl,round_robin,1,5e7e393b9538a1d5d69e7330b47646c42496b1348441450913c3a0305e976634,36,0,team__quizbowlers,,correct,1,end,,,BONUS
20260222T160556Z_r4ootoj,stanford-college-plus-science-bowl,round_robin,1,5e7e393b9538a1d5d69e7330b47646c42496b1348441450913c3a0305e976634,37,0,team__mit_team_2,player__mingwen_duan,incorrect,0,question,23,,form
20260222T160556Z_r4ootoj,stanford-college-plus-science-bowl,round_robin,1,5e7e393b9538a1d5d69e7330b47646c42496b1348441450913c3a0305e976634,37,1,team__quizbowlers,player__shahar_schwartz,correct,1,end,,,END
20260222T160556Z_r4ootoj,stanford-college-plus-science-bowl,round_robin,1,5e7e393b9538a1d5d69e7330b47646c42496b1348441450913c3a0305e976634,38,0,team__quizbowlers,,correct,1,end,,,BONUS
20260222T160556Z_r4ootoj,stanford-college-plus-science-bowl,round_robin,1,5e7e393b9538a1d5d69e7330b47646c42496b1348441450913c3a0305e976634,39,0,team__mit_team_2,player__mingwen_duan,incorrect,0,question,11,,displacement
20260222T160556Z_r4ootoj,stanford-college-plus-science-bowl,round_robin,1,5e7e393b9538a1d5d69e7330b47646c42496b1348441450913c3a0305e976634,39,1,team__quizbowlers,player__swapnil_garg,correct,1,end,,,END
20260222T160556Z_r4ootoj,stanford-college-plus-science-bowl,round_robin,1,5e7e393b9538a1d5d69e7330b47646c42496b1348441450913c3a0305e976634,40,0,team__quizbowlers,,correct,1,end,,,BONUS
20260222T160556Z_r4ootoj,stanford-college-plus-science-bowl,round_robin,1,5e7e393b9538a1d5d69e7330b47646c42496b1348441450913c3a0305e976634,41,0,team__quizbowlers,player__rohan_shelke,correct,0,question,15,,to
20260222T160556Z_r4ootoj,stanford-college-plus-science-bowl,round_robin,1,5e7e393b9538a1d5d69e7330b47646c42496b1348441450913c3a0305e976634,42,0,team__quizbowlers,,correct,1,end,,,BONUS
20260222T160556Z_r4ootoj,stanford-college-plus-science-bowl,round_robin,1,5e7e393b9538a1d5d69e7330b47646c42496b1348441450913c3a0305e976634,43,0,team__quizbowlers,player__shahar_schwartz,correct,0,question,15,,to
20260222T160556Z_r4ootoj,stanford-college-plus-science-bowl,round_robin,1,5e7e393b9538a1d5d69e7330b47646c42496b1348441450913c3a0305e976634,44,0,team__quizbowlers,,incorrect,1,end,,,BONUS
20260222T160556Z_r4ootoj,stanford-college-plus-science-bowl,round_robin,1,5e7e393b9538a1d5d69e7330b47646c42496b1348441450913c3a0305e976634,45,0,team__quizbowlers,player__swapnil_garg,correct,1,end,,,END
20260222T160556Z_r4ootoj,stanford-college-plus-science-bowl,round_robin,1,5e7e393b9538a1d5d69e7330b47646c42496b1348441450913c3a0305e976634,46,0,team__quizbowlers,,correct,1,end,,,BONUS
20260222T160914Z_ayw12rx,stanford-college-plus-science-bowl,round_robin,1,5e7e393b9538a1d5d69e7330b47646c42496b1348441450913c3a0305e976634,1,0,team__mit_team_1,player__anurag_sodhi,correct,0,question,19,,determine
20260222T160914Z_ayw12rx,stanford-college-plus-science-bowl,round_robin,1,5e7e393b9538a1d5d69e7330b47646c42496b1348441450913c3a0305e976634,2,0,team__mit_team_1,,correct,1,end,,,BONUS
20260222T160914Z_ayw12rx,stanford-college-plus-science-bowl,round_robin,1,5e7e393b9538a1d5d69e7330b47646c42496b1348441450913c3a0305e976634,3,0,team__cmu,player__josh_shi,correct,1,end,,,END
20260222T160914Z_ayw12rx,stanford-college-plus-science-bowl,round_robin,1,5e7e393b9538a1d5d69e7330b47646c42496b1348441450913c3a0305e976634,4,0,team__cmu,,correct,1,end,,,BONUS
20260222T160914Z_ayw12rx,stanford-college-plus-science-bowl,round_robin,1,5e7e393b9538a1d5d69e7330b47646c42496b1348441450913c3a0305e976634,5,0,team__mit_team_1,player__anurag_sodhi,incorrect,0,question,12,,"diverges,"
20260222T160914Z_ayw12rx,stanford-college-plus-science-bowl,round_robin,1,5e7e393b9538a1d5d69e7330b47646c42496b1348441450913c3a0305e976634,5,1,team__cmu,player__peter_ferolito,correct,1,end,,,END
20260222T160914Z_ayw12rx,stanford-college-plus-science-bowl,round_robin,1,5e7e393b9538a1d5d69e7330b47646c42496b1348441450913c3a0305e976634,6,0,team__cmu,,correct,1,end,,,BONUS
20260222T160914Z_ayw12rx,stanford-college-plus-science-bowl,round_robin,1,5e7e393b9538a1d5d69e7330b47646c42496b1348441450913c3a0305e976634,7,0,team__cmu,player__josh_shi,correct,0,option,0,0,Hydrogen
20260222T160914Z_ayw12rx,stanford-college-plus-science-bowl,round_robin,1,5e7e393b9538a1d5d69e7330b47646c42496b1348441450913c3a0305e976634,8,0,team__cmu,,correct,1,end,,,BONUS
20260222T160914Z_ayw12rx,stanford-college-plus-science-bowl,round_robin,1,5e7e393b9538a1d5d69e7330b47646c42496b1348441450913c3a0305e976634,9,0,team__cmu,player__peter_ferolito,correct,0,question,41,,evolves
20260222T160914Z_ayw12rx,stanford-college-plus-science-bowl,round_robin,1,5e7e393b9538a1d5d69e7330b47646c42496b1348441450913c3a0305e976634,10,0,team__cmu,,correct,1,end,,,BONUS
20260222T160914Z_ayw12rx,stanford-college-plus-science-bowl,round_robin,1,5e7e393b9538a1d5d69e7330b47646c42496b1348441450913c3a0305e976634,11,0,team__mit_team_1,player__yunyi_ling,correct,0,option,0,0,10⁻¹²
20260222T160914Z_ayw12rx,stanford-college-plus-science-bowl,round_robin,1,5e7e393b9538a1d5d69e7330b47646c42496b1348441450913c3a0305e976634,12,0,team__mit_team_1,,incorrect,1,end,,,BONUS
20260222T160914Z_ayw12rx,stanford-college-plus-science-bowl,round_robin,1,5e7e393b9538a1d5d69e7330b47646c42496b1348441450913c3a0305e976634,13,0,team__mit_team_1,player__yunyi_ling,correct,0,question,17,,phosphorylation
20260222T160914Z_ayw12rx,stanford-college-plus-science-bowl,round_robin,1,5e7e393b9538a1d5d69e7330b47646c42496b1348441450913c3a0305e976634,14,0,team__mit_team_1,,incorrect,1,end,,,BONUS
20260222T160914Z_ayw12rx,stanford-college-plus-science-bowl,round_robin,1,5e7e393b9538a1d5d69e7330b47646c42496b1348441450913c3a0305e976634,15,0,team__mit_team_1,player__yunyi_ling,correct,0,question,8,,effect
20260222T160914Z_ayw12rx,stanford-college-plus-science-bowl,round_robin,1,5e7e393b9538a1d5d69e7330b47646c42496b1348441450913c3a0305e976634,16,0,team__mit_team_1,,correct,1,end,,,BONUS
20260222T160914Z_ayw12rx,stanford-college-plus-science-bowl,round_robin,1,5e7e393b9538a1d5d69e7330b47646c42496b1348441450913c3a0305e976634,17,0,team__cmu,player__vidur_kothur,correct,0,option,0,1,Intermediate
20260222T160914Z_ayw12rx,stanford-college-plus-science-bowl,round_robin,1,5e7e393b9538a1d5d69e7330b47646c42496b1348441450913c3a0305e976634,18,0,team__cmu,,correct,1,end,,,BONUS
20260222T160914Z_ayw12rx,stanford-college-plus-science-bowl,round_robin,1,5e7e393b9538a1d5d69e7330b47646c42496b1348441450913c3a0305e976634,19,0,team__mit_team_1,player__anurag_sodhi,correct,0,question,18,,London
20260222T160914Z_ayw12rx,stanford-college-plus-science-bowl,round_robin,1,5e7e393b9538a1d5d69e7330b47646c42496b1348441450913c3a0305e976634,20,0,team__mit_team_1,,correct,1,end,,,BONUS
20260222T160914Z_ayw12rx,stanford-college-plus-science-bowl,round_robin,1,5e7e393b9538a1d5d69e7330b47646c42496b1348441450913c3a0305e976634,21,0,team__mit_team_1,player__anurag_sodhi,incorrect,0,question,20,,because
20260222T160914Z_ayw12rx,stanford-college-plus-science-bowl,round_robin,1,5e7e393b9538a1d5d69e7330b47646c42496b1348441450913c3a0305e976634,21,1,team__cmu,player__peter_ferolito,correct,1,end,,,END
20260222T160914Z_ayw12rx,stanford-college-plus-science-bowl,round_robin,1,5e7e393b9538a1d5d69e7330b47646c42496b1348441450913c3a0305e976634,22,0,team__cmu,,correct,1,end,,,BONUS
20260222T160914Z_ayw12rx,stanford-college-plus-science-bowl,round_robin,1,5e7e393b9538a1d5d69e7330b47646c42496b1348441450913c3a0305e976634,23,0,team__mit_team_1,player__yunyi_ling,correct,0,question,25,,pressure?
20260222T160914Z_ayw12rx,stanford-college-plus-science-bowl,round_robin,1,5e7e393b9538a1d5d69e7330b47646c42496b1348441450913c3a0305e976634,24,0,team__mit_team_1,,correct,1,end,,,BONUS
20260222T160914Z_ayw12rx,stanford-college-plus-science-bowl,round_robin,1,5e7e393b9538a1d5d69e7330b47646c42496b1348441450913c3a0305e976634,25,0,team__mit_team_1,player__anurag_sodhi,correct,0,question,13,,tissue?
20260222T160914Z_ayw12rx,stanford-college-plus-science-bowl,round_robin,1,5e7e393b9538a1d5d69e7330b47646c42496b1348441450913c3a0305e976634,26,0,team__mit_team_1,,correct,1,end,,,BONUS
20260222T160914Z_ayw12rx,stanford-college-plus-science-bowl,round_robin,1,5e7e393b9538a1d5d69e7330b47646c42496b1348441450913c3a0305e976634,27,0,team__mit_team_1,player__yunyi_ling,incorrect,0,question,12,,form
20260222T160914Z_ayw12rx,stanford-college-plus-science-bowl,round_robin,1,5e7e393b9538a1d5d69e7330b47646c42496b1348441450913c3a0305e976634,27,1,team__cmu,player__josh_shi,correct,0,question,18,,when
20260222T160914Z_ayw12rx,stanford-college-plus-science-bowl,round_robin,1,5e7e393b9538a1d5d69e7330b47646c42496b1348441450913c3a0305e976634,28,0,team__cmu,,correct,1,end,,,BONUS
20260222T160914Z_ayw12rx,stanford-college-plus-science-bowl,round_robin,1,5e7e393b9538a1d5d69e7330b47646c42496b1348441450913c3a0305e976634,29,0,team__cmu,player__josh_shi,correct,1,end,,,END
20260222T160914Z_ayw12rx,stanford-college-plus-science-bowl,round_robin,1,5e7e393b9538a1d5d69e7330b47646c42496b1348441450913c3a0305e976634,30,0,team__cmu,,correct,1,end,,,BONUS
20260222T160914Z_ayw12rx,stanford-college-plus-science-bowl,round_robin,1,5e7e393b9538a1d5d69e7330b47646c42496b1348441450913c3a0305e976634,31,0,team__mit_team_1,player__anurag_sodhi,correct,0,question,19,,these
20260222T160914Z_ayw12rx,stanford-college-plus-science-bowl,round_robin,1,5e7e393b9538a1d5d69e7330b47646c42496b1348441450913c3a0305e976634,32,0,team__mit_team_1,,correct,1,end,,,BONUS
20260222T160914Z_ayw12rx,stanford-college-plus-science-bowl,round_robin,1,5e7e393b9538a1d5d69e7330b47646c42496b1348441450913c3a0305e976634,33,0,team__mit_team_1,player__anurag_sodhi,correct,1,end,,,END
20260222T160914Z_ayw12rx,stanford-college-plus-science-bowl,round_robin,1,5e7e393b9538a1d5d69e7330b47646c42496b1348441450913c3a0305e976634,34,0,team__mit_team_1,,correct,1,end,,,BONUS
20260222T160914Z_ayw12rx,stanford-college-plus-science-bowl,round_robin,1,5e7e393b9538a1d5d69e7330b47646c42496b1348441450913c3a0305e976634,35,0,team__mit_team_1,player__anurag_sodhi,correct,0,question,25,,exhibited
20260222T160914Z_ayw12rx,stanford-college-plus-science-bowl,round_robin,1,5e7e393b9538a1d5d69e7330b47646c42496b1348441450913c3a0305e976634,36,0,team__mit_team_1,,correct,1,end,,,BONUS
20260222T160914Z_ayw12rx,stanford-college-plus-science-bowl,round_robin,1,5e7e393b9538a1d5d69e7330b47646c42496b1348441450913c3a0305e976634,37,0,team__mit_team_1,player__anurag_sodhi,incorrect,0,question,11,,"night,"
20260222T160914Z_ayw12rx,stanford-college-plus-science-bowl,round_robin,1,5e7e393b9538a1d5d69e7330b47646c42496b1348441450913c3a0305e976634,37,1,team__cmu,player__vidur_kothur,correct,1,end,,,END
20260222T160914Z_ayw12rx,stanford-college-plus-science-bowl,round_robin,1,5e7e393b9538a1d5d69e7330b47646c42496b1348441450913c3a0305e976634,38,0,team__cmu,,correct,1,end,,,BONUS
20260222T160914Z_ayw12rx,stanford-college-plus-science-bowl,round_robin,1,5e7e393b9538a1d5d69e7330b47646c42496b1348441450913c3a0305e976634,39,0,team__mit_team_1,player__yunyi_ling,correct,0,question,12,,raised
20260222T160914Z_ayw12rx,stanford-college-plus-science-bowl,round_robin,1,5e7e393b9538a1d5d69e7330b47646c42496b1348441450913c3a0305e976634,40,0,team__mit_team_1,,correct,1,end,,,BONUS
20260222T160914Z_ayw12rx,stanford-college-plus-science-bowl,round_robin,1,5e7e393b9538a1d5d69e7330b47646c42496b1348441450913c3a0305e976634,41,0,team__mit_team_1,player__anurag_sodhi,incorrect,0,question,14,,glacier
20260222T160914Z_ayw12rx,stanford-college-plus-science-bowl,round_robin,1,5e7e393b9538a1d5d69e7330b47646c42496b1348441450913c3a0305e976634,41,1,team__cmu,player__peter_ferolito,correct,1,end,,,END
20260222T160914Z_ayw12rx,stanford-college-plus-science-bowl,round_robin,1,5e7e393b9538a1d5d69e7330b47646c42496b1348441450913c3a0305e976634,42,0,team__cmu,,correct,1,end,,,BONUS
20260222T160914Z_ayw12rx,stanford-college-plus-science-bowl,round_robin,1,5e7e393b9538a1d5d69e7330b47646c42496b1348441450913c3a0305e976634,43,0,team__mit_team_1,player__yunyi_ling,correct,0,question,16,,form
20260222T160914Z_ayw12rx,stanford-college-plus-science-bowl,round_robin,1,5e7e393b9538a1d5d69e7330b47646c42496b1348441450913c3a0305e976634,44,0,team__mit_team_1,,correct,1,end,,,BONUS
20260222T160914Z_ayw12rx,stanford-college-plus-science-bowl,round_robin,1,5e7e393b9538a1d5d69e7330b47646c42496b1348441450913c3a0305e976634,45,0,team__mit_team_1,player__anurag_sodhi,correct,1,end,,,END
20260222T160914Z_ayw12rx,stanford-college-plus-science-bowl,round_robin,1,5e7e393b9538a1d5d69e7330b47646c42496b1348441450913c3a0305e976634,46,0,team__mit_team_1,,correct,1,end,,,BONUS
20260222T164006Z_ewpo61j,stanford-college-plus-science-bowl,round_robin,2,f31dc2047b839afc531f4cb19b570b67d66e719d1e3432531cc2c3d43f6803dc,1,0,team__mit_team_1,player__anurag_sodhi,correct,0,question,21,,describes
20260222T164006Z_ewpo61j,stanford-college-plus-science-bowl,round_robin,2,f31dc2047b839afc531f4cb19b570b67d66e719d1e3432531cc2c3d43f6803dc,2,0,team__mit_team_1,,correct,1,end,,,BONUS
20260222T164006Z_ewpo61j,stanford-college-plus-science-bowl,round_robin,2,f31dc2047b839afc531f4cb19b570b67d66e719d1e3432531cc2c3d43f6803dc,3,0,team__mit_team_1,player__aryan_bora,incorrect,0,question,23,,newtons.
20260222T164006Z_ewpo61j,stanford-college-plus-science-bowl,round_robin,2,f31dc2047b839afc531f4cb19b570b67d66e719d1e3432531cc2c3d43f6803dc,3,1,team__where_is_the_goal_keeper,player__isaac_mammel,correct,0,question,38,,"block,"
20260222T164006Z_ewpo61j,stanford-college-plus-science-bowl,round_robin,2,f31dc2047b839afc531f4cb19b570b67d66e719d1e3432531cc2c3d43f6803dc,4,0,team__where_is_the_goal_keeper,,correct,1,end,,,BONUS
20260222T164006Z_ewpo61j,stanford-college-plus-science-bowl,round_robin,2,f31dc2047b839afc531f4cb19b570b67d66e719d1e3432531cc2c3d43f6803dc,5,0,team__where_is_the_goal_keeper,player__daniel_lu,correct,0,question,14,,arcseconds?
20260222T164006Z_ewpo61j,stanford-college-plus-science-bowl,round_robin,2,f31dc2047b839afc531f4cb19b570b67d66e719d1e3432531cc2c3d43f6803dc,6,0,team__where_is_the_goal_keeper,,incorrect,1,end,,,BONUS
20260222T164006Z_ewpo61j,stanford-college-plus-science-bowl,round_robin,2,f31dc2047b839afc531f4cb19b570b67d66e719d1e3432531cc2c3d43f6803dc,7,0,team__mit_team_1,player__anurag_sodhi,correct,0,option,-1,0,W
20260222T164006Z_ewpo61j,stanford-college-plus-science-bowl,round_robin,2,f31dc2047b839afc531f4cb19b570b67d66e719d1e3432531cc2c3d43f6803dc,8,0,team__mit_team_1,,correct,1,end,,,BONUS
20260222T164006Z_ewpo61j,stanford-college-plus-science-bowl,round_robin,2,f31dc2047b839afc531f4cb19b570b67d66e719d1e3432531cc2c3d43f6803dc,9,0,team__mit_team_1,player__yunyi_ling,correct,1,end,,,END
20260222T164006Z_ewpo61j,stanford-college-plus-science-bowl,round_robin,2,f31dc2047b839afc531f4cb19b570b67d66e719d1e3432531cc2c3d43f6803dc,10,0,team__mit_team_1,,correct,1,end,,,BONUS
20260222T164006Z_ewpo61j,stanford-college-plus-science-bowl,round_robin,2,f31dc2047b839afc531f4cb19b570b67d66e719d1e3432531cc2c3d43f6803dc,11,0,team__mit_team_1,player__yunyi_ling,incorrect,0,question,22,,"material,"
20260222T164006Z_ewpo61j,stanford-college-plus-science-bowl,round_robin,2,f31dc2047b839afc531f4cb19b570b67d66e719d1e3432531cc2c3d43f6803dc,11,1,team__where_is_the_goal_keeper,player__daniel_lu,correct,1,end,,,END
20260222T164006Z_ewpo61j,stanford-college-plus-science-bowl,round_robin,2,f31dc2047b839afc531f4cb19b570b67d66e719d1e3432531cc2c3d43f6803dc,12,0,team__where_is_the_goal_keeper,,correct,1,end,,,BONUS
20260222T164006Z_ewpo61j,stanford-college-plus-science-bowl,round_robin,2,f31dc2047b839afc531f4cb19b570b67d66e719d1e3432531cc2c3d43f6803dc,13,0,team__mit_team_1,player__anurag_sodhi,incorrect,0,option,-1,1,X
20260222T164006Z_ewpo61j,stanford-college-plus-science-bowl,round_robin,2,f31dc2047b839afc531f4cb19b570b67d66e719d1e3432531cc2c3d43f6803dc,13,1,team__where_is_the_goal_keeper,player__daniel_lu,correct,1,end,,,END
20260222T164006Z_ewpo61j,stanford-college-plus-science-bowl,round_robin,2,f31dc2047b839afc531f4cb19b570b67d66e719d1e3432531cc2c3d43f6803dc,14,0,team__where_is_the_goal_keeper,,correct,1,end,,,BONUS
20260222T164006Z_ewpo61j,stanford-college-plus-science-bowl,round_robin,2,f31dc2047b839afc531f4cb19b570b67d66e719d1e3432531cc2c3d43f6803dc,15,0,team__where_is_the_goal_keeper,player__isaac_mammel,correct,0,question,50,,block
20260222T164006Z_ewpo61j,stanford-college-plus-science-bowl,round_robin,2,f31dc2047b839afc531f4cb19b570b67d66e719d1e3432531cc2c3d43f6803dc,16,0,team__where_is_the_goal_keeper,,incorrect,1,end,,,BONUS
20260222T164006Z_ewpo61j,stanford-college-plus-science-bowl,round_robin,2,f31dc2047b839afc531f4cb19b570b67d66e719d1e3432531cc2c3d43f6803dc,17,0,team__mit_team_1,player__yunyi_ling,correct,0,option,2,0,mantle
20260222T164006Z_ewpo61j,stanford-college-plus-science-bowl,round_robin,2,f31dc2047b839afc531f4cb19b570b67d66e719d1e3432531cc2c3d43f6803dc,18,0,team__mit_team_1,,correct,1,end,,,BONUS
20260222T164006Z_ewpo61j,stanford-college-plus-science-bowl,round_robin,2,f31dc2047b839afc531f4cb19b570b67d66e719d1e3432531cc2c3d43f6803dc,19,0,team__mit_team_1,player__yunyi_ling,correct,0,question,33,,What
20260222T164006Z_ewpo61j,stanford-college-plus-science-bowl,round_robin,2,f31dc2047b839afc531f4cb19b570b67d66e719d1e3432531cc2c3d43f6803dc,20,0,team__mit_team_1,,correct,1,end,,,BONUS
20260222T164006Z_ewpo61j,stanford-college-plus-science-bowl,round_robin,2,f31dc2047b839afc531f4cb19b570b67d66e719d1e3432531cc2c3d43f6803dc,21,0,team__mit_team_1,player__yunyi_ling,correct,0,question,18,,are
20260222T164006Z_ewpo61j,stanford-college-plus-science-bowl,round_robin,2,f31dc2047b839afc531f4cb19b570b67d66e719d1e3432531cc2c3d43f6803dc,22,0,team__mit_team_1,,correct,1,end,,,BONUS
20260222T164006Z_ewpo61j,stanford-college-plus-science-bowl,round_robin,2,f31dc2047b839afc531f4cb19b570b67d66e719d1e3432531cc2c3d43f6803dc,23,0,team__mit_team_1,player__anurag_sodhi,correct,0,option,8,2,electrons
20260222T164006Z_ewpo61j,stanford-college-plus-science-bowl,round_robin,2,f31dc2047b839afc531f4cb19b570b67d66e719d1e3432531cc2c3d43f6803dc,24,0,team__mit_team_1,,correct,1,end,,,BONUS
20260222T164006Z_ewpo61j,stanford-college-plus-science-bowl,round_robin,2,f31dc2047b839afc531f4cb19b570b67d66e719d1e3432531cc2c3d43f6803dc,25,0,team__mit_team_1,player__anurag_sodhi,correct,0,question,24,,dominance;
20260222T164006Z_ewpo61j,stanford-college-plus-science-bowl,round_robin,2,f31dc2047b839afc531f4cb19b570b67d66e719d1e3432531cc2c3d43f6803dc,26,0,team__mit_team_1,,correct,1,end,,,BONUS
20260222T164006Z_ewpo61j,stanford-college-plus-science-bowl,round_robin,2,f31dc2047b839afc531f4cb19b570b67d66e719d1e3432531cc2c3d43f6803dc,27,0,team__mit_team_1,player__aryan_bora,incorrect,0,option,8,0,travels
20260222T164006Z_ewpo61j,stanford-college-plus-science-bowl,round_robin,2,f31dc2047b839afc531f4cb19b570b67d66e719d1e3432531cc2c3d43f6803dc,27,1,team__where_is_the_goal_keeper,player__daniel_lu,correct,1,end,,,END
20260222T164006Z_ewpo61j,stanford-college-plus-science-bowl,round_robin,2,f31dc2047b839afc531f4cb19b570b67d66e719d1e3432531cc2c3d43f6803dc,28,0,team__where_is_the_goal_keeper,,incorrect,1,end,,,BONUS
20260222T164006Z_ewpo61j,stanford-college-plus-science-bowl,round_robin,2,f31dc2047b839afc531f4cb19b570b67d66e719d1e3432531cc2c3d43f6803dc,29,0,team__mit_team_1,player__anurag_sodhi,incorrect,0,question,17,,located?
20260222T164006Z_ewpo61j,stanford-college-plus-science-bowl,round_robin,2,f31dc2047b839afc531f4cb19b570b67d66e719d1e3432531cc2c3d43f6803dc,29,1,team__where_is_the_goal_keeper,player__daniel_lu,correct,1,end,,,END
20260222T164006Z_ewpo61j,stanford-college-plus-science-bowl,round_robin,2,f31dc2047b839afc531f4cb19b570b67d66e719d1e3432531cc2c3d43f6803dc,30,0,team__where_is_the_goal_keeper,,correct,1,end,,,BONUS
20260222T164006Z_ewpo61j,stanford-college-plus-science-bowl,round_robin,2,f31dc2047b839afc531f4cb19b570b67d66e719d1e3432531cc2c3d43f6803dc,31,0,team__mit_team_1,player__yunyi_ling,correct,0,question,19,,to
20260222T164006Z_ewpo61j,stanford-college-plus-science-bowl,round_robin,2,f31dc2047b839afc531f4cb19b570b67d66e719d1e3432531cc2c3d43f6803dc,32,0,team__mit_team_1,,correct,1,end,,,BONUS
20260222T164006Z_ewpo61j,stanford-college-plus-science-bowl,round_robin,2,f31dc2047b839afc531f4cb19b570b67d66e719d1e3432531cc2c3d43f6803dc,33,0,team__where_is_the_goal_keeper,player__isaac_mammel,incorrect,0,question,30,,minutes
20260222T164006Z_ewpo61j,stanford-college-plus-science-bowl,round_robin,2,f31dc2047b839afc531f4cb19b570b67d66e719d1e3432531cc2c3d43f6803dc,33,1,team__mit_team_1,player__yunyi_ling,correct,1,end,,,END
20260222T164006Z_ewpo61j,stanford-college-plus-science-bowl,round_robin,2,f31dc2047b839afc531f4cb19b570b67d66e719d1e3432531cc2c3d43f6803dc,34,0,team__mit_team_1,,correct,1,end,,,BONUS
20260222T164006Z_ewpo61j,stanford-college-plus-science-bowl,round_robin,2,f31dc2047b839afc531f4cb19b570b67d66e719d1e3432531cc2c3d43f6803dc,35,0,team__mit_team_1,player__anurag_sodhi,incorrect,0,question,32,,cooling?
20260222T164006Z_ewpo61j,stanford-college-plus-science-bowl,round_robin,2,f31dc2047b839afc531f4cb19b570b67d66e719d1e3432531cc2c3d43f6803dc,35,1,team__where_is_the_goal_keeper,player__daniel_lu,correct,1,end,,,END
20260222T164006Z_ewpo61j,stanford-college-plus-science-bowl,round_robin,2,f31dc2047b839afc531f4cb19b570b67d66e719d1e3432531cc2c3d43f6803dc,36,0,team__where_is_the_goal_keeper,,incorrect,1,end,,,BONUS
20260222T164006Z_ewpo61j,stanford-college-plus-science-bowl,round_robin,2,f31dc2047b839afc531f4cb19b570b67d66e719d1e3432531cc2c3d43f6803dc,37,0,team__mit_team_1,player__yunyi_ling,correct,0,question,14,,from
20260222T164006Z_ewpo61j,stanford-college-plus-science-bowl,round_robin,2,f31dc2047b839afc531f4cb19b570b67d66e719d1e3432531cc2c3d43f6803dc,38,0,team__mit_team_1,,correct,1,end,,,BONUS
20260222T164006Z_ewpo61j,stanford-college-plus-science-bowl,round_robin,2,f31dc2047b839afc531f4cb19b570b67d66e719d1e3432531cc2c3d43f6803dc,39,0,team__mit_team_1,player__anurag_sodhi,correct,1,end,,,END
20260222T164006Z_ewpo61j,stanford-college-plus-science-bowl,round_robin,2,f31dc2047b839afc531f4cb19b570b67d66e719d1e3432531cc2c3d43f6803dc,40,0,team__mit_team_1,,correct,1,end,,,BONUS
20260222T164006Z_ewpo61j,stanford-college-plus-science-bowl,round_robin,2,f31dc2047b839afc531f4cb19b570b67d66e719d1e3432531cc2c3d43f6803dc,41,0,team__mit_team_1,player__yunyi_ling,correct,0,question,16,,Oceanic
20260222T164006Z_ewpo61j,stanford-college-plus-science-bowl,round_robin,2,f31dc2047b839afc531f4cb19b570b67d66e719d1e3432531cc2c3d43f6803dc,42,0,team__mit_team_1,,correct,1,end,,,BONUS
20260222T164006Z_ewpo61j,stanford-college-plus-science-bowl,round_robin,2,f31dc2047b839afc531f4cb19b570b67d66e719d1e3432531cc2c3d43f6803dc,43,0,team__mit_team_1,player__yunyi_ling,correct,0,option,0,0,"Increases,"
20260222T164006Z_ewpo61j,stanford-college-plus-science-bowl,round_robin,2,f31dc2047b839afc531f4cb19b570b67d66e719d1e3432531cc2c3d43f6803dc,44,0,team__mit_team_1,,correct,1,end,,,BONUS
20260222T164006Z_ewpo61j,stanford-college-plus-science-bowl,round_robin,2,f31dc2047b839afc531f4cb19b570b67d66e719d1e3432531cc2c3d43f6803dc,45,0,team__mit_team_1,player__anurag_sodhi,incorrect,0,question,14,,somewhere
20260222T164006Z_ewpo61j,stanford-college-plus-science-bowl,round_robin,2,f31dc2047b839afc531f4cb19b570b67d66e719d1e3432531cc2c3d43f6803dc,45,1,team__where_is_the_goal_keeper,player__isaac_mammel,correct,1,end,,,END
20260222T164006Z_ewpo61j,stanford-college-plus-science-bowl,round_robin,2,f31dc2047b839afc531f4cb19b570b67d66e719d1e3432531cc2c3d43f6803dc,46,0,team__where_is_the_goal_keeper,,correct,1,end,,,BONUS
20260222T165310Z_5l3sueo,stanford-college-plus-science-bowl,round_robin,2,f31dc2047b839afc531f4cb19b570b67d66e719d1e3432531cc2c3d43f6803dc,1,0,team__quizbowlers,player__swapnil_garg,correct,0,question,12,,nonpolar
20260222T165310Z_5l3sueo,stanford-college-plus-science-bowl,round_robin,2,f31dc2047b839afc531f4cb19b570b67d66e719d1e3432531cc2c3d43f6803dc,2,0,team__quizbowlers,,correct,1,end,,,BONUS
20260222T165310Z_5l3sueo,stanford-college-plus-science-bowl,round_robin,2,f31dc2047b839afc531f4cb19b570b67d66e719d1e3432531cc2c3d43f6803dc,3,0,team__quizbowlers,player__swapnil_garg,correct,0,question,29,,"seconds,"
20260222T165310Z_5l3sueo,stanford-college-plus-science-bowl,round_robin,2,f31dc2047b839afc531f4cb19b570b67d66e719d1e3432531cc2c3d43f6803dc,4,0,team__quizbowlers,,incorrect,1,end,,,BONUS
20260222T165310Z_5l3sueo,stanford-college-plus-science-bowl,round_robin,2,f31dc2047b839afc531f4cb19b570b67d66e719d1e3432531cc2c3d43f6803dc,5,0,team__cmu,player__vidur_kothur,correct,1,end,,,END
20260222T165310Z_5l3sueo,stanford-college-plus-science-bowl,round_robin,2,f31dc2047b839afc531f4cb19b570b67d66e719d1e3432531cc2c3d43f6803dc,6,0,team__cmu,,correct,1,end,,,BONUS
20260222T165310Z_5l3sueo,stanford-college-plus-science-bowl,round_robin,2,f31dc2047b839afc531f4cb19b570b67d66e719d1e3432531cc2c3d43f6803dc,7,0,team__quizbowlers,player__shahar_schwartz,correct,0,option,4,0,weak
20260222T165310Z_5l3sueo,stanford-college-plus-science-bowl,round_robin,2,f31dc2047b839afc531f4cb19b570b67d66e719d1e3432531cc2c3d43f6803dc,8,0,team__quizbowlers,,correct,1,end,,,BONUS
20260222T165310Z_5l3sueo,stanford-college-plus-science-bowl,round_robin,2,f31dc2047b839afc531f4cb19b570b67d66e719d1e3432531cc2c3d43f6803dc,9,0,team__cmu,player__peter_ferolito,correct,0,question,19,,third
20260222T165310Z_5l3sueo,stanford-college-plus-science-bowl,round_robin,2,f31dc2047b839afc531f4cb19b570b67d66e719d1e3432531cc2c3d43f6803dc,10,0,team__cmu,,correct,1,end,,,BONUS
20260222T165310Z_5l3sueo,stanford-college-plus-science-bowl,round_robin,2,f31dc2047b839afc531f4cb19b570b67d66e719d1e3432531cc2c3d43f6803dc,11,0,team__quizbowlers,player__rohan_shelke,correct,0,question,27,,single
20260222T165310Z_5l3sueo,stanford-college-plus-science-bowl,round_robin,2,f31dc2047b839afc531f4cb19b570b67d66e719d1e3432531cc2c3d43f6803dc,12,0,team__quizbowlers,,correct,1,end,,,BONUS
20260222T165310Z_5l3sueo,stanford-college-plus-science-bowl,round_robin,2,f31dc2047b839afc531f4cb19b570b67d66e719d1e3432531cc2c3d43f6803dc,13,0,team__quizbowlers,player__shahar_schwartz,incorrect,0,option,0,0,Golgi
20260222T165310Z_5l3sueo,stanford-college-plus-science-bowl,round_robin,2,f31dc2047b839afc531f4cb19b570b67d66e719d1e3432531cc2c3d43f6803dc,13,1,team__cmu,player__yiyoung_liu,correct,1,end,,,END
20260222T165310Z_5l3sueo,stanford-college-plus-science-bowl,round_robin,2,f31dc2047b839afc531f4cb19b570b67d66e719d1e3432531cc2c3d43f6803dc,14,0,team__cmu,,correct,1,end,,,BONUS
20260222T165310Z_5l3sueo,stanford-college-plus-science-bowl,round_robin,2,f31dc2047b839afc531f4cb19b570b67d66e719d1e3432531cc2c3d43f6803dc,15,0,team__cmu,player__peter_ferolito,correct,0,question,41,,10
20260222T165310Z_5l3sueo,stanford-college-plus-science-bowl,round_robin,2,f31dc2047b839afc531f4cb19b570b67d66e719d1e3432531cc2c3d43f6803dc,16,0,team__cmu,,incorrect,1,end,,,BONUS
20260222T165310Z_5l3sueo,stanford-college-plus-science-bowl,round_robin,2,f31dc2047b839afc531f4cb19b570b67d66e719d1e3432531cc2c3d43f6803dc,17,0,team__quizbowlers,player__swapnil_garg,correct,0,question,13,,Earth?
20260222T165310Z_5l3sueo,stanford-college-plus-science-bowl,round_robin,2,f31dc2047b839afc531f4cb19b570b67d66e719d1e3432531cc2c3d43f6803dc,18,0,team__quizbowlers,,correct,1,end,,,BONUS
20260222T165310Z_5l3sueo,stanford-college-plus-science-bowl,round_robin,2,f31dc2047b839afc531f4cb19b570b67d66e719d1e3432531cc2c3d43f6803dc,19,0,team__quizbowlers,player__shahar_schwartz,incorrect,0,question,32,,barrier.
20260222T165310Z_5l3sueo,stanford-college-plus-science-bowl,round_robin,2,f31dc2047b839afc531f4cb19b570b67d66e719d1e3432531cc2c3d43f6803dc,19,1,team__cmu,player__josh_shi,correct,1,end,,,END
20260222T165310Z_5l3sueo,stanford-college-plus-science-bowl,round_robin,2,f31dc2047b839afc531f4cb19b570b67d66e719d1e3432531cc2c3d43f6803dc,20,0,team__cmu,,incorrect,1,end,,,BONUS
20260222T165310Z_5l3sueo,stanford-college-plus-science-bowl,round_robin,2,f31dc2047b839afc531f4cb19b570b67d66e719d1e3432531cc2c3d43f6803dc,21,0,team__cmu,player__peter_ferolito,correct,1,end,,,END
20260222T165310Z_5l3sueo,stanford-college-plus-science-bowl,round_robin,2,f31dc2047b839afc531f4cb19b570b67d66e719d1e3432531cc2c3d43f6803dc,22,0,team__cmu,,incorrect,1,end,,,BONUS
20260222T165310Z_5l3sueo,stanford-college-plus-science-bowl,round_robin,2,f31dc2047b839afc531f4cb19b570b67d66e719d1e3432531cc2c3d43f6803dc,23,0,team__quizbowlers,player__shahar_schwartz,correct,0,option,8,2,electrons
20260222T165310Z_5l3sueo,stanford-college-plus-science-bowl,round_robin,2,f31dc2047b839afc531f4cb19b570b67d66e719d1e3432531cc2c3d43f6803dc,24,0,team__quizbowlers,,correct,1,end,,,BONUS
20260222T165310Z_5l3sueo,stanford-college-plus-science-bowl,round_robin,2,f31dc2047b839afc531f4cb19b570b67d66e719d1e3432531cc2c3d43f6803dc,25,0,team__cmu,player__peter_ferolito,correct,0,question,24,,dominance;
20260222T165310Z_5l3sueo,stanford-college-plus-science-bowl,round_robin,2,f31dc2047b839afc531f4cb19b570b67d66e719d1e3432531cc2c3d43f6803dc,26,0,team__cmu,,incorrect,1,end,,,BONUS
20260222T165310Z_5l3sueo,stanford-college-plus-science-bowl,round_robin,2,f31dc2047b839afc531f4cb19b570b67d66e719d1e3432531cc2c3d43f6803dc,27,0,team__cmu,player__vidur_kothur,incorrect,0,option,8,0,travels
20260222T165310Z_5l3sueo,stanford-college-plus-science-bowl,round_robin,2,f31dc2047b839afc531f4cb19b570b67d66e719d1e3432531cc2c3d43f6803dc,27,1,team__quizbowlers,player__swapnil_garg,correct,1,end,,,END
20260222T165310Z_5l3sueo,stanford-college-plus-science-bowl,round_robin,2,f31dc2047b839afc531f4cb19b570b67d66e719d1e3432531cc2c3d43f6803dc,28,0,team__quizbowlers,,correct,1,end,,,BONUS
20260222T165310Z_5l3sueo,stanford-college-plus-science-bowl,round_robin,2,f31dc2047b839afc531f4cb19b570b67d66e719d1e3432531cc2c3d43f6803dc,29,0,team__cmu,player__vidur_kothur,incorrect,0,question,1,,which
20260222T165310Z_5l3sueo,stanford-college-plus-science-bowl,round_robin,2,f31dc2047b839afc531f4cb19b570b67d66e719d1e3432531cc2c3d43f6803dc,29,1,team__quizbowlers,player__swapnil_garg,correct,1,end,,,END
20260222T165310Z_5l3sueo,stanford-college-plus-science-bowl,round_robin,2,f31dc2047b839afc531f4cb19b570b67d66e719d1e3432531cc2c3d43f6803dc,30,0,team__quizbowlers,,correct,1,end,,,BONUS
20260222T165310Z_5l3sueo,stanford-college-plus-science-bowl,round_robin,2,f31dc2047b839afc531f4cb19b570b67d66e719d1e3432531cc2c3d43f6803dc,31,0,team__cmu,player__josh_shi,correct,0,question,12,,internal
20260222T165310Z_5l3sueo,stanford-college-plus-science-bowl,round_robin,2,f31dc2047b839afc531f4cb19b570b67d66e719d1e3432531cc2c3d43f6803dc,32,0,team__cmu,,correct,1,end,,,BONUS
20260222T165310Z_5l3sueo,stanford-college-plus-science-bowl,round_robin,2,f31dc2047b839afc531f4cb19b570b67d66e719d1e3432531cc2c3d43f6803dc,33,0,team__quizbowlers,player__shahar_schwartz,correct,0,question,30,,minutes
20260222T165310Z_5l3sueo,stanford-college-plus-science-bowl,round_robin,2,f31dc2047b839afc531f4cb19b570b67d66e719d1e3432531cc2c3d43f6803dc,34,0,team__quizbowlers,,correct,1,end,,,BONUS
20260222T165310Z_5l3sueo,stanford-college-plus-science-bowl,round_robin,2,f31dc2047b839afc531f4cb19b570b67d66e719d1e3432531cc2c3d43f6803dc,35,0,team__cmu,player__peter_ferolito,correct,1,end,,,END
20260222T165310Z_5l3sueo,stanford-college-plus-science-bowl,round_robin,2,f31dc2047b839afc531f4cb19b570b67d66e719d1e3432531cc2c3d43f6803dc,36,0,team__cmu,,incorrect,1,end,,,BONUS
20260222T165310Z_5l3sueo,stanford-college-plus-science-bowl,round_robin,2,f31dc2047b839afc531f4cb19b570b67d66e719d1e3432531cc2c3d43f6803dc,37,0,team__cmu,player__vidur_kothur,incorrect,0,question,19,,"brain,"
20260222T165310Z_5l3sueo,stanford-college-plus-science-bowl,round_robin,2,f31dc2047b839afc531f4cb19b570b67d66e719d1e3432531cc2c3d43f6803dc,37,1,team__quizbowlers,player__rohan_shelke,correct,1,end,,,END
20260222T165310Z_5l3sueo,stanford-college-plus-science-bowl,round_robin,2,f31dc2047b839afc531f4cb19b570b67d66e719d1e3432531cc2c3d43f6803dc,38,0,team__quizbowlers,,correct,1,end,,,BONUS
20260222T165310Z_5l3sueo,stanford-college-plus-science-bowl,round_robin,2,f31dc2047b839afc531f4cb19b570b67d66e719d1e3432531cc2c3d43f6803dc,39,0,team__cmu,player__josh_shi,correct,1,end,,,END
20260222T165310Z_5l3sueo,stanford-college-plus-science-bowl,round_robin,2,f31dc2047b839afc531f4cb19b570b67d66e719d1e3432531cc2c3d43f6803dc,40,0,team__cmu,,correct,1,end,,,BONUS
20260222T165310Z_5l3sueo,stanford-college-plus-science-bowl,round_robin,2,f31dc2047b839afc531f4cb19b570b67d66e719d1e3432531cc2c3d43f6803dc,41,0,team__quizbowlers,player__rohan_shelke,correct,1,end,,,END
20260222T165310Z_5l3sueo,stanford-college-plus-science-bowl,round_robin,2,f31dc2047b839afc531f4cb19b570b67d66e719d1e3432531cc2c3d43f6803dc,42,0,team__quizbowlers,,correct,1,end,,,BONUS
20260222T165310Z_5l3sueo,stanford-college-plus-science-bowl,round_robin,2,f31dc2047b839afc531f4cb19b570b67d66e719d1e3432531cc2c3d43f6803dc,43,0,team__cmu,player__peter_ferolito,correct,0,option,1,0,increases
20260222T165310Z_5l3sueo,stanford-college-plus-science-bowl,round_robin,2,f31dc2047b839afc531f4cb19b570b67d66e719d1e3432531cc2c3d43f6803dc,44,0,team__cmu,,correct,1,end,,,BONUS
20260222T165310Z_5l3sueo,stanford-college-plus-science-bowl,round_robin,2,f31dc2047b839afc531f4cb19b570b67d66e719d1e3432531cc2c3d43f6803dc,45,0,team__quizbowlers,player__swapnil_garg,correct,0,question,9,,67
20260222T165310Z_5l3sueo,stanford-college-plus-science-bowl,round_robin,2,f31dc2047b839afc531f4cb19b570b67d66e719d1e3432531cc2c3d43f6803dc,46,0,team__quizbowlers,,correct,1,end,,,BONUS
20260222T165435Z_n8320h0,stanford-college-plus-science-bowl,round_robin,2,f31dc2047b839afc531f4cb19b570b67d66e719d1e3432531cc2c3d43f6803dc,1,0,team__mit_team_2,player__jonathan_huang,correct,0,question,19,,term
20260222T165435Z_n8320h0,stanford-college-plus-science-bowl,round_robin,2,f31dc2047b839afc531f4cb19b570b67d66e719d1e3432531cc2c3d43f6803dc,2,0,team__mit_team_2,,correct,1,end,,,BONUS
20260222T165435Z_n8320h0,stanford-college-plus-science-bowl,round_robin,2,f31dc2047b839afc531f4cb19b570b67d66e719d1e3432531cc2c3d43f6803dc,3,0,team__university_of_alabama_birmingham,player__albert_chen,correct,0,question,35,,done
20260222T165435Z_n8320h0,stanford-college-plus-science-bowl,round_robin,2,f31dc2047b839afc531f4cb19b570b67d66e719d1e3432531cc2c3d43f6803dc,4,0,team__university_of_alabama_birmingham,,correct,1,end,,,BONUS
20260222T165435Z_n8320h0,stanford-college-plus-science-bowl,round_robin,2,f31dc2047b839afc531f4cb19b570b67d66e719d1e3432531cc2c3d43f6803dc,5,0,team__university_of_alabama_birmingham,player__akhil_batchu,incorrect,0,question,13,,0.5
20260222T165435Z_n8320h0,stanford-college-plus-science-bowl,round_robin,2,f31dc2047b839afc531f4cb19b570b67d66e719d1e3432531cc2c3d43f6803dc,5,1,team__mit_team_2,player__jonathan_huang,correct,1,end,,,END
20260222T165435Z_n8320h0,stanford-college-plus-science-bowl,round_robin,2,f31dc2047b839afc531f4cb19b570b67d66e719d1e3432531cc2c3d43f6803dc,6,0,team__mit_team_2,,correct,1,end,,,BONUS
20260222T165435Z_n8320h0,stanford-college-plus-science-bowl,round_robin,2,f31dc2047b839afc531f4cb19b570b67d66e719d1e3432531cc2c3d43f6803dc,7,0,team__mit_team_2,player__jonathan_huang,incorrect,0,question,15,,concentrations
20260222T165435Z_n8320h0,stanford-college-plus-science-bowl,round_robin,2,f31dc2047b839afc531f4cb19b570b67d66e719d1e3432531cc2c3d43f6803dc,7,1,team__university_of_alabama_birmingham,player__akhil_batchu,correct,1,end,,,END
20260222T165435Z_n8320h0,stanford-college-plus-science-bowl,round_robin,2,f31dc2047b839afc531f4cb19b570b67d66e719d1e3432531cc2c3d43f6803dc,8,0,team__university_of_alabama_birmingham,,correct,1,end,,,BONUS
20260222T165435Z_n8320h0,stanford-college-plus-science-bowl,round_robin,2,f31dc2047b839afc531f4cb19b570b67d66e719d1e3432531cc2c3d43f6803dc,9,0,team__university_of_alabama_birmingham,player__albert_chen,correct,0,question,20,,root
20260222T165435Z_n8320h0,stanford-college-plus-science-bowl,round_robin,2,f31dc2047b839afc531f4cb19b570b67d66e719d1e3432531cc2c3d43f6803dc,10,0,team__university_of_alabama_birmingham,,correct,1,end,,,BONUS
20260222T165435Z_n8320h0,stanford-college-plus-science-bowl,round_robin,2,f31dc2047b839afc531f4cb19b570b67d66e719d1e3432531cc2c3d43f6803dc,11,0,team__mit_team_2,player__jonathan_huang,correct,0,question,23,,analogous
20260222T165435Z_n8320h0,stanford-college-plus-science-bowl,round_robin,2,f31dc2047b839afc531f4cb19b570b67d66e719d1e3432531cc2c3d43f6803dc,12,0,team__mit_team_2,,correct,1,end,,,BONUS
20260222T165435Z_n8320h0,stanford-college-plus-science-bowl,round_robin,2,f31dc2047b839afc531f4cb19b570b67d66e719d1e3432531cc2c3d43f6803dc,13,0,team__university_of_alabama_birmingham,player__akhil_batchu,correct,0,question,34,,hindered?
20260222T165435Z_n8320h0,stanford-college-plus-science-bowl,round_robin,2,f31dc2047b839afc531f4cb19b570b67d66e719d1e3432531cc2c3d43f6803dc,14,0,team__university_of_alabama_birmingham,,correct,1,end,,,BONUS
20260222T165435Z_n8320h0,stanford-college-plus-science-bowl,round_robin,2,f31dc2047b839afc531f4cb19b570b67d66e719d1e3432531cc2c3d43f6803dc,15,0,team__university_of_alabama_birmingham,player__advik_sharma,incorrect,1,end,,,END
20260222T165435Z_n8320h0,stanford-college-plus-science-bowl,round_robin,2,f31dc2047b839afc531f4cb19b570b67d66e719d1e3432531cc2c3d43f6803dc,15,1,team__mit_team_2,player__jonathan_huang,correct,1,end,,,END
20260222T165435Z_n8320h0,stanford-college-plus-science-bowl,round_robin,2,f31dc2047b839afc531f4cb19b570b67d66e719d1e3432531cc2c3d43f6803dc,16,0,team__mit_team_2,,incorrect,1,end,,,BONUS
20260222T165435Z_n8320h0,stanford-college-plus-science-bowl,round_robin,2,f31dc2047b839afc531f4cb19b570b67d66e719d1e3432531cc2c3d43f6803dc,17,0,team__university_of_alabama_birmingham,player__akhil_batchu,correct,0,question,11,,layers
20260222T165435Z_n8320h0,stanford-college-plus-science-bowl,round_robin,2,f31dc2047b839afc531f4cb19b570b67d66e719d1e3432531cc2c3d43f6803dc,18,0,team__university_of_alabama_birmingham,,correct,1,end,,,BONUS
20260222T165435Z_n8320h0,stanford-college-plus-science-bowl,round_robin,2,f31dc2047b839afc531f4cb19b570b67d66e719d1e3432531cc2c3d43f6803dc,19,0,team__mit_team_2,player__jonathan_huang,incorrect,0,question,31,,energy
20260222T165435Z_n8320h0,stanford-college-plus-science-bowl,round_robin,2,f31dc2047b839afc531f4cb19b570b67d66e719d1e3432531cc2c3d43f6803dc,19,1,team__university_of_alabama_birmingham,player__akhil_batchu,correct,1,end,,,END
20260222T165435Z_n8320h0,stanford-college-plus-science-bowl,round_robin,2,f31dc2047b839afc531f4cb19b570b67d66e719d1e3432531cc2c3d43f6803dc,20,0,team__university_of_alabama_birmingham,,correct,1,end,,,BONUS
20260222T165435Z_n8320h0,stanford-college-plus-science-bowl,round_robin,2,f31dc2047b839afc531f4cb19b570b67d66e719d1e3432531cc2c3d43f6803dc,21,0,team__mit_team_2,player__jonathan_huang,correct,1,end,,,END
20260222T165435Z_n8320h0,stanford-college-plus-science-bowl,round_robin,2,f31dc2047b839afc531f4cb19b570b67d66e719d1e3432531cc2c3d43f6803dc,22,0,team__mit_team_2,,correct,1,end,,,BONUS
20260222T165435Z_n8320h0,stanford-college-plus-science-bowl,round_robin,2,f31dc2047b839afc531f4cb19b570b67d66e719d1e3432531cc2c3d43f6803dc,23,0,team__university_of_alabama_birmingham,player__akhil_batchu,correct,0,option,8,2,electrons
20260222T165435Z_n8320h0,stanford-college-plus-science-bowl,round_robin,2,f31dc2047b839afc531f4cb19b570b67d66e719d1e3432531cc2c3d43f6803dc,24,0,team__university_of_alabama_birmingham,,correct,1,end,,,BONUS
20260222T165435Z_n8320h0,stanford-college-plus-science-bowl,round_robin,2,f31dc2047b839afc531f4cb19b570b67d66e719d1e3432531cc2c3d43f6803dc,25,0,team__mit_team_2,player__jonathan_huang,correct,0,question,24,,dominance;
20260222T165435Z_n8320h0,stanford-college-plus-science-bowl,round_robin,2,f31dc2047b839afc531f4cb19b570b67d66e719d1e3432531cc2c3d43f6803dc,26,0,team__mit_team_2,,correct,1,end,,,BONUS
20260222T165435Z_n8320h0,stanford-college-plus-science-bowl,round_robin,2,f31dc2047b839afc531f4cb19b570b67d66e719d1e3432531cc2c3d43f6803dc,27,0,team__mit_team_2,player__jonathan_huang,incorrect,0,option,8,0,travels
20260222T165435Z_n8320h0,stanford-college-plus-science-bowl,round_robin,2,f31dc2047b839afc531f4cb19b570b67d66e719d1e3432531cc2c3d43f6803dc,27,1,team__university_of_alabama_birmingham,player__akhil_batchu,correct,1,end,,,END
20260222T165435Z_n8320h0,stanford-college-plus-science-bowl,round_robin,2,f31dc2047b839afc531f4cb19b570b67d66e719d1e3432531cc2c3d43f6803dc,28,0,team__university_of_alabama_birmingham,,incorrect,1,end,,,BONUS
20260222T165435Z_n8320h0,stanford-college-plus-science-bowl,round_robin,2,f31dc2047b839afc531f4cb19b570b67d66e719d1e3432531cc2c3d43f6803dc,29,0,team__mit_team_2,player__jonathan_huang,correct,0,question,14,,emission
20260222T165435Z_n8320h0,stanford-college-plus-science-bowl,round_robin,2,f31dc2047b839afc531f4cb19b570b67d66e719d1e3432531cc2c3d43f6803dc,30,0,team__mit_team_2,,correct,1,end,,,BONUS
20260222T165435Z_n8320h0,stanford-college-plus-science-bowl,round_robin,2,f31dc2047b839afc531f4cb19b570b67d66e719d1e3432531cc2c3d43f6803dc,31,0,team__university_of_alabama_birmingham,player__akhil_batchu,incorrect,0,question,12,,internal
20260222T165435Z_n8320h0,stanford-college-plus-science-bowl,round_robin,2,f31dc2047b839afc531f4cb19b570b67d66e719d1e3432531cc2c3d43f6803dc,31,1,team__mit_team_2,player__jonathan_huang,correct,1,end,,,END
20260222T165435Z_n8320h0,stanford-college-plus-science-bowl,round_robin,2,f31dc2047b839afc531f4cb19b570b67d66e719d1e3432531cc2c3d43f6803dc,32,0,team__mit_team_2,,incorrect,1,end,,,BONUS
20260222T165435Z_n8320h0,stanford-college-plus-science-bowl,round_robin,2,f31dc2047b839afc531f4cb19b570b67d66e719d1e3432531cc2c3d43f6803dc,33,0,team__mit_team_2,player__jonathan_huang,incorrect,0,question,27,,expected
20260222T165435Z_n8320h0,stanford-college-plus-science-bowl,round_robin,2,f31dc2047b839afc531f4cb19b570b67d66e719d1e3432531cc2c3d43f6803dc,33,1,team__university_of_alabama_birmingham,player__albert_chen,incorrect,1,end,,,END
20260222T165435Z_n8320h0,stanford-college-plus-science-bowl,round_robin,2,f31dc2047b839afc531f4cb19b570b67d66e719d1e3432531cc2c3d43f6803dc,35,0,team__university_of_alabama_birmingham,player__akhil_batchu,correct,0,option,0,1,Diorite
20260222T165435Z_n8320h0,stanford-college-plus-science-bowl,round_robin,2,f31dc2047b839afc531f4cb19b570b67d66e719d1e3432531cc2c3d43f6803dc,36,0,team__university_of_alabama_birmingham,,correct,1,end,,,BONUS
20260222T165435Z_n8320h0,stanford-college-plus-science-bowl,round_robin,2,f31dc2047b839afc531f4cb19b570b67d66e719d1e3432531cc2c3d43f6803dc,37,0,team__mit_team_2,player__jonathan_huang,correct,0,question,11,,by
20260222T165435Z_n8320h0,stanford-college-plus-science-bowl,round_robin,2,f31dc2047b839afc531f4cb19b570b67d66e719d1e3432531cc2c3d43f6803dc,38,0,team__mit_team_2,,correct,1,end,,,BONUS
20260222T165435Z_n8320h0,stanford-college-plus-science-bowl,round_robin,2,f31dc2047b839afc531f4cb19b570b67d66e719d1e3432531cc2c3d43f6803dc,39,0,team__mit_team_2,player__jonathan_huang,correct,0,question,23,,percent
20260222T165435Z_n8320h0,stanford-college-plus-science-bowl,round_robin,2,f31dc2047b839afc531f4cb19b570b67d66e719d1e3432531cc2c3d43f6803dc,40,0,team__mit_team_2,,incorrect,1,end,,,BONUS
20260222T165435Z_n8320h0,stanford-college-plus-science-bowl,round_robin,2,f31dc2047b839afc531f4cb19b570b67d66e719d1e3432531cc2c3d43f6803dc,41,0,team__university_of_alabama_birmingham,player__akhil_batchu,correct,0,question,18,,3)
20260222T165435Z_n8320h0,stanford-college-plus-science-bowl,round_robin,2,f31dc2047b839afc531f4cb19b570b67d66e719d1e3432531cc2c3d43f6803dc,42,0,team__university_of_alabama_birmingham,,correct,1,end,,,BONUS
20260222T165435Z_n8320h0,stanford-college-plus-science-bowl,round_robin,2,f31dc2047b839afc531f4cb19b570b67d66e719d1e3432531cc2c3d43f6803dc,43,0,team__university_of_alabama_birmingham,player__akhil_batchu,incorrect,0,option,0,0,"Increases,"
20260222T165435Z_n8320h0,stanford-college-plus-science-bowl,round_robin,2,f31dc2047b839afc531f4cb19b570b67d66e719d1e3432531cc2c3d43f6803dc,43,1,team__mit_team_2,player__jonathan_huang,correct,1,end,,,END
20260222T165435Z_n8320h0,stanford-college-plus-science-bowl,round_robin,2,f31dc2047b839afc531f4cb19b570b67d66e719d1e3432531cc2c3d43f6803dc,44,0,team__mit_team_2,,correct,1,end,,,BONUS
20260222T165435Z_n8320h0,stanford-college-plus-science-bowl,round_robin,2,f31dc2047b839afc531f4cb19b570b67d66e719d1e3432531cc2c3d43f6803dc,45,0,team__mit_team_2,player__jonathan_huang,correct,1,end,,,END
20260222T165435Z_n8320h0,stanford-college-plus-science-bowl,round_robin,2,f31dc2047b839afc531f4cb19b570b67d66e719d1e3432531cc2c3d43f6803dc,46,0,team__mit_team_2,,correct,1,end,,,BONUS
20260222T172311Z_ngwd72o,stanford-college-plus-science-bowl,round_robin,3,348eafdd977a17b5cf564b11f3dab537e330971d9f1fc41f94ad45aac7657855,1,0,team__quizbowlers,player__swapnil_garg,correct,0,question,22,,describes
20260222T172311Z_ngwd72o,stanford-college-plus-science-bowl,round_robin,3,348eafdd977a17b5cf564b11f3dab537e330971d9f1fc41f94ad45aac7657855,2,0,team__quizbowlers,,incorrect,1,end,,,BONUS
20260222T172311Z_ngwd72o,stanford-college-plus-science-bowl,round_robin,3,348eafdd977a17b5cf564b11f3dab537e330971d9f1fc41f94ad45aac7657855,3,0,team__university_of_alabama_birmingham,player__akhil_batchu,correct,0,question,26,,field
20260222T172311Z_ngwd72o,stanford-college-plus-science-bowl,round_robin,3,348eafdd977a17b5cf564b11f3dab537e330971d9f1fc41f94ad45aac7657855,4,0,team__university_of_alabama_birmingham,,correct,1,end,,,BONUS
20260222T172311Z_ngwd72o,stanford-college-plus-science-bowl,round_robin,3,348eafdd977a17b5cf564b11f3dab537e330971d9f1fc41f94ad45aac7657855,5,0,team__quizbowlers,player__rohan_shelke,correct,0,option,8,1,erosional
20260222T172311Z_ngwd72o,stanford-college-plus-science-bowl,round_robin,3,348eafdd977a17b5cf564b11f3dab537e330971d9f1fc41f94ad45aac7657855,6,0,team__quizbowlers,,correct,1,end,,,BONUS
20260222T172311Z_ngwd72o,stanford-college-plus-science-bowl,round_robin,3,348eafdd977a17b5cf564b11f3dab537e330971d9f1fc41f94ad45aac7657855,7,0,team__university_of_alabama_birmingham,player__akhil_batchu,incorrect,1,end,,,END
20260222T172311Z_ngwd72o,stanford-college-plus-science-bowl,round_robin,3,348eafdd977a17b5cf564b11f3dab537e330971d9f1fc41f94ad45aac7657855,7,1,team__quizbowlers,player__shahar_schwartz,incorrect,1,end,,,END
20260222T172311Z_ngwd72o,stanford-college-plus-science-bowl,round_robin,3,348eafdd977a17b5cf564b11f3dab537e330971d9f1fc41f94ad45aac7657855,9,0,team__quizbowlers,player__swapnil_garg,incorrect,0,option,-1,0,W
20260222T172311Z_ngwd72o,stanford-college-plus-science-bowl,round_robin,3,348eafdd977a17b5cf564b11f3dab537e330971d9f1fc41f94ad45aac7657855,9,1,team__university_of_alabama_birmingham,player__albert_chen,correct,1,end,,,END
20260222T172311Z_ngwd72o,stanford-college-plus-science-bowl,round_robin,3,348eafdd977a17b5cf564b11f3dab537e330971d9f1fc41f94ad45aac7657855,10,0,team__university_of_alabama_birmingham,,correct,1,end,,,BONUS
20260222T172311Z_ngwd72o,stanford-college-plus-science-bowl,round_robin,3,348eafdd977a17b5cf564b11f3dab537e330971d9f1fc41f94ad45aac7657855,11,0,team__university_of_alabama_birmingham,player__albert_chen,correct,0,option,0,1,Geothermal
20260222T172311Z_ngwd72o,stanford-college-plus-science-bowl,round_robin,3,348eafdd977a17b5cf564b11f3dab537e330971d9f1fc41f94ad45aac7657855,12,0,team__university_of_alabama_birmingham,,incorrect,1,end,,,BONUS
20260222T172311Z_ngwd72o,stanford-college-plus-science-bowl,round_robin,3,348eafdd977a17b5cf564b11f3dab537e330971d9f1fc41f94ad45aac7657855,13,0,team__university_of_alabama_birmingham,player__akhil_batchu,incorrect,0,option,3,1,analogous
20260222T172311Z_ngwd72o,stanford-college-plus-science-bowl,round_robin,3,348eafdd977a17b5cf564b11f3dab537e330971d9f1fc41f94ad45aac7657855,13,1,team__quizbowlers,player__shahar_schwartz,correct,1,end,,,END
20260222T172311Z_ngwd72o,stanford-college-plus-science-bowl,round_robin,3,348eafdd977a17b5cf564b11f3dab537e330971d9f1fc41f94ad45aac7657855,14,0,team__quizbowlers,,correct,1,end,,,BONUS
20260222T172311Z_ngwd72o,stanford-college-plus-science-bowl,round_robin,3,348eafdd977a17b5cf564b11f3dab537e330971d9f1fc41f94ad45aac7657855,15,0,team__university_of_alabama_birmingham,player__akhil_batchu,incorrect,0,option,6,1,water
20260222T172311Z_ngwd72o,stanford-college-plus-science-bowl,round_robin,3,348eafdd977a17b5cf564b11f3dab537e330971d9f1fc41f94ad45aac7657855,15,1,team__quizbowlers,player__kevin_ye,correct,1,end,,,END
20260222T172311Z_ngwd72o,stanford-college-plus-science-bowl,round_robin,3,348eafdd977a17b5cf564b11f3dab537e330971d9f1fc41f94ad45aac7657855,16,0,team__quizbowlers,,correct,1,end,,,BONUS
20260222T172311Z_ngwd72o,stanford-college-plus-science-bowl,round_robin,3,348eafdd977a17b5cf564b11f3dab537e330971d9f1fc41f94ad45aac7657855,17,0,team__quizbowlers,player__rohan_shelke,correct,0,option,6,2,exposed
20260222T172311Z_ngwd72o,stanford-college-plus-science-bowl,round_robin,3,348eafdd977a17b5cf564b11f3dab537e330971d9f1fc41f94ad45aac7657855,18,0,team__quizbowlers,,correct,1,end,,,BONUS
20260222T172311Z_ngwd72o,stanford-college-plus-science-bowl,round_robin,3,348eafdd977a17b5cf564b11f3dab537e330971d9f1fc41f94ad45aac7657855,19,0,team__university_of_alabama_birmingham,player__akhil_batchu,correct,0,question,8,,energy
20260222T172311Z_ngwd72o,stanford-college-plus-science-bowl,round_robin,3,348eafdd977a17b5cf564b11f3dab537e330971d9f1fc41f94ad45aac7657855,20,0,team__university_of_alabama_birmingham,,correct,1,end,,,BONUS
20260222T172311Z_ngwd72o,stanford-college-plus-science-bowl,round_robin,3,348eafdd977a17b5cf564b11f3dab537e330971d9f1fc41f94ad45aac7657855,21,0,team__quizbowlers,player__swapnil_garg,correct,0,question,39,,buttons
20260222T172311Z_ngwd72o,stanford-college-plus-science-bowl,round_robin,3,348eafdd977a17b5cf564b11f3dab537e330971d9f1fc41f94ad45aac7657855,22,0,team__quizbowlers,,correct,1,end,,,BONUS
20260222T172311Z_ngwd72o,stanford-college-plus-science-bowl,round_robin,3,348eafdd977a17b5cf564b11f3dab537e330971d9f1fc41f94ad45aac7657855,23,0,team__university_of_alabama_birmingham,player__advik_sharma,incorrect,0,question,14,,chains.
20260222T172311Z_ngwd72o,stanford-college-plus-science-bowl,round_robin,3,348eafdd977a17b5cf564b11f3dab537e330971d9f1fc41f94ad45aac7657855,23,1,team__quizbowlers,player__shahar_schwartz,correct,1,end,,,END
20260222T172311Z_ngwd72o,stanford-college-plus-science-bowl,round_robin,3,348eafdd977a17b5cf564b11f3dab537e330971d9f1fc41f94ad45aac7657855,24,0,team__quizbowlers,,correct,1,end,,,BONUS
20260222T172311Z_ngwd72o,stanford-college-plus-science-bowl,round_robin,3,348eafdd977a17b5cf564b11f3dab537e330971d9f1fc41f94ad45aac7657855,25,0,team__university_of_alabama_birmingham,player__advik_sharma,incorrect,0,question,8,,bacteria
20260222T172311Z_ngwd72o,stanford-college-plus-science-bowl,round_robin,3,348eafdd977a17b5cf564b11f3dab537e330971d9f1fc41f94ad45aac7657855,25,1,team__quizbowlers,player__rohan_shelke,correct,1,end,,,END
20260222T172311Z_ngwd72o,stanford-college-plus-science-bowl,round_robin,3,348eafdd977a17b5cf564b11f3dab537e330971d9f1fc41f94ad45aac7657855,26,0,team__quizbowlers,,correct,1,end,,,BONUS
20260222T172311Z_ngwd72o,stanford-college-plus-science-bowl,round_robin,3,348eafdd977a17b5cf564b11f3dab537e330971d9f1fc41f94ad45aac7657855,27,0,team__quizbowlers,player__kevin_ye,incorrect,1,end,,,END
20260222T172311Z_ngwd72o,stanford-college-plus-science-bowl,round_robin,3,348eafdd977a17b5cf564b11f3dab537e330971d9f1fc41f94ad45aac7657855,27,1,team__university_of_alabama_birmingham,player__advik_sharma,incorrect,1,end,,,END
20260222T172311Z_ngwd72o,stanford-college-plus-science-bowl,round_robin,3,348eafdd977a17b5cf564b11f3dab537e330971d9f1fc41f94ad45aac7657855,29,0,team__university_of_alabama_birmingham,player__akhil_batchu,incorrect,0,option,2,1,"tail,"
20260222T172311Z_ngwd72o,stanford-college-plus-science-bowl,round_robin,3,348eafdd977a17b5cf564b11f3dab537e330971d9f1fc41f94ad45aac7657855,29,1,team__quizbowlers,player__rohan_shelke,correct,1,end,,,END
20260222T172311Z_ngwd72o,stanford-college-plus-science-bowl,round_robin,3,348eafdd977a17b5cf564b11f3dab537e330971d9f1fc41f94ad45aac7657855,30,0,team__quizbowlers,,incorrect,1,end,,,BONUS
20260222T172311Z_ngwd72o,stanford-college-plus-science-bowl,round_robin,3,348eafdd977a17b5cf564b11f3dab537e330971d9f1fc41f94ad45aac7657855,31,0,team__university_of_alabama_birmingham,player__akhil_batchu,correct,0,option,6,1,gallium
20260222T172311Z_ngwd72o,stanford-college-plus-science-bowl,round_robin,3,348eafdd977a17b5cf564b11f3dab537e330971d9f1fc41f94ad45aac7657855,32,0,team__university_of_alabama_birmingham,,correct,1,end,,,BONUS
20260222T172311Z_ngwd72o,stanford-college-plus-science-bowl,round_robin,3,348eafdd977a17b5cf564b11f3dab537e330971d9f1fc41f94ad45aac7657855,33,0,team__university_of_alabama_birmingham,player__akhil_batchu,correct,0,question,41,,furniture
20260222T172311Z_ngwd72o,stanford-college-plus-science-bowl,round_robin,3,348eafdd977a17b5cf564b11f3dab537e330971d9f1fc41f94ad45aac7657855,34,0,team__university_of_alabama_birmingham,,correct,1,end,,,BONUS
20260222T172311Z_ngwd72o,stanford-college-plus-science-bowl,round_robin,3,348eafdd977a17b5cf564b11f3dab537e330971d9f1fc41f94ad45aac7657855,35,0,team__university_of_alabama_birmingham,player__akhil_batchu,correct,0,option,3,2,pressure
20260222T172311Z_ngwd72o,stanford-college-plus-science-bowl,round_robin,3,348eafdd977a17b5cf564b11f3dab537e330971d9f1fc41f94ad45aac7657855,36,0,team__university_of_alabama_birmingham,,correct,1,end,,,BONUS
20260222T172311Z_ngwd72o,stanford-college-plus-science-bowl,round_robin,3,348eafdd977a17b5cf564b11f3dab537e330971d9f1fc41f94ad45aac7657855,37,0,team__university_of_alabama_birmingham,player__akhil_batchu,incorrect,0,option,1,2,glands
20260222T172311Z_ngwd72o,stanford-college-plus-science-bowl,round_robin,3,348eafdd977a17b5cf564b11f3dab537e330971d9f1fc41f94ad45aac7657855,37,1,team__quizbowlers,player__rohan_shelke,correct,1,end,,,END
20260222T172311Z_ngwd72o,stanford-college-plus-science-bowl,round_robin,3,348eafdd977a17b5cf564b11f3dab537e330971d9f1fc41f94ad45aac7657855,38,0,team__quizbowlers,,correct,1,end,,,BONUS
20260222T172311Z_ngwd72o,stanford-college-plus-science-bowl,round_robin,3,348eafdd977a17b5cf564b11f3dab537e330971d9f1fc41f94ad45aac7657855,39,0,team__university_of_alabama_birmingham,player__akhil_batchu,incorrect,0,question,25,,"hertz,"
20260222T172311Z_ngwd72o,stanford-college-plus-science-bowl,round_robin,3,348eafdd977a17b5cf564b11f3dab537e330971d9f1fc41f94ad45aac7657855,39,1,team__quizbowlers,player__kevin_ye,correct,1,end,,,END
20260222T172311Z_ngwd72o,stanford-college-plus-science-bowl,round_robin,3,348eafdd977a17b5cf564b11f3dab537e330971d9f1fc41f94ad45aac7657855,40,0,team__quizbowlers,,incorrect,1,end,,,BONUS
20260222T172311Z_ngwd72o,stanford-college-plus-science-bowl,round_robin,3,348eafdd977a17b5cf564b11f3dab537e330971d9f1fc41f94ad45aac7657855,41,0,team__university_of_alabama_birmingham,player__advik_sharma,correct,0,option,7,2,parent
20260222T172311Z_ngwd72o,stanford-college-plus-science-bowl,round_robin,3,348eafdd977a17b5cf564b11f3dab537e330971d9f1fc41f94ad45aac7657855,42,0,team__university_of_alabama_birmingham,,correct,1,end,,,BONUS
20260222T172311Z_ngwd72o,stanford-college-plus-science-bowl,round_robin,3,348eafdd977a17b5cf564b11f3dab537e330971d9f1fc41f94ad45aac7657855,43,0,team__university_of_alabama_birmingham,player__akhil_batchu,incorrect,0,question,0,,Graham’s
20260222T172311Z_ngwd72o,stanford-college-plus-science-bowl,round_robin,3,348eafdd977a17b5cf564b11f3dab537e330971d9f1fc41f94ad45aac7657855,43,1,team__quizbowlers,player__shahar_schwartz,correct,1,end,,,END
20260222T172311Z_ngwd72o,stanford-college-plus-science-bowl,round_robin,3,348eafdd977a17b5cf564b11f3dab537e330971d9f1fc41f94ad45aac7657855,44,0,team__quizbowlers,,correct,1,end,,,BONUS
20260222T172311Z_ngwd72o,stanford-college-plus-science-bowl,round_robin,3,348eafdd977a17b5cf564b11f3dab537e330971d9f1fc41f94ad45aac7657855,45,0,team__university_of_alabama_birmingham,player__albert_chen,incorrect,0,question,15,,5x
20260222T172311Z_ngwd72o,stanford-college-plus-science-bowl,round_robin,3,348eafdd977a17b5cf564b11f3dab537e330971d9f1fc41f94ad45aac7657855,45,1,team__quizbowlers,player__swapnil_garg,correct,1,end,,,END
20260222T172311Z_ngwd72o,stanford-college-plus-science-bowl,round_robin,3,348eafdd977a17b5cf564b11f3dab537e330971d9f1fc41f94ad45aac7657855,46,0,team__quizbowlers,,correct,1,end,,,BONUS
20260222T172825Z_vxum09f,stanford-college-plus-science-bowl,round_robin,3,348eafdd977a17b5cf564b11f3dab537e330971d9f1fc41f94ad45aac7657855,1,0,team__mit_team_1,player__yunyi_ling,correct,0,question,18,,check.
20260222T172825Z_vxum09f,stanford-college-plus-science-bowl,round_robin,3,348eafdd977a17b5cf564b11f3dab537e330971d9f1fc41f94ad45aac7657855,2,0,team__mit_team_1,,incorrect,1,end,,,BONUS
20260222T172825Z_vxum09f,stanford-college-plus-science-bowl,round_robin,3,348eafdd977a17b5cf564b11f3dab537e330971d9f1fc41f94ad45aac7657855,3,0,team__mit_team_1,player__yunyi_ling,correct,0,question,21,,E.
20260222T172825Z_vxum09f,stanford-college-plus-science-bowl,round_robin,3,348eafdd977a17b5cf564b11f3dab537e330971d9f1fc41f94ad45aac7657855,4,0,team__mit_team_1,,correct,1,end,,,BONUS
20260222T172825Z_vxum09f,stanford-college-plus-science-bowl,round_robin,3,348eafdd977a17b5cf564b11f3dab537e330971d9f1fc41f94ad45aac7657855,5,0,team__mit_team_2,player__gideon_tzafriri,correct,0,option,8,1,erosional
20260222T172825Z_vxum09f,stanford-college-plus-science-bowl,round_robin,3,348eafdd977a17b5cf564b11f3dab537e330971d9f1fc41f94ad45aac7657855,6,0,team__mit_team_2,,correct,1,end,,,BONUS
20260222T172825Z_vxum09f,stanford-college-plus-science-bowl,round_robin,3,348eafdd977a17b5cf564b11f3dab537e330971d9f1fc41f94ad45aac7657855,7,0,team__mit_team_2,player__gideon_tzafriri,correct,0,question,37,,weak
20260222T172825Z_vxum09f,stanford-college-plus-science-bowl,round_robin,3,348eafdd977a17b5cf564b11f3dab537e330971d9f1fc41f94ad45aac7657855,8,0,team__mit_team_2,,correct,1,end,,,BONUS
20260222T172825Z_vxum09f,stanford-college-plus-science-bowl,round_robin,3,348eafdd977a17b5cf564b11f3dab537e330971d9f1fc41f94ad45aac7657855,9,0,team__mit_team_1,player__yunyi_ling,correct,0,option,0,1,7
20260222T172825Z_vxum09f,stanford-college-plus-science-bowl,round_robin,3,348eafdd977a17b5cf564b11f3dab537e330971d9f1fc41f94ad45aac7657855,10,0,team__mit_team_1,,incorrect,1,end,,,BONUS
20260222T172825Z_vxum09f,stanford-college-plus-science-bowl,round_robin,3,348eafdd977a17b5cf564b11f3dab537e330971d9f1fc41f94ad45aac7657855,11,0,team__mit_team_2,player__aryan_bora,correct,0,option,0,0,Nuclear
20260222T172825Z_vxum09f,stanford-college-plus-science-bowl,round_robin,3,348eafdd977a17b5cf564b11f3dab537e330971d9f1fc41f94ad45aac7657855,12,0,team__mit_team_2,,correct,1,end,,,BONUS
20260222T172825Z_vxum09f,stanford-college-plus-science-bowl,round_robin,3,348eafdd977a17b5cf564b11f3dab537e330971d9f1fc41f94ad45aac7657855,13,0,team__mit_team_1,player__yunyi_ling,correct,0,option,4,1,structures
20260222T172825Z_vxum09f,stanford-college-plus-science-bowl,round_robin,3,348eafdd977a17b5cf564b11f3dab537e330971d9f1fc41f94ad45aac7657855,14,0,team__mit_team_1,,correct,1,end,,,BONUS
20260222T172825Z_vxum09f,stanford-college-plus-science-bowl,round_robin,3,348eafdd977a17b5cf564b11f3dab537e330971d9f1fc41f94ad45aac7657855,15,0,team__mit_team_1,player__anurag_sodhi,correct,0,option,3,0,less
20260222T172825Z_vxum09f,stanford-college-plus-science-bowl,round_robin,3,348eafdd977a17b5cf564b11f3dab537e330971d9f1fc41f94ad45aac7657855,16,0,team__mit_team_1,,correct,1,end,,,BONUS
20260222T172825Z_vxum09f,stanford-college-plus-science-bowl,round_robin,3,348eafdd977a17b5cf564b11f3dab537e330971d9f1fc41f94ad45aac7657855,17,0,team__mit_team_2,player__gideon_tzafriri,correct,0,option,3,2,oxide
20260222T172825Z_vxum09f,stanford-college-plus-science-bowl,round_robin,3,348eafdd977a17b5cf564b11f3dab537e330971d9f1fc41f94ad45aac7657855,18,0,team__mit_team_2,,correct,1,end,,,BONUS
20260222T172825Z_vxum09f,stanford-college-plus-science-bowl,round_robin,3,348eafdd977a17b5cf564b11f3dab537e330971d9f1fc41f94ad45aac7657855,19,0,team__mit_team_2,player__sean_fei,correct,0,question,5,,fill
20260222T172825Z_vxum09f,stanford-college-plus-science-bowl,round_robin,3,348eafdd977a17b5cf564b11f3dab537e330971d9f1fc41f94ad45aac7657855,20,0,team__mit_team_2,,correct,1,end,,,BONUS
20260222T172825Z_vxum09f,stanford-college-plus-science-bowl,round_robin,3,348eafdd977a17b5cf564b11f3dab537e330971d9f1fc41f94ad45aac7657855,21,0,team__mit_team_1,player__mingwen_duan,correct,0,question,40,,Sabine
20260222T172825Z_vxum09f,stanford-college-plus-science-bowl,round_robin,3,348eafdd977a17b5cf564b11f3dab537e330971d9f1fc41f94ad45aac7657855,22,0,team__mit_team_1,,correct,1,end,,,BONUS
20260222T172825Z_vxum09f,stanford-college-plus-science-bowl,round_robin,3,348eafdd977a17b5cf564b11f3dab537e330971d9f1fc41f94ad45aac7657855,23,0,team__mit_team_2,player__sean_fei,incorrect,0,question,18,,speciation
20260222T172825Z_vxum09f,stanford-college-plus-science-bowl,round_robin,3,348eafdd977a17b5cf564b11f3dab537e330971d9f1fc41f94ad45aac7657855,23,1,team__mit_team_1,player__anurag_sodhi,correct,0,question,38,,time?
20260222T172825Z_vxum09f,stanford-college-plus-science-bowl,round_robin,3,348eafdd977a17b5cf564b11f3dab537e330971d9f1fc41f94ad45aac7657855,24,0,team__mit_team_1,,correct,1,end,,,BONUS
20260222T172825Z_vxum09f,stanford-college-plus-science-bowl,round_robin,3,348eafdd977a17b5cf564b11f3dab537e330971d9f1fc41f94ad45aac7657855,25,0,team__mit_team_2,player__sean_fei,incorrect,0,question,8,,bacteria
20260222T172825Z_vxum09f,stanford-college-plus-science-bowl,round_robin,3,348eafdd977a17b5cf564b11f3dab537e330971d9f1fc41f94ad45aac7657855,25,1,team__mit_team_1,player__yunyi_ling,incorrect,1,end,,,END
20260222T172825Z_vxum09f,stanford-college-plus-science-bowl,round_robin,3,348eafdd977a17b5cf564b11f3dab537e330971d9f1fc41f94ad45aac7657855,27,0,team__mit_team_1,player__yunyi_ling,incorrect,0,question,22,,circuit.
20260222T172825Z_vxum09f,stanford-college-plus-science-bowl,round_robin,3,348eafdd977a17b5cf564b11f3dab537e330971d9f1fc41f94ad45aac7657855,27,1,team__mit_team_2,player__gideon_tzafriri,correct,1,end,,,END
20260222T172825Z_vxum09f,stanford-college-plus-science-bowl,round_robin,3,348eafdd977a17b5cf564b11f3dab537e330971d9f1fc41f94ad45aac7657855,28,0,team__mit_team_2,,correct,1,end,,,BONUS
20260222T172825Z_vxum09f,stanford-college-plus-science-bowl,round_robin,3,348eafdd977a17b5cf564b11f3dab537e330971d9f1fc41f94ad45aac7657855,29,0,team__mit_team_2,player__gideon_tzafriri,correct,1,end,,,END
20260222T172825Z_vxum09f,stanford-college-plus-science-bowl,round_robin,3,348eafdd977a17b5cf564b11f3dab537e330971d9f1fc41f94ad45aac7657855,30,0,team__mit_team_2,,incorrect,1,end,,,BONUS
20260222T172825Z_vxum09f,stanford-college-plus-science-bowl,round_robin,3,348eafdd977a17b5cf564b11f3dab537e330971d9f1fc41f94ad45aac7657855,31,0,team__mit_team_1,player__yunyi_ling,correct,0,option,6,0,gallium
20260222T172825Z_vxum09f,stanford-college-plus-science-bowl,round_robin,3,348eafdd977a17b5cf564b11f3dab537e330971d9f1fc41f94ad45aac7657855,32,0,team__mit_team_1,,correct,1,end,,,BONUS
20260222T172825Z_vxum09f,stanford-college-plus-science-bowl,round_robin,3,348eafdd977a17b5cf564b11f3dab537e330971d9f1fc41f94ad45aac7657855,33,0,team__mit_team_2,player__gideon_tzafriri,correct,0,question,23,,customers
20260222T172825Z_vxum09f,stanford-college-plus-science-bowl,round_robin,3,348eafdd977a17b5cf564b11f3dab537e330971d9f1fc41f94ad45aac7657855,34,0,team__mit_team_2,,correct,1,end,,,BONUS
20260222T172825Z_vxum09f,stanford-college-plus-science-bowl,round_robin,3,348eafdd977a17b5cf564b11f3dab537e330971d9f1fc41f94ad45aac7657855,35,0,team__mit_team_2,player__gideon_tzafriri,correct,0,option,5,1,forms
20260222T172825Z_vxum09f,stanford-college-plus-science-bowl,round_robin,3,348eafdd977a17b5cf564b11f3dab537e330971d9f1fc41f94ad45aac7657855,36,0,team__mit_team_2,,correct,1,end,,,BONUS
20260222T172825Z_vxum09f,stanford-college-plus-science-bowl,round_robin,3,348eafdd977a17b5cf564b11f3dab537e330971d9f1fc41f94ad45aac7657855,37,0,team__mit_team_2,player__sean_fei,correct,0,option,0,2,Nectar
20260222T172825Z_vxum09f,stanford-college-plus-science-bowl,round_robin,3,348eafdd977a17b5cf564b11f3dab537e330971d9f1fc41f94ad45aac7657855,38,0,team__mit_team_2,,correct,1,end,,,BONUS
20260222T172825Z_vxum09f,stanford-college-plus-science-bowl,round_robin,3,348eafdd977a17b5cf564b11f3dab537e330971d9f1fc41f94ad45aac7657855,39,0,team__mit_team_1,player__anurag_sodhi,incorrect,0,question,25,,"hertz,"
20260222T172825Z_vxum09f,stanford-college-plus-science-bowl,round_robin,3,348eafdd977a17b5cf564b11f3dab537e330971d9f1fc41f94ad45aac7657855,39,1,team__mit_team_2,player__gideon_tzafriri,correct,1,end,,,END
20260222T172825Z_vxum09f,stanford-college-plus-science-bowl,round_robin,3,348eafdd977a17b5cf564b11f3dab537e330971d9f1fc41f94ad45aac7657855,40,0,team__mit_team_2,,incorrect,1,end,,,BONUS
20260222T172825Z_vxum09f,stanford-college-plus-science-bowl,round_robin,3,348eafdd977a17b5cf564b11f3dab537e330971d9f1fc41f94ad45aac7657855,41,0,team__mit_team_1,player__anurag_sodhi,incorrect,0,option,8,1,differentiation
20260222T172825Z_vxum09f,stanford-college-plus-science-bowl,round_robin,3,348eafdd977a17b5cf564b11f3dab537e330971d9f1fc41f94ad45aac7657855,41,1,team__mit_team_2,player__sean_fei,correct,1,end,,,END
20260222T172825Z_vxum09f,stanford-college-plus-science-bowl,round_robin,3,348eafdd977a17b5cf564b11f3dab537e330971d9f1fc41f94ad45aac7657855,42,0,team__mit_team_2,,correct,1,end,,,BONUS
20260222T172825Z_vxum09f,stanford-college-plus-science-bowl,round_robin,3,348eafdd977a17b5cf564b11f3dab537e330971d9f1fc41f94ad45aac7657855,43,0,team__mit_team_1,player__anurag_sodhi,incorrect,0,question,15,,temperature
20260222T172825Z_vxum09f,stanford-college-plus-science-bowl,round_robin,3,348eafdd977a17b5cf564b11f3dab537e330971d9f1fc41f94ad45aac7657855,43,1,team__mit_team_2,player__sean_fei,correct,1,end,,,END
20260222T172825Z_vxum09f,stanford-college-plus-science-bowl,round_robin,3,348eafdd977a17b5cf564b11f3dab537e330971d9f1fc41f94ad45aac7657855,44,0,team__mit_team_2,,correct,1,end,,,BONUS
20260222T172825Z_vxum09f,stanford-college-plus-science-bowl,round_robin,3,348eafdd977a17b5cf564b11f3dab537e330971d9f1fc41f94ad45aac7657855,45,0,team__mit_team_2,player__gideon_tzafriri,correct,1,end,,,END
20260222T172825Z_vxum09f,stanford-college-plus-science-bowl,round_robin,3,348eafdd977a17b5cf564b11f3dab537e330971d9f1fc41f94ad45aac7657855,46,0,team__mit_team_2,,correct,1,end,,,BONUS
20260222T172858Z_u73ksbm,stanford-college-plus-science-bowl,round_robin,3,348eafdd977a17b5cf564b11f3dab537e330971d9f1fc41f94ad45aac7657855,1,0,team__cmu,player__josh_shi,correct,0,question,15,,elk
20260222T172858Z_u73ksbm,stanford-college-plus-science-bowl,round_robin,3,348eafdd977a17b5cf564b11f3dab537e330971d9f1fc41f94ad45aac7657855,2,0,team__cmu,,correct,1,end,,,BONUS
20260222T172858Z_u73ksbm,stanford-college-plus-science-bowl,round_robin,3,348eafdd977a17b5cf564b11f3dab537e330971d9f1fc41f94ad45aac7657855,3,0,team__where_is_the_goal_keeper,player__daniel_lu,correct,0,question,26,,field
20260222T172858Z_u73ksbm,stanford-college-plus-science-bowl,round_robin,3,348eafdd977a17b5cf564b11f3dab537e330971d9f1fc41f94ad45aac7657855,4,0,team__where_is_the_goal_keeper,,correct,1,end,,,BONUS
20260222T172858Z_u73ksbm,stanford-college-plus-science-bowl,round_robin,3,348eafdd977a17b5cf564b11f3dab537e330971d9f1fc41f94ad45aac7657855,5,0,team__cmu,player__peter_ferolito,correct,0,option,6,1,rivers
20260222T172858Z_u73ksbm,stanford-college-plus-science-bowl,round_robin,3,348eafdd977a17b5cf564b11f3dab537e330971d9f1fc41f94ad45aac7657855,6,0,team__cmu,,incorrect,1,end,,,BONUS
20260222T172858Z_u73ksbm,stanford-college-plus-science-bowl,round_robin,3,348eafdd977a17b5cf564b11f3dab537e330971d9f1fc41f94ad45aac7657855,7,0,team__cmu,player__josh_shi,correct,1,end,,,END
20260222T172858Z_u73ksbm,stanford-college-plus-science-bowl,round_robin,3,348eafdd977a17b5cf564b11f3dab537e330971d9f1fc41f94ad45aac7657855,8,0,team__cmu,,correct,1,end,,,BONUS
20260222T172858Z_u73ksbm,stanford-college-plus-science-bowl,round_robin,3,348eafdd977a17b5cf564b11f3dab537e330971d9f1fc41f94ad45aac7657855,9,0,team__cmu,player__peter_ferolito,correct,0,option,-1,2,Y
20260222T172858Z_u73ksbm,stanford-college-plus-science-bowl,round_robin,3,348eafdd977a17b5cf564b11f3dab537e330971d9f1fc41f94ad45aac7657855,10,0,team__cmu,,correct,1,end,,,BONUS
20260222T172858Z_u73ksbm,stanford-college-plus-science-bowl,round_robin,3,348eafdd977a17b5cf564b11f3dab537e330971d9f1fc41f94ad45aac7657855,11,0,team__cmu,player__peter_ferolito,correct,0,option,0,1,Geothermal
20260222T172858Z_u73ksbm,stanford-college-plus-science-bowl,round_robin,3,348eafdd977a17b5cf564b11f3dab537e330971d9f1fc41f94ad45aac7657855,12,0,team__cmu,,correct,1,end,,,BONUS
20260222T172858Z_u73ksbm,stanford-college-plus-science-bowl,round_robin,3,348eafdd977a17b5cf564b11f3dab537e330971d9f1fc41f94ad45aac7657855,13,0,team__cmu,player__peter_ferolito,correct,0,option,-1,2,Y
20260222T172858Z_u73ksbm,stanford-college-plus-science-bowl,round_robin,3,348eafdd977a17b5cf564b11f3dab537e330971d9f1fc41f94ad45aac7657855,14,0,team__cmu,,correct,1,end,,,BONUS
20260222T172858Z_u73ksbm,stanford-college-plus-science-bowl,round_robin,3,348eafdd977a17b5cf564b11f3dab537e330971d9f1fc41f94ad45aac7657855,15,0,team__cmu,player__josh_shi,correct,0,option,2,0,is
20260222T172858Z_u73ksbm,stanford-college-plus-science-bowl,round_robin,3,348eafdd977a17b5cf564b11f3dab537e330971d9f1fc41f94ad45aac7657855,16,0,team__cmu,,correct,1,end,,,BONUS
20260222T172858Z_u73ksbm,stanford-college-plus-science-bowl,round_robin,3,348eafdd977a17b5cf564b11f3dab537e330971d9f1fc41f94ad45aac7657855,17,0,team__cmu,player__josh_shi,correct,0,option,-1,3,Z
20260222T172858Z_u73ksbm,stanford-college-plus-science-bowl,round_robin,3,348eafdd977a17b5cf564b11f3dab537e330971d9f1fc41f94ad45aac7657855,18,0,team__cmu,,correct,1,end,,,BONUS
20260222T172858Z_u73ksbm,stanford-college-plus-science-bowl,round_robin,3,348eafdd977a17b5cf564b11f3dab537e330971d9f1fc41f94ad45aac7657855,19,0,team__cmu,player__josh_shi,incorrect,0,question,9,,atomic
20260222T172858Z_u73ksbm,stanford-college-plus-science-bowl,round_robin,3,348eafdd977a17b5cf564b11f3dab537e330971d9f1fc41f94ad45aac7657855,19,1,team__where_is_the_goal_keeper,player__daniel_lu,correct,1,end,,,END
20260222T172858Z_u73ksbm,stanford-college-plus-science-bowl,round_robin,3,348eafdd977a17b5cf564b11f3dab537e330971d9f1fc41f94ad45aac7657855,20,0,team__where_is_the_goal_keeper,,correct,1,end,,,BONUS
20260222T172858Z_u73ksbm,stanford-college-plus-science-bowl,round_robin,3,348eafdd977a17b5cf564b11f3dab537e330971d9f1fc41f94ad45aac7657855,21,0,team__cmu,player__peter_ferolito,correct,0,question,38,,of
20260222T172858Z_u73ksbm,stanford-college-plus-science-bowl,round_robin,3,348eafdd977a17b5cf564b11f3dab537e330971d9f1fc41f94ad45aac7657855,22,0,team__cmu,,correct,1,end,,,BONUS
20260222T172858Z_u73ksbm,stanford-college-plus-science-bowl,round_robin,3,348eafdd977a17b5cf564b11f3dab537e330971d9f1fc41f94ad45aac7657855,23,0,team__cmu,player__vidur_kothur,correct,0,question,29,,islands
20260222T172858Z_u73ksbm,stanford-college-plus-science-bowl,round_robin,3,348eafdd977a17b5cf564b11f3dab537e330971d9f1fc41f94ad45aac7657855,24,0,team__cmu,,correct,1,end,,,BONUS
20260222T172858Z_u73ksbm,stanford-college-plus-science-bowl,round_robin,3,348eafdd977a17b5cf564b11f3dab537e330971d9f1fc41f94ad45aac7657855,25,0,team__cmu,player__vidur_kothur,incorrect,0,question,13,,site
20260222T172858Z_u73ksbm,stanford-college-plus-science-bowl,round_robin,3,348eafdd977a17b5cf564b11f3dab537e330971d9f1fc41f94ad45aac7657855,25,1,team__where_is_the_goal_keeper,player__daniel_lu,incorrect,1,end,,,END
20260222T172858Z_u73ksbm,stanford-college-plus-science-bowl,round_robin,3,348eafdd977a17b5cf564b11f3dab537e330971d9f1fc41f94ad45aac7657855,27,0,team__cmu,player__peter_ferolito,incorrect,0,question,48,,resistor;
20260222T172858Z_u73ksbm,stanford-college-plus-science-bowl,round_robin,3,348eafdd977a17b5cf564b11f3dab537e330971d9f1fc41f94ad45aac7657855,27,1,team__where_is_the_goal_keeper,player__daniel_lu,correct,1,end,,,END
20260222T172858Z_u73ksbm,stanford-college-plus-science-bowl,round_robin,3,348eafdd977a17b5cf564b11f3dab537e330971d9f1fc41f94ad45aac7657855,28,0,team__where_is_the_goal_keeper,,correct,1,end,,,BONUS
20260222T172858Z_u73ksbm,stanford-college-plus-science-bowl,round_robin,3,348eafdd977a17b5cf564b11f3dab537e330971d9f1fc41f94ad45aac7657855,29,0,team__where_is_the_goal_keeper,player__isaac_mammel,incorrect,1,end,,,END
20260222T172858Z_u73ksbm,stanford-college-plus-science-bowl,round_robin,3,348eafdd977a17b5cf564b11f3dab537e330971d9f1fc41f94ad45aac7657855,29,1,team__cmu,player__josh_shi,correct,1,end,,,END
20260222T172858Z_u73ksbm,stanford-college-plus-science-bowl,round_robin,3,348eafdd977a17b5cf564b11f3dab537e330971d9f1fc41f94ad45aac7657855,30,0,team__cmu,,correct,1,end,,,BONUS
20260222T172858Z_u73ksbm,stanford-college-plus-science-bowl,round_robin,3,348eafdd977a17b5cf564b11f3dab537e330971d9f1fc41f94ad45aac7657855,31,0,team__cmu,player__josh_shi,correct,0,option,6,0,gallium
20260222T172858Z_u73ksbm,stanford-college-plus-science-bowl,round_robin,3,348eafdd977a17b5cf564b11f3dab537e330971d9f1fc41f94ad45aac7657855,32,0,team__cmu,,correct,1,end,,,BONUS
20260222T172858Z_u73ksbm,stanford-college-plus-science-bowl,round_robin,3,348eafdd977a17b5cf564b11f3dab537e330971d9f1fc41f94ad45aac7657855,33,0,team__cmu,player__peter_ferolito,correct,0,question,32,,discount.
20260222T172858Z_u73ksbm,stanford-college-plus-science-bowl,round_robin,3,348eafdd977a17b5cf564b11f3dab537e330971d9f1fc41f94ad45aac7657855,34,0,team__cmu,,correct,1,end,,,BONUS
20260222T172858Z_u73ksbm,stanford-college-plus-science-bowl,round_robin,3,348eafdd977a17b5cf564b11f3dab537e330971d9f1fc41f94ad45aac7657855,35,0,team__where_is_the_goal_keeper,player__daniel_lu,correct,0,option,5,2,decreasing
20260222T172858Z_u73ksbm,stanford-college-plus-science-bowl,round_robin,3,348eafdd977a17b5cf564b11f3dab537e330971d9f1fc41f94ad45aac7657855,36,0,team__where_is_the_goal_keeper,,incorrect,1,end,,,BONUS
20260222T172858Z_u73ksbm,stanford-college-plus-science-bowl,round_robin,3,348eafdd977a17b5cf564b11f3dab537e330971d9f1fc41f94ad45aac7657855,37,0,team__where_is_the_goal_keeper,player__daniel_lu,correct,1,end,,,END
20260222T172858Z_u73ksbm,stanford-college-plus-science-bowl,round_robin,3,348eafdd977a17b5cf564b11f3dab537e330971d9f1fc41f94ad45aac7657855,38,0,team__where_is_the_goal_keeper,,correct,1,end,,,BONUS
20260222T172858Z_u73ksbm,stanford-college-plus-science-bowl,round_robin,3,348eafdd977a17b5cf564b11f3dab537e330971d9f1fc41f94ad45aac7657855,39,0,team__where_is_the_goal_keeper,player__daniel_lu,incorrect,0,question,27,,notices
20260222T172858Z_u73ksbm,stanford-college-plus-science-bowl,round_robin,3,348eafdd977a17b5cf564b11f3dab537e330971d9f1fc41f94ad45aac7657855,39,1,team__cmu,player__josh_shi,correct,1,end,,,END
20260222T172858Z_u73ksbm,stanford-college-plus-science-bowl,round_robin,3,348eafdd977a17b5cf564b11f3dab537e330971d9f1fc41f94ad45aac7657855,40,0,team__cmu,,incorrect,1,end,,,BONUS
20260222T172858Z_u73ksbm,stanford-college-plus-science-bowl,round_robin,3,348eafdd977a17b5cf564b11f3dab537e330971d9f1fc41f94ad45aac7657855,41,0,team__where_is_the_goal_keeper,player__adeeb_mohammed,correct,0,option,6,2,differentiated
20260222T172858Z_u73ksbm,stanford-college-plus-science-bowl,round_robin,3,348eafdd977a17b5cf564b11f3dab537e330971d9f1fc41f94ad45aac7657855,42,0,team__where_is_the_goal_keeper,,incorrect,1,end,,,BONUS
20260222T172858Z_u73ksbm,stanford-college-plus-science-bowl,round_robin,3,348eafdd977a17b5cf564b11f3dab537e330971d9f1fc41f94ad45aac7657855,43,0,team__where_is_the_goal_keeper,player__daniel_lu,correct,0,option,-1,1,X
20260222T172858Z_u73ksbm,stanford-college-plus-science-bowl,round_robin,3,348eafdd977a17b5cf564b11f3dab537e330971d9f1fc41f94ad45aac7657855,44,0,team__where_is_the_goal_keeper,,correct,1,end,,,BONUS
20260222T172858Z_u73ksbm,stanford-college-plus-science-bowl,round_robin,3,348eafdd977a17b5cf564b11f3dab537e330971d9f1fc41f94ad45aac7657855,45,0,team__where_is_the_goal_keeper,player__isaac_mammel,correct,1,end,,,END
20260222T172858Z_u73ksbm,stanford-college-plus-science-bowl,round_robin,3,348eafdd977a17b5cf564b11f3dab537e330971d9f1fc41f94ad45aac7657855,46,0,team__where_is_the_goal_keeper,,incorrect,1,end,,,BONUS
20260222T180610Z_9z52ar3,stanford-college-plus-science-bowl,round_robin,4,01d779d8e26112edff2690e6cd938be1e776f6dedf2cf2c91a34ce6339276371,1,0,team__mit_team_2,player__sean_fei,correct,0,question,7,,"ripening,"
20260222T180610Z_9z52ar3,stanford-college-plus-science-bowl,round_robin,4,01d779d8e26112edff2690e6cd938be1e776f6dedf2cf2c91a34ce6339276371,2,0,team__mit_team_2,,correct,1,end,,,BONUS
20260222T180610Z_9z52ar3,stanford-college-plus-science-bowl,round_robin,4,01d779d8e26112edff2690e6cd938be1e776f6dedf2cf2c91a34ce6339276371,3,0,team__where_is_the_goal_keeper,player__daniel_lu,correct,0,option,2,2,and
20260222T180610Z_9z52ar3,stanford-college-plus-science-bowl,round_robin,4,01d779d8e26112edff2690e6cd938be1e776f6dedf2cf2c91a34ce6339276371,4,0,team__where_is_the_goal_keeper,,incorrect,1,end,,,BONUS
20260222T180610Z_9z52ar3,stanford-college-plus-science-bowl,round_robin,4,01d779d8e26112edff2690e6cd938be1e776f6dedf2cf2c91a34ce6339276371,5,0,team__mit_team_2,player__sean_fei,correct,1,end,,,END
20260222T180610Z_9z52ar3,stanford-college-plus-science-bowl,round_robin,4,01d779d8e26112edff2690e6cd938be1e776f6dedf2cf2c91a34ce6339276371,6,0,team__mit_team_2,,correct,1,end,,,BONUS
20260222T180610Z_9z52ar3,stanford-college-plus-science-bowl,round_robin,4,01d779d8e26112edff2690e6cd938be1e776f6dedf2cf2c91a34ce6339276371,7,0,team__mit_team_2,player__gideon_tzafriri,correct,0,option,1,0,planar
20260222T180610Z_9z52ar3,stanford-college-plus-science-bowl,round_robin,4,01d779d8e26112edff2690e6cd938be1e776f6dedf2cf2c91a34ce6339276371,8,0,team__mit_team_2,,correct,1,end,,,BONUS
20260222T180610Z_9z52ar3,stanford-college-plus-science-bowl,round_robin,4,01d779d8e26112edff2690e6cd938be1e776f6dedf2cf2c91a34ce6339276371,9,0,team__where_is_the_goal_keeper,player__isaac_mammel,incorrect,0,option,3,1,differentiable
20260222T180610Z_9z52ar3,stanford-college-plus-science-bowl,round_robin,4,01d779d8e26112edff2690e6cd938be1e776f6dedf2cf2c91a34ce6339276371,9,1,team__mit_team_2,player__aryan_bora,correct,1,end,,,END
20260222T180610Z_9z52ar3,stanford-college-plus-science-bowl,round_robin,4,01d779d8e26112edff2690e6cd938be1e776f6dedf2cf2c91a34ce6339276371,10,0,team__mit_team_2,,correct,1,end,,,BONUS
20260222T180610Z_9z52ar3,stanford-college-plus-science-bowl,round_robin,4,01d779d8e26112edff2690e6cd938be1e776f6dedf2cf2c91a34ce6339276371,11,0,team__mit_team_2,player__gideon_tzafriri,correct,1,end,,,END
20260222T180610Z_9z52ar3,stanford-college-plus-science-bowl,round_robin,4,01d779d8e26112edff2690e6cd938be1e776f6dedf2cf2c91a34ce6339276371,12,0,team__mit_team_2,,correct,1,end,,,BONUS
20260222T180610Z_9z52ar3,stanford-college-plus-science-bowl,round_robin,4,01d779d8e26112edff2690e6cd938be1e776f6dedf2cf2c91a34ce6339276371,13,0,team__mit_team_2,player__sean_fei,correct,0,question,10,,axon
20260222T180610Z_9z52ar3,stanford-college-plus-science-bowl,round_robin,4,01d779d8e26112edff2690e6cd938be1e776f6dedf2cf2c91a34ce6339276371,14,0,team__mit_team_2,,correct,1,end,,,BONUS
20260222T180610Z_9z52ar3,stanford-college-plus-science-bowl,round_robin,4,01d779d8e26112edff2690e6cd938be1e776f6dedf2cf2c91a34ce6339276371,15,0,team__where_is_the_goal_keeper,player__daniel_lu,correct,0,question,15,,quantity
20260222T180610Z_9z52ar3,stanford-college-plus-science-bowl,round_robin,4,01d779d8e26112edff2690e6cd938be1e776f6dedf2cf2c91a34ce6339276371,16,0,team__where_is_the_goal_keeper,,correct,1,end,,,BONUS
20260222T180610Z_9z52ar3,stanford-college-plus-science-bowl,round_robin,4,01d779d8e26112edff2690e6cd938be1e776f6dedf2cf2c91a34ce6339276371,17,0,team__mit_team_2,player__aryan_bora,correct,0,option,4,1,biological
20260222T180610Z_9z52ar3,stanford-college-plus-science-bowl,round_robin,4,01d779d8e26112edff2690e6cd938be1e776f6dedf2cf2c91a34ce6339276371,18,0,team__mit_team_2,,correct,1,end,,,BONUS
20260222T180610Z_9z52ar3,stanford-college-plus-science-bowl,round_robin,4,01d779d8e26112edff2690e6cd938be1e776f6dedf2cf2c91a34ce6339276371,19,0,team__mit_team_2,player__gideon_tzafriri,correct,0,option,4,1,decreases
20260222T180610Z_9z52ar3,stanford-college-plus-science-bowl,round_robin,4,01d779d8e26112edff2690e6cd938be1e776f6dedf2cf2c91a34ce6339276371,20,0,team__mit_team_2,,incorrect,1,end,,,BONUS
20260222T180610Z_9z52ar3,stanford-college-plus-science-bowl,round_robin,4,01d779d8e26112edff2690e6cd938be1e776f6dedf2cf2c91a34ce6339276371,21,0,team__mit_team_2,player__aryan_bora,correct,1,end,,,END
20260222T180610Z_9z52ar3,stanford-college-plus-science-bowl,round_robin,4,01d779d8e26112edff2690e6cd938be1e776f6dedf2cf2c91a34ce6339276371,22,0,team__mit_team_2,,correct,1,end,,,BONUS
20260222T180610Z_9z52ar3,stanford-college-plus-science-bowl,round_robin,4,01d779d8e26112edff2690e6cd938be1e776f6dedf2cf2c91a34ce6339276371,23,0,team__mit_team_2,player__sean_fei,correct,0,option,0,1,Orthogonal
20260222T180610Z_9z52ar3,stanford-college-plus-science-bowl,round_robin,4,01d779d8e26112edff2690e6cd938be1e776f6dedf2cf2c91a34ce6339276371,24,0,team__mit_team_2,,incorrect,1,end,,,BONUS
20260222T180610Z_9z52ar3,stanford-college-plus-science-bowl,round_robin,4,01d779d8e26112edff2690e6cd938be1e776f6dedf2cf2c91a34ce6339276371,25,0,team__mit_team_2,player__aryan_bora,incorrect,0,option,1,1,reticulum
20260222T180610Z_9z52ar3,stanford-college-plus-science-bowl,round_robin,4,01d779d8e26112edff2690e6cd938be1e776f6dedf2cf2c91a34ce6339276371,25,1,team__where_is_the_goal_keeper,player__saahil_dugar,correct,1,end,,,END
20260222T180610Z_9z52ar3,stanford-college-plus-science-bowl,round_robin,4,01d779d8e26112edff2690e6cd938be1e776f6dedf2cf2c91a34ce6339276371,26,0,team__where_is_the_goal_keeper,,correct,1,end,,,BONUS
20260222T180610Z_9z52ar3,stanford-college-plus-science-bowl,round_robin,4,01d779d8e26112edff2690e6cd938be1e776f6dedf2cf2c91a34ce6339276371,27,0,team__mit_team_2,player__gideon_tzafriri,correct,0,question,29,,statements
20260222T180610Z_9z52ar3,stanford-college-plus-science-bowl,round_robin,4,01d779d8e26112edff2690e6cd938be1e776f6dedf2cf2c91a34ce6339276371,28,0,team__mit_team_2,,correct,1,end,,,BONUS
20260222T180610Z_9z52ar3,stanford-college-plus-science-bowl,round_robin,4,01d779d8e26112edff2690e6cd938be1e776f6dedf2cf2c91a34ce6339276371,29,0,team__mit_team_2,player__sean_fei,correct,0,question,15,,limit
20260222T180610Z_9z52ar3,stanford-college-plus-science-bowl,round_robin,4,01d779d8e26112edff2690e6cd938be1e776f6dedf2cf2c91a34ce6339276371,30,0,team__mit_team_2,,incorrect,1,end,,,BONUS
20260222T180610Z_9z52ar3,stanford-college-plus-science-bowl,round_robin,4,01d779d8e26112edff2690e6cd938be1e776f6dedf2cf2c91a34ce6339276371,31,0,team__mit_team_2,player__gideon_tzafriri,correct,0,question,5,,cell
20260222T180610Z_9z52ar3,stanford-college-plus-science-bowl,round_robin,4,01d779d8e26112edff2690e6cd938be1e776f6dedf2cf2c91a34ce6339276371,32,0,team__mit_team_2,,correct,1,end,,,BONUS
20260222T180610Z_9z52ar3,stanford-college-plus-science-bowl,round_robin,4,01d779d8e26112edff2690e6cd938be1e776f6dedf2cf2c91a34ce6339276371,33,0,team__mit_team_2,player__gideon_tzafriri,correct,1,end,,,END
20260222T180610Z_9z52ar3,stanford-college-plus-science-bowl,round_robin,4,01d779d8e26112edff2690e6cd938be1e776f6dedf2cf2c91a34ce6339276371,34,0,team__mit_team_2,,incorrect,1,end,,,BONUS
20260222T180610Z_9z52ar3,stanford-college-plus-science-bowl,round_robin,4,01d779d8e26112edff2690e6cd938be1e776f6dedf2cf2c91a34ce6339276371,35,0,team__where_is_the_goal_keeper,player__saahil_dugar,incorrect,0,option,8,2,along
20260222T180610Z_9z52ar3,stanford-college-plus-science-bowl,round_robin,4,01d779d8e26112edff2690e6cd938be1e776f6dedf2cf2c91a34ce6339276371,35,1,team__mit_team_2,player__gideon_tzafriri,incorrect,1,end,,,END
20260222T180610Z_9z52ar3,stanford-college-plus-science-bowl,round_robin,4,01d779d8e26112edff2690e6cd938be1e776f6dedf2cf2c91a34ce6339276371,37,0,team__mit_team_2,player__gideon_tzafriri,correct,0,question,14,,down
20260222T180610Z_9z52ar3,stanford-college-plus-science-bowl,round_robin,4,01d779d8e26112edff2690e6cd938be1e776f6dedf2cf2c91a34ce6339276371,38,0,team__mit_team_2,,correct,1,end,,,BONUS
20260222T180610Z_9z52ar3,stanford-college-plus-science-bowl,round_robin,4,01d779d8e26112edff2690e6cd938be1e776f6dedf2cf2c91a34ce6339276371,39,0,team__where_is_the_goal_keeper,player__daniel_lu,correct,0,option,0,1,1/r²
20260222T180610Z_9z52ar3,stanford-college-plus-science-bowl,round_robin,4,01d779d8e26112edff2690e6cd938be1e776f6dedf2cf2c91a34ce6339276371,40,0,team__where_is_the_goal_keeper,,correct,1,end,,,BONUS
20260222T180610Z_9z52ar3,stanford-college-plus-science-bowl,round_robin,4,01d779d8e26112edff2690e6cd938be1e776f6dedf2cf2c91a34ce6339276371,41,0,team__where_is_the_goal_keeper,player__saahil_dugar,incorrect,0,option,0,0,Anthracite
20260222T180610Z_9z52ar3,stanford-college-plus-science-bowl,round_robin,4,01d779d8e26112edff2690e6cd938be1e776f6dedf2cf2c91a34ce6339276371,41,1,team__mit_team_2,player__gideon_tzafriri,correct,1,end,,,END
20260222T180610Z_9z52ar3,stanford-college-plus-science-bowl,round_robin,4,01d779d8e26112edff2690e6cd938be1e776f6dedf2cf2c91a34ce6339276371,42,0,team__mit_team_2,,incorrect,1,end,,,BONUS
20260222T180610Z_9z52ar3,stanford-college-plus-science-bowl,round_robin,4,01d779d8e26112edff2690e6cd938be1e776f6dedf2cf2c91a34ce6339276371,43,0,team__mit_team_2,player__gideon_tzafriri,correct,0,option,0,2,MgO
20260222T180610Z_9z52ar3,stanford-college-plus-science-bowl,round_robin,4,01d779d8e26112edff2690e6cd938be1e776f6dedf2cf2c91a34ce6339276371,44,0,team__mit_team_2,,incorrect,1,end,,,BONUS
20260222T180610Z_9z52ar3,stanford-college-plus-science-bowl,round_robin,4,01d779d8e26112edff2690e6cd938be1e776f6dedf2cf2c91a34ce6339276371,45,0,team__where_is_the_goal_keeper,player__saahil_dugar,correct,0,question,23,,cats
20260222T180610Z_9z52ar3,stanford-college-plus-science-bowl,round_robin,4,01d779d8e26112edff2690e6cd938be1e776f6dedf2cf2c91a34ce6339276371,46,0,team__where_is_the_goal_keeper,,incorrect,1,end,,,BONUS
20260222T181247Z_kmrzwjt,stanford-college-plus-science-bowl,round_robin,4,01d779d8e26112edff2690e6cd938be1e776f6dedf2cf2c91a34ce6339276371,1,0,team__university_of_alabama_birmingham,player__akhil_batchu,correct,0,question,6,,fruit
20260222T181247Z_kmrzwjt,stanford-college-plus-science-bowl,round_robin,4,01d779d8e26112edff2690e6cd938be1e776f6dedf2cf2c91a34ce6339276371,2,0,team__university_of_alabama_birmingham,,correct,1,end,,,BONUS
20260222T181247Z_kmrzwjt,stanford-college-plus-science-bowl,round_robin,4,01d779d8e26112edff2690e6cd938be1e776f6dedf2cf2c91a34ce6339276371,3,0,team__university_of_alabama_birmingham,player__akhil_batchu,correct,0,option,4,2,than
20260222T181247Z_kmrzwjt,stanford-college-plus-science-bowl,round_robin,4,01d779d8e26112edff2690e6cd938be1e776f6dedf2cf2c91a34ce6339276371,4,0,team__university_of_alabama_birmingham,,incorrect,1,end,,,BONUS
20260222T181247Z_kmrzwjt,stanford-college-plus-science-bowl,round_robin,4,01d779d8e26112edff2690e6cd938be1e776f6dedf2cf2c91a34ce6339276371,5,0,team__university_of_alabama_birmingham,player__akhil_batchu,correct,1,end,,,END
20260222T181247Z_kmrzwjt,stanford-college-plus-science-bowl,round_robin,4,01d779d8e26112edff2690e6cd938be1e776f6dedf2cf2c91a34ce6339276371,6,0,team__university_of_alabama_birmingham,,correct,1,end,,,BONUS
20260222T181247Z_kmrzwjt,stanford-college-plus-science-bowl,round_robin,4,01d779d8e26112edff2690e6cd938be1e776f6dedf2cf2c91a34ce6339276371,7,0,team__university_of_alabama_birmingham,player__akhil_batchu,correct,0,option,-1,0,W
20260222T181247Z_kmrzwjt,stanford-college-plus-science-bowl,round_robin,4,01d779d8e26112edff2690e6cd938be1e776f6dedf2cf2c91a34ce6339276371,8,0,team__university_of_alabama_birmingham,,correct,1,end,,,BONUS
20260222T181247Z_kmrzwjt,stanford-college-plus-science-bowl,round_robin,4,01d779d8e26112edff2690e6cd938be1e776f6dedf2cf2c91a34ce6339276371,9,0,team__university_of_alabama_birmingham,player__akhil_batchu,correct,0,option,3,0,differentiable
20260222T181247Z_kmrzwjt,stanford-college-plus-science-bowl,round_robin,4,01d779d8e26112edff2690e6cd938be1e776f6dedf2cf2c91a34ce6339276371,10,0,team__university_of_alabama_birmingham,,correct,1,end,,,BONUS
20260222T181247Z_kmrzwjt,stanford-college-plus-science-bowl,round_robin,4,01d779d8e26112edff2690e6cd938be1e776f6dedf2cf2c91a34ce6339276371,11,0,team__university_of_alabama_birmingham,player__akhil_batchu,incorrect,0,question,30,,overlaps:
20260222T181247Z_kmrzwjt,stanford-college-plus-science-bowl,round_robin,4,01d779d8e26112edff2690e6cd938be1e776f6dedf2cf2c91a34ce6339276371,11,1,team__cmu,player__vidur_kothur,correct,1,end,,,END
20260222T181247Z_kmrzwjt,stanford-college-plus-science-bowl,round_robin,4,01d779d8e26112edff2690e6cd938be1e776f6dedf2cf2c91a34ce6339276371,12,0,team__cmu,,correct,1,end,,,BONUS
20260222T181247Z_kmrzwjt,stanford-college-plus-science-bowl,round_robin,4,01d779d8e26112edff2690e6cd938be1e776f6dedf2cf2c91a34ce6339276371,13,0,team__university_of_alabama_birmingham,player__akhil_batchu,correct,0,question,15,,lipid
20260222T181247Z_kmrzwjt,stanford-college-plus-science-bowl,round_robin,4,01d779d8e26112edff2690e6cd938be1e776f6dedf2cf2c91a34ce6339276371,14,0,team__university_of_alabama_birmingham,,incorrect,1,end,,,BONUS
20260222T181247Z_kmrzwjt,stanford-college-plus-science-bowl,round_robin,4,01d779d8e26112edff2690e6cd938be1e776f6dedf2cf2c91a34ce6339276371,15,0,team__cmu,player__josh_shi,correct,0,question,17,,a
20260222T181247Z_kmrzwjt,stanford-college-plus-science-bowl,round_robin,4,01d779d8e26112edff2690e6cd938be1e776f6dedf2cf2c91a34ce6339276371,16,0,team__cmu,,correct,1,end,,,BONUS
20260222T181247Z_kmrzwjt,stanford-college-plus-science-bowl,round_robin,4,01d779d8e26112edff2690e6cd938be1e776f6dedf2cf2c91a34ce6339276371,17,0,team__university_of_alabama_birmingham,player__akhil_batchu,correct,0,option,5,2,leached
20260222T181247Z_kmrzwjt,stanford-college-plus-science-bowl,round_robin,4,01d779d8e26112edff2690e6cd938be1e776f6dedf2cf2c91a34ce6339276371,18,0,team__university_of_alabama_birmingham,,incorrect,1,end,,,BONUS
20260222T181247Z_kmrzwjt,stanford-college-plus-science-bowl,round_robin,4,01d779d8e26112edff2690e6cd938be1e776f6dedf2cf2c91a34ce6339276371,19,0,team__cmu,player__josh_shi,incorrect,0,option,4,1,decreases
20260222T181247Z_kmrzwjt,stanford-college-plus-science-bowl,round_robin,4,01d779d8e26112edff2690e6cd938be1e776f6dedf2cf2c91a34ce6339276371,19,1,team__university_of_alabama_birmingham,player__akhil_batchu,incorrect,1,end,,,END
20260222T181247Z_kmrzwjt,stanford-college-plus-science-bowl,round_robin,4,01d779d8e26112edff2690e6cd938be1e776f6dedf2cf2c91a34ce6339276371,21,0,team__cmu,player__peter_ferolito,correct,1,end,,,END
20260222T181247Z_kmrzwjt,stanford-college-plus-science-bowl,round_robin,4,01d779d8e26112edff2690e6cd938be1e776f6dedf2cf2c91a34ce6339276371,22,0,team__cmu,,correct,1,end,,,BONUS
20260222T181247Z_kmrzwjt,stanford-college-plus-science-bowl,round_robin,4,01d779d8e26112edff2690e6cd938be1e776f6dedf2cf2c91a34ce6339276371,23,0,team__cmu,player__vidur_kothur,incorrect,0,option,0,0,Perpendicular
20260222T181247Z_kmrzwjt,stanford-college-plus-science-bowl,round_robin,4,01d779d8e26112edff2690e6cd938be1e776f6dedf2cf2c91a34ce6339276371,23,1,team__university_of_alabama_birmingham,player__akhil_batchu,correct,1,end,,,END
20260222T181247Z_kmrzwjt,stanford-college-plus-science-bowl,round_robin,4,01d779d8e26112edff2690e6cd938be1e776f6dedf2cf2c91a34ce6339276371,24,0,team__university_of_alabama_birmingham,,incorrect,1,end,,,BONUS
20260222T181247Z_kmrzwjt,stanford-college-plus-science-bowl,round_robin,4,01d779d8e26112edff2690e6cd938be1e776f6dedf2cf2c91a34ce6339276371,25,0,team__university_of_alabama_birmingham,player__akhil_batchu,incorrect,1,end,,,END
20260222T181247Z_kmrzwjt,stanford-college-plus-science-bowl,round_robin,4,01d779d8e26112edff2690e6cd938be1e776f6dedf2cf2c91a34ce6339276371,25,1,team__cmu,player__peter_ferolito,incorrect,1,end,,,END
20260222T181247Z_kmrzwjt,stanford-college-plus-science-bowl,round_robin,4,01d779d8e26112edff2690e6cd938be1e776f6dedf2cf2c91a34ce6339276371,27,0,team__cmu,player__vidur_kothur,correct,1,end,,,END
20260222T181247Z_kmrzwjt,stanford-college-plus-science-bowl,round_robin,4,01d779d8e26112edff2690e6cd938be1e776f6dedf2cf2c91a34ce6339276371,28,0,team__cmu,,incorrect,1,end,,,BONUS
20260222T181247Z_kmrzwjt,stanford-college-plus-science-bowl,round_robin,4,01d779d8e26112edff2690e6cd938be1e776f6dedf2cf2c91a34ce6339276371,29,0,team__cmu,player__vidur_kothur,incorrect,0,question,17,,below
20260222T181247Z_kmrzwjt,stanford-college-plus-science-bowl,round_robin,4,01d779d8e26112edff2690e6cd938be1e776f6dedf2cf2c91a34ce6339276371,29,1,team__university_of_alabama_birmingham,player__akhil_batchu,correct,1,end,,,END
20260222T181247Z_kmrzwjt,stanford-college-plus-science-bowl,round_robin,4,01d779d8e26112edff2690e6cd938be1e776f6dedf2cf2c91a34ce6339276371,30,0,team__university_of_alabama_birmingham,,correct,1,end,,,BONUS
20260222T181247Z_kmrzwjt,stanford-college-plus-science-bowl,round_robin,4,01d779d8e26112edff2690e6cd938be1e776f6dedf2cf2c91a34ce6339276371,31,0,team__cmu,player__josh_shi,correct,0,question,10,,migration
20260222T181247Z_kmrzwjt,stanford-college-plus-science-bowl,round_robin,4,01d779d8e26112edff2690e6cd938be1e776f6dedf2cf2c91a34ce6339276371,32,0,team__cmu,,incorrect,1,end,,,BONUS
20260222T181247Z_kmrzwjt,stanford-college-plus-science-bowl,round_robin,4,01d779d8e26112edff2690e6cd938be1e776f6dedf2cf2c91a34ce6339276371,33,0,team__cmu,player__peter_ferolito,correct,1,end,,,END
20260222T181247Z_kmrzwjt,stanford-college-plus-science-bowl,round_robin,4,01d779d8e26112edff2690e6cd938be1e776f6dedf2cf2c91a34ce6339276371,34,0,team__cmu,,correct,1,end,,,BONUS
20260222T181247Z_kmrzwjt,stanford-college-plus-science-bowl,round_robin,4,01d779d8e26112edff2690e6cd938be1e776f6dedf2cf2c91a34ce6339276371,35,0,team__university_of_alabama_birmingham,player__akhil_batchu,correct,1,end,,,END
20260222T181247Z_kmrzwjt,stanford-college-plus-science-bowl,round_robin,4,01d779d8e26112edff2690e6cd938be1e776f6dedf2cf2c91a34ce6339276371,36,0,team__university_of_alabama_birmingham,,incorrect,1,end,,,BONUS
20260222T181247Z_kmrzwjt,stanford-college-plus-science-bowl,round_robin,4,01d779d8e26112edff2690e6cd938be1e776f6dedf2cf2c91a34ce6339276371,37,0,team__cmu,player__peter_ferolito,correct,0,question,11,,matter
20260222T181247Z_kmrzwjt,stanford-college-plus-science-bowl,round_robin,4,01d779d8e26112edff2690e6cd938be1e776f6dedf2cf2c91a34ce6339276371,38,0,team__cmu,,correct,1,end,,,BONUS
20260222T181247Z_kmrzwjt,stanford-college-plus-science-bowl,round_robin,4,01d779d8e26112edff2690e6cd938be1e776f6dedf2cf2c91a34ce6339276371,39,0,team__cmu,player__josh_shi,correct,0,option,0,0,1/r³
20260222T181247Z_kmrzwjt,stanford-college-plus-science-bowl,round_robin,4,01d779d8e26112edff2690e6cd938be1e776f6dedf2cf2c91a34ce6339276371,40,0,team__cmu,,incorrect,1,end,,,BONUS
20260222T181247Z_kmrzwjt,stanford-college-plus-science-bowl,round_robin,4,01d779d8e26112edff2690e6cd938be1e776f6dedf2cf2c91a34ce6339276371,41,0,team__university_of_alabama_birmingham,player__akhil_batchu,correct,0,option,0,3,Lignite
20260222T181247Z_kmrzwjt,stanford-college-plus-science-bowl,round_robin,4,01d779d8e26112edff2690e6cd938be1e776f6dedf2cf2c91a34ce6339276371,42,0,team__university_of_alabama_birmingham,,correct,1,end,,,BONUS
20260222T181247Z_kmrzwjt,stanford-college-plus-science-bowl,round_robin,4,01d779d8e26112edff2690e6cd938be1e776f6dedf2cf2c91a34ce6339276371,43,0,team__university_of_alabama_birmingham,player__akhil_batchu,correct,0,option,0,2,MgO
20260222T181247Z_kmrzwjt,stanford-college-plus-science-bowl,round_robin,4,01d779d8e26112edff2690e6cd938be1e776f6dedf2cf2c91a34ce6339276371,44,0,team__university_of_alabama_birmingham,,incorrect,1,end,,,BONUS
20260222T181247Z_kmrzwjt,stanford-college-plus-science-bowl,round_robin,4,01d779d8e26112edff2690e6cd938be1e776f6dedf2cf2c91a34ce6339276371,45,0,team__cmu,player__peter_ferolito,correct,0,question,22,,like
20260222T181247Z_kmrzwjt,stanford-college-plus-science-bowl,round_robin,4,01d779d8e26112edff2690e6cd938be1e776f6dedf2cf2c91a34ce6339276371,46,0,team__cmu,,correct,1,end,,,BONUS
20260222T181515Z_gkgo9y3,stanford-college-plus-science-bowl,round_robin,4,01d779d8e26112edff2690e6cd938be1e776f6dedf2cf2c91a34ce6339276371,1,0,team__mit_team_1,player__yunyi_ling,correct,0,question,10,,triple
20260222T181515Z_gkgo9y3,stanford-college-plus-science-bowl,round_robin,4,01d779d8e26112edff2690e6cd938be1e776f6dedf2cf2c91a34ce6339276371,2,0,team__mit_team_1,,correct,1,end,,,BONUS
20260222T181515Z_gkgo9y3,stanford-college-plus-science-bowl,round_robin,4,01d779d8e26112edff2690e6cd938be1e776f6dedf2cf2c91a34ce6339276371,3,0,team__mit_team_1,player__yunyi_ling,incorrect,0,option,3,2,smaller
20260222T181515Z_gkgo9y3,stanford-college-plus-science-bowl,round_robin,4,01d779d8e26112edff2690e6cd938be1e776f6dedf2cf2c91a34ce6339276371,3,1,team__quizbowlers,player__swapnil_garg,correct,1,end,,,END
20260222T181515Z_gkgo9y3,stanford-college-plus-science-bowl,round_robin,4,01d779d8e26112edff2690e6cd938be1e776f6dedf2cf2c91a34ce6339276371,4,0,team__quizbowlers,,incorrect,1,end,,,BONUS
20260222T181515Z_gkgo9y3,stanford-college-plus-science-bowl,round_robin,4,01d779d8e26112edff2690e6cd938be1e776f6dedf2cf2c91a34ce6339276371,5,0,team__quizbowlers,player__shahar_schwartz,correct,1,end,,,END
20260222T181515Z_gkgo9y3,stanford-college-plus-science-bowl,round_robin,4,01d779d8e26112edff2690e6cd938be1e776f6dedf2cf2c91a34ce6339276371,6,0,team__quizbowlers,,incorrect,1,end,,,BONUS
20260222T181515Z_gkgo9y3,stanford-college-plus-science-bowl,round_robin,4,01d779d8e26112edff2690e6cd938be1e776f6dedf2cf2c91a34ce6339276371,7,0,team__mit_team_1,player__yunyi_ling,correct,0,question,10,,trifluoride?
20260222T181515Z_gkgo9y3,stanford-college-plus-science-bowl,round_robin,4,01d779d8e26112edff2690e6cd938be1e776f6dedf2cf2c91a34ce6339276371,8,0,team__mit_team_1,,incorrect,1,end,,,BONUS
20260222T181515Z_gkgo9y3,stanford-college-plus-science-bowl,round_robin,4,01d779d8e26112edff2690e6cd938be1e776f6dedf2cf2c91a34ce6339276371,9,0,team__mit_team_1,player__yunyi_ling,correct,0,option,2,0,and
20260222T181515Z_gkgo9y3,stanford-college-plus-science-bowl,round_robin,4,01d779d8e26112edff2690e6cd938be1e776f6dedf2cf2c91a34ce6339276371,10,0,team__mit_team_1,,correct,1,end,,,BONUS
20260222T181515Z_gkgo9y3,stanford-college-plus-science-bowl,round_robin,4,01d779d8e26112edff2690e6cd938be1e776f6dedf2cf2c91a34ce6339276371,11,0,team__quizbowlers,player__shahar_schwartz,incorrect,0,question,27,,without
20260222T181515Z_gkgo9y3,stanford-college-plus-science-bowl,round_robin,4,01d779d8e26112edff2690e6cd938be1e776f6dedf2cf2c91a34ce6339276371,11,1,team__mit_team_1,player__anurag_sodhi,correct,1,end,,,END
20260222T181515Z_gkgo9y3,stanford-college-plus-science-bowl,round_robin,4,01d779d8e26112edff2690e6cd938be1e776f6dedf2cf2c91a34ce6339276371,12,0,team__mit_team_1,,correct,1,end,,,BONUS
20260222T181515Z_gkgo9y3,stanford-college-plus-science-bowl,round_robin,4,01d779d8e26112edff2690e6cd938be1e776f6dedf2cf2c91a34ce6339276371,13,0,team__quizbowlers,player__rohan_shelke,correct,0,question,14,,what
20260222T181515Z_gkgo9y3,stanford-college-plus-science-bowl,round_robin,4,01d779d8e26112edff2690e6cd938be1e776f6dedf2cf2c91a34ce6339276371,14,0,team__quizbowlers,,correct,1,end,,,BONUS
20260222T181515Z_gkgo9y3,stanford-college-plus-science-bowl,round_robin,4,01d779d8e26112edff2690e6cd938be1e776f6dedf2cf2c91a34ce6339276371,15,0,team__mit_team_1,player__yunyi_ling,correct,0,question,15,,quantity
20260222T181515Z_gkgo9y3,stanford-college-plus-science-bowl,round_robin,4,01d779d8e26112edff2690e6cd938be1e776f6dedf2cf2c91a34ce6339276371,16,0,team__mit_team_1,,correct,1,end,,,BONUS
20260222T181515Z_gkgo9y3,stanford-college-plus-science-bowl,round_robin,4,01d779d8e26112edff2690e6cd938be1e776f6dedf2cf2c91a34ce6339276371,17,0,team__quizbowlers,player__swapnil_garg,incorrect,0,option,-1,1,X
20260222T181515Z_gkgo9y3,stanford-college-plus-science-bowl,round_robin,4,01d779d8e26112edff2690e6cd938be1e776f6dedf2cf2c91a34ce6339276371,17,1,team__mit_team_1,player__yunyi_ling,correct,1,end,,,END
20260222T181515Z_gkgo9y3,stanford-college-plus-science-bowl,round_robin,4,01d779d8e26112edff2690e6cd938be1e776f6dedf2cf2c91a34ce6339276371,18,0,team__mit_team_1,,incorrect,1,end,,,BONUS
20260222T181515Z_gkgo9y3,stanford-college-plus-science-bowl,round_robin,4,01d779d8e26112edff2690e6cd938be1e776f6dedf2cf2c91a34ce6339276371,19,0,team__mit_team_1,player__yunyi_ling,correct,0,option,4,1,decreases
20260222T181515Z_gkgo9y3,stanford-college-plus-science-bowl,round_robin,4,01d779d8e26112edff2690e6cd938be1e776f6dedf2cf2c91a34ce6339276371,20,0,team__mit_team_1,,correct,1,end,,,BONUS
20260222T181515Z_gkgo9y3,stanford-college-plus-science-bowl,round_robin,4,01d779d8e26112edff2690e6cd938be1e776f6dedf2cf2c91a34ce6339276371,21,0,team__mit_team_1,player__anurag_sodhi,correct,1,end,,,END
20260222T181515Z_gkgo9y3,stanford-college-plus-science-bowl,round_robin,4,01d779d8e26112edff2690e6cd938be1e776f6dedf2cf2c91a34ce6339276371,22,0,team__mit_team_1,,correct,1,end,,,BONUS
20260222T181515Z_gkgo9y3,stanford-college-plus-science-bowl,round_robin,4,01d779d8e26112edff2690e6cd938be1e776f6dedf2cf2c91a34ce6339276371,23,0,team__quizbowlers,player__swapnil_garg,incorrect,0,question,25,,vector
20260222T181515Z_gkgo9y3,stanford-college-plus-science-bowl,round_robin,4,01d779d8e26112edff2690e6cd938be1e776f6dedf2cf2c91a34ce6339276371,23,1,team__mit_team_1,player__yunyi_ling,correct,1,end,,,END
20260222T181515Z_gkgo9y3,stanford-college-plus-science-bowl,round_robin,4,01d779d8e26112edff2690e6cd938be1e776f6dedf2cf2c91a34ce6339276371,24,0,team__mit_team_1,,correct,1,end,,,BONUS
20260222T181515Z_gkgo9y3,stanford-college-plus-science-bowl,round_robin,4,01d779d8e26112edff2690e6cd938be1e776f6dedf2cf2c91a34ce6339276371,25,0,team__mit_team_1,player__anurag_sodhi,correct,1,end,,,END
20260222T181515Z_gkgo9y3,stanford-college-plus-science-bowl,round_robin,4,01d779d8e26112edff2690e6cd938be1e776f6dedf2cf2c91a34ce6339276371,26,0,team__mit_team_1,,correct,1,end,,,BONUS
20260222T181515Z_gkgo9y3,stanford-college-plus-science-bowl,round_robin,4,01d779d8e26112edff2690e6cd938be1e776f6dedf2cf2c91a34ce6339276371,27,0,team__mit_team_1,player__anurag_sodhi,correct,0,question,55,,compressive
20260222T181515Z_gkgo9y3,stanford-college-plus-science-bowl,round_robin,4,01d779d8e26112edff2690e6cd938be1e776f6dedf2cf2c91a34ce6339276371,28,0,team__mit_team_1,,correct,1,end,,,BONUS
20260222T181515Z_gkgo9y3,stanford-college-plus-science-bowl,round_robin,4,01d779d8e26112edff2690e6cd938be1e776f6dedf2cf2c91a34ce6339276371,29,0,team__mit_team_1,player__anurag_sodhi,correct,0,question,16,,but
20260222T181515Z_gkgo9y3,stanford-college-plus-science-bowl,round_robin,4,01d779d8e26112edff2690e6cd938be1e776f6dedf2cf2c91a34ce6339276371,31,0,team__mit_team_1,player__anurag_sodhi,correct,0,question,7,,allows
20260222T181515Z_gkgo9y3,stanford-college-plus-science-bowl,round_robin,4,01d779d8e26112edff2690e6cd938be1e776f6dedf2cf2c91a34ce6339276371,32,0,team__mit_team_1,,correct,1,end,,,BONUS
20260222T181515Z_gkgo9y3,stanford-college-plus-science-bowl,round_robin,4,01d779d8e26112edff2690e6cd938be1e776f6dedf2cf2c91a34ce6339276371,33,0,team__mit_team_1,player__dingwen,correct,1,end,,,END
20260222T181515Z_gkgo9y3,stanford-college-plus-science-bowl,round_robin,4,01d779d8e26112edff2690e6cd938be1e776f6dedf2cf2c91a34ce6339276371,34,0,team__mit_team_1,,incorrect,1,end,,,BONUS
20260222T181515Z_gkgo9y3,stanford-college-plus-science-bowl,round_robin,4,01d779d8e26112edff2690e6cd938be1e776f6dedf2cf2c91a34ce6339276371,35,0,team__mit_team_1,player__anurag_sodhi,incorrect,0,option,7,2,moves
20260222T181515Z_gkgo9y3,stanford-college-plus-science-bowl,round_robin,4,01d779d8e26112edff2690e6cd938be1e776f6dedf2cf2c91a34ce6339276371,35,1,team__quizbowlers,player__shahar_schwartz,correct,1,end,,,END
20260222T181515Z_gkgo9y3,stanford-college-plus-science-bowl,round_robin,4,01d779d8e26112edff2690e6cd938be1e776f6dedf2cf2c91a34ce6339276371,36,0,team__quizbowlers,,correct,1,end,,,BONUS
20260222T181515Z_gkgo9y3,stanford-college-plus-science-bowl,round_robin,4,01d779d8e26112edff2690e6cd938be1e776f6dedf2cf2c91a34ce6339276371,37,0,team__quizbowlers,player__shahar_schwartz,incorrect,0,question,10,,organic
20260222T181515Z_gkgo9y3,stanford-college-plus-science-bowl,round_robin,4,01d779d8e26112edff2690e6cd938be1e776f6dedf2cf2c91a34ce6339276371,37,1,team__mit_team_1,player__yunyi_ling,correct,1,end,,,END
20260222T181515Z_gkgo9y3,stanford-college-plus-science-bowl,round_robin,4,01d779d8e26112edff2690e6cd938be1e776f6dedf2cf2c91a34ce6339276371,38,0,team__mit_team_1,,correct,1,end,,,BONUS
20260222T181515Z_gkgo9y3,stanford-college-plus-science-bowl,round_robin,4,01d779d8e26112edff2690e6cd938be1e776f6dedf2cf2c91a34ce6339276371,39,0,team__mit_team_1,player__yunyi_ling,incorrect,0,question,27,,following
20260222T181515Z_gkgo9y3,stanford-college-plus-science-bowl,round_robin,4,01d779d8e26112edff2690e6cd938be1e776f6dedf2cf2c91a34ce6339276371,39,1,team__quizbowlers,player__swapnil_garg,correct,1,end,,,END
20260222T181515Z_gkgo9y3,stanford-college-plus-science-bowl,round_robin,4,01d779d8e26112edff2690e6cd938be1e776f6dedf2cf2c91a34ce6339276371,40,0,team__quizbowlers,,correct,1,end,,,BONUS
20260222T181515Z_gkgo9y3,stanford-college-plus-science-bowl,round_robin,4,01d779d8e26112edff2690e6cd938be1e776f6dedf2cf2c91a34ce6339276371,41,0,team__mit_team_1,player__anurag_sodhi,incorrect,0,option,-1,0,W
20260222T181515Z_gkgo9y3,stanford-college-plus-science-bowl,round_robin,4,01d779d8e26112edff2690e6cd938be1e776f6dedf2cf2c91a34ce6339276371,41,1,team__quizbowlers,player__rohan_shelke,correct,1,end,,,END
20260222T181515Z_gkgo9y3,stanford-college-plus-science-bowl,round_robin,4,01d779d8e26112edff2690e6cd938be1e776f6dedf2cf2c91a34ce6339276371,42,0,team__quizbowlers,,correct,1,end,,,BONUS
20260222T181515Z_gkgo9y3,stanford-college-plus-science-bowl,round_robin,4,01d779d8e26112edff2690e6cd938be1e776f6dedf2cf2c91a34ce6339276371,43,0,team__mit_team_1,player__yunyi_ling,correct,0,option,0,2,MgO
20260222T181515Z_gkgo9y3,stanford-college-plus-science-bowl,round_robin,4,01d779d8e26112edff2690e6cd938be1e776f6dedf2cf2c91a34ce6339276371,44,0,team__mit_team_1,,correct,1,end,,,BONUS
20260222T181515Z_gkgo9y3,stanford-college-plus-science-bowl,round_robin,4,01d779d8e26112edff2690e6cd938be1e776f6dedf2cf2c91a34ce6339276371,45,0,team__mit_team_1,player__anurag_sodhi,correct,0,question,25,,"dogs,"
20260222T181515Z_gkgo9y3,stanford-college-plus-science-bowl,round_robin,4,01d779d8e26112edff2690e6cd938be1e776f6dedf2cf2c91a34ce6339276371,46,0,team__mit_team_1,,correct,1,end,,,BONUS
20260222T185510Z_qex3p37,stanford-college-plus-science-bowl,round_robin,5,4e77344bcbe41764af50f95936b6a977c655d7001328d6239ae8ca62aece73e2,1,0,team__mit_team_2,player__sean_fei,correct,0,question,16,,to
20260222T185510Z_qex3p37,stanford-college-plus-science-bowl,round_robin,5,4e77344bcbe41764af50f95936b6a977c655d7001328d6239ae8ca62aece73e2,2,0,team__mit_team_2,,incorrect,1,end,,,BONUS
20260222T185510Z_qex3p37,stanford-college-plus-science-bowl,round_robin,5,4e77344bcbe41764af50f95936b6a977c655d7001328d6239ae8ca62aece73e2,3,0,team__mit_team_2,player__sean_fei,incorrect,0,question,11,,neurological
20260222T185510Z_qex3p37,stanford-college-plus-science-bowl,round_robin,5,4e77344bcbe41764af50f95936b6a977c655d7001328d6239ae8ca62aece73e2,3,1,team__cmu,player__josh_shi,correct,1,end,,,END
20260222T185510Z_qex3p37,stanford-college-plus-science-bowl,round_robin,5,4e77344bcbe41764af50f95936b6a977c655d7001328d6239ae8ca62aece73e2,4,0,team__cmu,,correct,1,end,,,BONUS
20260222T185510Z_qex3p37,stanford-college-plus-science-bowl,round_robin,5,4e77344bcbe41764af50f95936b6a977c655d7001328d6239ae8ca62aece73e2,5,0,team__mit_team_2,player__jonathan_huang,incorrect,1,end,,,END
20260222T185510Z_qex3p37,stanford-college-plus-science-bowl,round_robin,5,4e77344bcbe41764af50f95936b6a977c655d7001328d6239ae8ca62aece73e2,5,1,team__cmu,player__peter_ferolito,incorrect,1,end,,,END
20260222T185510Z_qex3p37,stanford-college-plus-science-bowl,round_robin,5,4e77344bcbe41764af50f95936b6a977c655d7001328d6239ae8ca62aece73e2,7,0,team__mit_team_2,player__gideon_tzafriri,incorrect,0,question,19,,complete
20260222T185510Z_qex3p37,stanford-college-plus-science-bowl,round_robin,5,4e77344bcbe41764af50f95936b6a977c655d7001328d6239ae8ca62aece73e2,7,1,team__cmu,player__josh_shi,correct,1,end,,,END
20260222T185510Z_qex3p37,stanford-college-plus-science-bowl,round_robin,5,4e77344bcbe41764af50f95936b6a977c655d7001328d6239ae8ca62aece73e2,8,0,team__cmu,,correct,1,end,,,BONUS
20260222T185510Z_qex3p37,stanford-college-plus-science-bowl,round_robin,5,4e77344bcbe41764af50f95936b6a977c655d7001328d6239ae8ca62aece73e2,9,0,team__mit_team_2,player__jonathan_huang,correct,0,question,7,,angles
20260222T185510Z_qex3p37,stanford-college-plus-science-bowl,round_robin,5,4e77344bcbe41764af50f95936b6a977c655d7001328d6239ae8ca62aece73e2,10,0,team__mit_team_2,,correct,1,end,,,BONUS
20260222T185510Z_qex3p37,stanford-college-plus-science-bowl,round_robin,5,4e77344bcbe41764af50f95936b6a977c655d7001328d6239ae8ca62aece73e2,11,0,team__cmu,player__josh_shi,correct,0,question,25,,in
20260222T185510Z_qex3p37,stanford-college-plus-science-bowl,round_robin,5,4e77344bcbe41764af50f95936b6a977c655d7001328d6239ae8ca62aece73e2,12,0,team__cmu,,correct,1,end,,,BONUS
20260222T185510Z_qex3p37,stanford-college-plus-science-bowl,round_robin,5,4e77344bcbe41764af50f95936b6a977c655d7001328d6239ae8ca62aece73e2,13,0,team__mit_team_2,player__sean_fei,correct,0,question,12,,group
20260222T185510Z_qex3p37,stanford-college-plus-science-bowl,round_robin,5,4e77344bcbe41764af50f95936b6a977c655d7001328d6239ae8ca62aece73e2,14,0,team__mit_team_2,,correct,1,end,,,BONUS
20260222T185510Z_qex3p37,stanford-college-plus-science-bowl,round_robin,5,4e77344bcbe41764af50f95936b6a977c655d7001328d6239ae8ca62aece73e2,15,0,team__mit_team_2,player__jonathan_huang,incorrect,1,end,,,END
20260222T185510Z_qex3p37,stanford-college-plus-science-bowl,round_robin,5,4e77344bcbe41764af50f95936b6a977c655d7001328d6239ae8ca62aece73e2,15,1,team__cmu,player__josh_shi,incorrect,1,end,,,END
20260222T185510Z_qex3p37,stanford-college-plus-science-bowl,round_robin,5,4e77344bcbe41764af50f95936b6a977c655d7001328d6239ae8ca62aece73e2,17,0,team__mit_team_2,player__jonathan_huang,incorrect,1,end,,,END
20260222T185510Z_qex3p37,stanford-college-plus-science-bowl,round_robin,5,4e77344bcbe41764af50f95936b6a977c655d7001328d6239ae8ca62aece73e2,17,1,team__cmu,player__josh_shi,correct,1,end,,,END
20260222T185510Z_qex3p37,stanford-college-plus-science-bowl,round_robin,5,4e77344bcbe41764af50f95936b6a977c655d7001328d6239ae8ca62aece73e2,18,0,team__cmu,,incorrect,1,end,,,BONUS
20260222T185510Z_qex3p37,stanford-college-plus-science-bowl,round_robin,5,4e77344bcbe41764af50f95936b6a977c655d7001328d6239ae8ca62aece73e2,19,0,team__mit_team_2,player__sean_fei,correct,0,option,8,0,level
20260222T185510Z_qex3p37,stanford-college-plus-science-bowl,round_robin,5,4e77344bcbe41764af50f95936b6a977c655d7001328d6239ae8ca62aece73e2,20,0,team__mit_team_2,,correct,1,end,,,BONUS
20260222T185510Z_qex3p37,stanford-college-plus-science-bowl,round_robin,5,4e77344bcbe41764af50f95936b6a977c655d7001328d6239ae8ca62aece73e2,21,0,team__mit_team_2,player__jonathan_huang,correct,1,end,,,END
20260222T185510Z_qex3p37,stanford-college-plus-science-bowl,round_robin,5,4e77344bcbe41764af50f95936b6a977c655d7001328d6239ae8ca62aece73e2,22,0,team__mit_team_2,,incorrect,1,end,,,BONUS
20260222T185510Z_qex3p37,stanford-college-plus-science-bowl,round_robin,5,4e77344bcbe41764af50f95936b6a977c655d7001328d6239ae8ca62aece73e2,23,0,team__cmu,player__vidur_kothur,incorrect,0,question,32,,outcomes.
20260222T185510Z_qex3p37,stanford-college-plus-science-bowl,round_robin,5,4e77344bcbe41764af50f95936b6a977c655d7001328d6239ae8ca62aece73e2,23,1,team__mit_team_2,player__sean_fei,correct,1,end,,,END
20260222T185510Z_qex3p37,stanford-college-plus-science-bowl,round_robin,5,4e77344bcbe41764af50f95936b6a977c655d7001328d6239ae8ca62aece73e2,24,0,team__mit_team_2,,correct,1,end,,,BONUS
20260222T185510Z_qex3p37,stanford-college-plus-science-bowl,round_robin,5,4e77344bcbe41764af50f95936b6a977c655d7001328d6239ae8ca62aece73e2,25,0,team__mit_team_2,player__sean_fei,correct,0,question,7,,how
20260222T185510Z_qex3p37,stanford-college-plus-science-bowl,round_robin,5,4e77344bcbe41764af50f95936b6a977c655d7001328d6239ae8ca62aece73e2,26,0,team__mit_team_2,,correct,1,end,,,BONUS
20260222T185510Z_qex3p37,stanford-college-plus-science-bowl,round_robin,5,4e77344bcbe41764af50f95936b6a977c655d7001328d6239ae8ca62aece73e2,27,0,team__cmu,player__peter_ferolito,incorrect,1,end,,,END
20260222T185510Z_qex3p37,stanford-college-plus-science-bowl,round_robin,5,4e77344bcbe41764af50f95936b6a977c655d7001328d6239ae8ca62aece73e2,27,1,team__mit_team_2,player__jonathan_huang,correct,1,end,,,END
20260222T185510Z_qex3p37,stanford-college-plus-science-bowl,round_robin,5,4e77344bcbe41764af50f95936b6a977c655d7001328d6239ae8ca62aece73e2,28,0,team__mit_team_2,,correct,1,end,,,BONUS
20260222T185510Z_qex3p37,stanford-college-plus-science-bowl,round_robin,5,4e77344bcbe41764af50f95936b6a977c655d7001328d6239ae8ca62aece73e2,29,0,team__cmu,player__josh_shi,correct,0,question,36,,at
20260222T185510Z_qex3p37,stanford-college-plus-science-bowl,round_robin,5,4e77344bcbe41764af50f95936b6a977c655d7001328d6239ae8ca62aece73e2,30,0,team__cmu,,incorrect,1,end,,,BONUS
20260222T185510Z_qex3p37,stanford-college-plus-science-bowl,round_robin,5,4e77344bcbe41764af50f95936b6a977c655d7001328d6239ae8ca62aece73e2,31,0,team__mit_team_2,player__jonathan_huang,correct,0,option,-1,0,W
20260222T185510Z_qex3p37,stanford-college-plus-science-bowl,round_robin,5,4e77344bcbe41764af50f95936b6a977c655d7001328d6239ae8ca62aece73e2,32,0,team__mit_team_2,,correct,1,end,,,BONUS
20260222T185510Z_qex3p37,stanford-college-plus-science-bowl,round_robin,5,4e77344bcbe41764af50f95936b6a977c655d7001328d6239ae8ca62aece73e2,33,0,team__mit_team_2,player__jonathan_huang,incorrect,1,end,,,END
20260222T185510Z_qex3p37,stanford-college-plus-science-bowl,round_robin,5,4e77344bcbe41764af50f95936b6a977c655d7001328d6239ae8ca62aece73e2,33,1,team__cmu,player__peter_ferolito,correct,1,end,,,END
20260222T185510Z_qex3p37,stanford-college-plus-science-bowl,round_robin,5,4e77344bcbe41764af50f95936b6a977c655d7001328d6239ae8ca62aece73e2,34,0,team__cmu,,correct,1,end,,,BONUS
20260222T185510Z_qex3p37,stanford-college-plus-science-bowl,round_robin,5,4e77344bcbe41764af50f95936b6a977c655d7001328d6239ae8ca62aece73e2,35,0,team__mit_team_2,player__sean_fei,incorrect,0,question,22,,expression
20260222T185510Z_qex3p37,stanford-college-plus-science-bowl,round_robin,5,4e77344bcbe41764af50f95936b6a977c655d7001328d6239ae8ca62aece73e2,35,1,team__cmu,player__vidur_kothur,correct,1,end,,,END
20260222T185510Z_qex3p37,stanford-college-plus-science-bowl,round_robin,5,4e77344bcbe41764af50f95936b6a977c655d7001328d6239ae8ca62aece73e2,36,0,team__cmu,,correct,1,end,,,BONUS
20260222T185510Z_qex3p37,stanford-college-plus-science-bowl,round_robin,5,4e77344bcbe41764af50f95936b6a977c655d7001328d6239ae8ca62aece73e2,37,0,team__mit_team_2,player__sean_fei,correct,0,question,10,,at
20260222T185510Z_qex3p37,stanford-college-plus-science-bowl,round_robin,5,4e77344bcbe41764af50f95936b6a977c655d7001328d6239ae8ca62aece73e2,38,0,team__mit_team_2,,correct,1,end,,,BONUS
20260222T185510Z_qex3p37,stanford-college-plus-science-bowl,round_robin,5,4e77344bcbe41764af50f95936b6a977c655d7001328d6239ae8ca62aece73e2,39,0,team__cmu,player__vidur_kothur,correct,0,question,23,,property
20260222T185510Z_qex3p37,stanford-college-plus-science-bowl,round_robin,5,4e77344bcbe41764af50f95936b6a977c655d7001328d6239ae8ca62aece73e2,40,0,team__cmu,,correct,1,end,,,BONUS
20260222T185510Z_qex3p37,stanford-college-plus-science-bowl,round_robin,5,4e77344bcbe41764af50f95936b6a977c655d7001328d6239ae8ca62aece73e2,41,0,team__mit_team_2,player__jonathan_huang,incorrect,0,question,24,,jointing.
20260222T185510Z_qex3p37,stanford-college-plus-science-bowl,round_robin,5,4e77344bcbe41764af50f95936b6a977c655d7001328d6239ae8ca62aece73e2,41,1,team__cmu,player__peter_ferolito,incorrect,1,end,,,END
20260222T185510Z_qex3p37,stanford-college-plus-science-bowl,round_robin,5,4e77344bcbe41764af50f95936b6a977c655d7001328d6239ae8ca62aece73e2,43,0,team__cmu,player__josh_shi,incorrect,0,option,0,0,One
20260222T185510Z_qex3p37,stanford-college-plus-science-bowl,round_robin,5,4e77344bcbe41764af50f95936b6a977c655d7001328d6239ae8ca62aece73e2,43,1,team__mit_team_2,player__jonathan_huang,correct,1,end,,,END
20260222T185510Z_qex3p37,stanford-college-plus-science-bowl,round_robin,5,4e77344bcbe41764af50f95936b6a977c655d7001328d6239ae8ca62aece73e2,44,0,team__mit_team_2,,correct,1,end,,,BONUS
20260222T185510Z_qex3p37,stanford-college-plus-science-bowl,round_robin,5,4e77344bcbe41764af50f95936b6a977c655d7001328d6239ae8ca62aece73e2,45,0,team__mit_team_2,player__jonathan_huang,correct,0,question,27,,being
20260222T185510Z_qex3p37,stanford-college-plus-science-bowl,round_robin,5,4e77344bcbe41764af50f95936b6a977c655d7001328d6239ae8ca62aece73e2,46,0,team__mit_team_2,,correct,1,end,,,BONUS
20260222T185531Z_3zrwbbz,stanford-college-plus-science-bowl,round_robin,5,4e77344bcbe41764af50f95936b6a977c655d7001328d6239ae8ca62aece73e2,1,0,team__university_of_alabama_birmingham,player__akhil_batchu,incorrect,0,option,2,0,sodium
20260222T185531Z_3zrwbbz,stanford-college-plus-science-bowl,round_robin,5,4e77344bcbe41764af50f95936b6a977c655d7001328d6239ae8ca62aece73e2,1,1,team__mit_team_1,player__yunyi_ling,correct,1,end,,,END
20260222T185531Z_3zrwbbz,stanford-college-plus-science-bowl,round_robin,5,4e77344bcbe41764af50f95936b6a977c655d7001328d6239ae8ca62aece73e2,2,0,team__mit_team_1,,incorrect,1,end,,,BONUS
20260222T185531Z_3zrwbbz,stanford-college-plus-science-bowl,round_robin,5,4e77344bcbe41764af50f95936b6a977c655d7001328d6239ae8ca62aece73e2,3,0,team__mit_team_1,player__anurag_sodhi,correct,0,question,40,,positron?
20260222T185531Z_3zrwbbz,stanford-college-plus-science-bowl,round_robin,5,4e77344bcbe41764af50f95936b6a977c655d7001328d6239ae8ca62aece73e2,4,0,team__mit_team_1,,correct,1,end,,,BONUS
20260222T185531Z_3zrwbbz,stanford-college-plus-science-bowl,round_robin,5,4e77344bcbe41764af50f95936b6a977c655d7001328d6239ae8ca62aece73e2,5,0,team__mit_team_1,player__yunyi_ling,incorrect,0,question,21,,L3;
20260222T185531Z_3zrwbbz,stanford-college-plus-science-bowl,round_robin,5,4e77344bcbe41764af50f95936b6a977c655d7001328d6239ae8ca62aece73e2,5,1,team__university_of_alabama_birmingham,player__akhil_batchu,incorrect,1,end,,,END
20260222T185531Z_3zrwbbz,stanford-college-plus-science-bowl,round_robin,5,4e77344bcbe41764af50f95936b6a977c655d7001328d6239ae8ca62aece73e2,7,0,team__mit_team_1,player__anurag_sodhi,incorrect,0,question,19,,complete
20260222T185531Z_3zrwbbz,stanford-college-plus-science-bowl,round_robin,5,4e77344bcbe41764af50f95936b6a977c655d7001328d6239ae8ca62aece73e2,7,1,team__university_of_alabama_birmingham,player__akhil_batchu,correct,1,end,,,END
20260222T185531Z_3zrwbbz,stanford-college-plus-science-bowl,round_robin,5,4e77344bcbe41764af50f95936b6a977c655d7001328d6239ae8ca62aece73e2,8,0,team__university_of_alabama_birmingham,,correct,1,end,,,BONUS
20260222T185531Z_3zrwbbz,stanford-college-plus-science-bowl,round_robin,5,4e77344bcbe41764af50f95936b6a977c655d7001328d6239ae8ca62aece73e2,9,0,team__mit_team_1,player__anurag_sodhi,incorrect,0,question,7,,angles
20260222T185531Z_3zrwbbz,stanford-college-plus-science-bowl,round_robin,5,4e77344bcbe41764af50f95936b6a977c655d7001328d6239ae8ca62aece73e2,9,1,team__university_of_alabama_birmingham,player__akhil_batchu,correct,1,end,,,END
20260222T185531Z_3zrwbbz,stanford-college-plus-science-bowl,round_robin,5,4e77344bcbe41764af50f95936b6a977c655d7001328d6239ae8ca62aece73e2,10,0,team__university_of_alabama_birmingham,,correct,1,end,,,BONUS
20260222T185531Z_3zrwbbz,stanford-college-plus-science-bowl,round_robin,5,4e77344bcbe41764af50f95936b6a977c655d7001328d6239ae8ca62aece73e2,11,0,team__mit_team_1,player__anurag_sodhi,correct,0,question,22,,epoch
20260222T185531Z_3zrwbbz,stanford-college-plus-science-bowl,round_robin,5,4e77344bcbe41764af50f95936b6a977c655d7001328d6239ae8ca62aece73e2,12,0,team__mit_team_1,,correct,1,end,,,BONUS
20260222T185531Z_3zrwbbz,stanford-college-plus-science-bowl,round_robin,5,4e77344bcbe41764af50f95936b6a977c655d7001328d6239ae8ca62aece73e2,13,0,team__mit_team_1,player__anurag_sodhi,correct,0,question,9,,"population,"
20260222T185531Z_3zrwbbz,stanford-college-plus-science-bowl,round_robin,5,4e77344bcbe41764af50f95936b6a977c655d7001328d6239ae8ca62aece73e2,14,0,team__mit_team_1,,correct,1,end,,,BONUS
20260222T185531Z_3zrwbbz,stanford-college-plus-science-bowl,round_robin,5,4e77344bcbe41764af50f95936b6a977c655d7001328d6239ae8ca62aece73e2,15,0,team__mit_team_1,player__yunyi_ling,correct,0,question,10,,distance
20260222T185531Z_3zrwbbz,stanford-college-plus-science-bowl,round_robin,5,4e77344bcbe41764af50f95936b6a977c655d7001328d6239ae8ca62aece73e2,16,0,team__mit_team_1,,incorrect,1,end,,,BONUS
20260222T185531Z_3zrwbbz,stanford-college-plus-science-bowl,round_robin,5,4e77344bcbe41764af50f95936b6a977c655d7001328d6239ae8ca62aece73e2,17,0,team__mit_team_1,player__anurag_sodhi,incorrect,0,option,0,1,Trigonal
20260222T185531Z_3zrwbbz,stanford-college-plus-science-bowl,round_robin,5,4e77344bcbe41764af50f95936b6a977c655d7001328d6239ae8ca62aece73e2,17,1,team__university_of_alabama_birmingham,player__akhil_batchu,correct,1,end,,,END
20260222T185531Z_3zrwbbz,stanford-college-plus-science-bowl,round_robin,5,4e77344bcbe41764af50f95936b6a977c655d7001328d6239ae8ca62aece73e2,18,0,team__university_of_alabama_birmingham,,correct,1,end,,,BONUS
20260222T185531Z_3zrwbbz,stanford-college-plus-science-bowl,round_robin,5,4e77344bcbe41764af50f95936b6a977c655d7001328d6239ae8ca62aece73e2,19,0,team__university_of_alabama_birmingham,player__akhil_batchu,correct,1,end,,,END
20260222T185531Z_3zrwbbz,stanford-college-plus-science-bowl,round_robin,5,4e77344bcbe41764af50f95936b6a977c655d7001328d6239ae8ca62aece73e2,21,0,team__mit_team_1,player__mingwen_duan,incorrect,0,option,0,2,7
20260222T185531Z_3zrwbbz,stanford-college-plus-science-bowl,round_robin,5,4e77344bcbe41764af50f95936b6a977c655d7001328d6239ae8ca62aece73e2,21,1,team__university_of_alabama_birmingham,player__akhil_batchu,incorrect,1,end,,,END
20260222T185531Z_3zrwbbz,stanford-college-plus-science-bowl,round_robin,5,4e77344bcbe41764af50f95936b6a977c655d7001328d6239ae8ca62aece73e2,23,0,team__mit_team_1,player__anurag_sodhi,correct,0,option,0,0,Binomial
20260222T185531Z_3zrwbbz,stanford-college-plus-science-bowl,round_robin,5,4e77344bcbe41764af50f95936b6a977c655d7001328d6239ae8ca62aece73e2,24,0,team__mit_team_1,,correct,1,end,,,BONUS
20260222T185531Z_3zrwbbz,stanford-college-plus-science-bowl,round_robin,5,4e77344bcbe41764af50f95936b6a977c655d7001328d6239ae8ca62aece73e2,25,0,team__mit_team_1,player__anurag_sodhi,correct,0,question,5,,development
20260222T185531Z_3zrwbbz,stanford-college-plus-science-bowl,round_robin,5,4e77344bcbe41764af50f95936b6a977c655d7001328d6239ae8ca62aece73e2,26,0,team__mit_team_1,,correct,1,end,,,BONUS
20260222T185531Z_3zrwbbz,stanford-college-plus-science-bowl,round_robin,5,4e77344bcbe41764af50f95936b6a977c655d7001328d6239ae8ca62aece73e2,27,0,team__university_of_alabama_birmingham,player__akhil_batchu,incorrect,1,end,,,END
20260222T185531Z_3zrwbbz,stanford-college-plus-science-bowl,round_robin,5,4e77344bcbe41764af50f95936b6a977c655d7001328d6239ae8ca62aece73e2,27,1,team__mit_team_1,player__anurag_sodhi,correct,1,end,,,END
20260222T185531Z_3zrwbbz,stanford-college-plus-science-bowl,round_robin,5,4e77344bcbe41764af50f95936b6a977c655d7001328d6239ae8ca62aece73e2,28,0,team__mit_team_1,,correct,1,end,,,BONUS
20260222T185531Z_3zrwbbz,stanford-college-plus-science-bowl,round_robin,5,4e77344bcbe41764af50f95936b6a977c655d7001328d6239ae8ca62aece73e2,29,0,team__mit_team_1,player__yunyi_ling,correct,0,question,37,,60
20260222T185531Z_3zrwbbz,stanford-college-plus-science-bowl,round_robin,5,4e77344bcbe41764af50f95936b6a977c655d7001328d6239ae8ca62aece73e2,30,0,team__mit_team_1,,correct,1,end,,,BONUS
20260222T185531Z_3zrwbbz,stanford-college-plus-science-bowl,round_robin,5,4e77344bcbe41764af50f95936b6a977c655d7001328d6239ae8ca62aece73e2,31,0,team__mit_team_1,player__anurag_sodhi,correct,0,question,12,,oxygen
20260222T185531Z_3zrwbbz,stanford-college-plus-science-bowl,round_robin,5,4e77344bcbe41764af50f95936b6a977c655d7001328d6239ae8ca62aece73e2,32,0,team__mit_team_1,,correct,1,end,,,BONUS
20260222T185531Z_3zrwbbz,stanford-college-plus-science-bowl,round_robin,5,4e77344bcbe41764af50f95936b6a977c655d7001328d6239ae8ca62aece73e2,33,0,team__mit_team_1,player__anurag_sodhi,correct,0,question,16,,values
20260222T185531Z_3zrwbbz,stanford-college-plus-science-bowl,round_robin,5,4e77344bcbe41764af50f95936b6a977c655d7001328d6239ae8ca62aece73e2,34,0,team__mit_team_1,,incorrect,1,end,,,BONUS
20260222T185531Z_3zrwbbz,stanford-college-plus-science-bowl,round_robin,5,4e77344bcbe41764af50f95936b6a977c655d7001328d6239ae8ca62aece73e2,35,0,team__mit_team_1,player__anurag_sodhi,correct,0,question,20,,during
20260222T185531Z_3zrwbbz,stanford-college-plus-science-bowl,round_robin,5,4e77344bcbe41764af50f95936b6a977c655d7001328d6239ae8ca62aece73e2,36,0,team__mit_team_1,,correct,1,end,,,BONUS
20260222T185531Z_3zrwbbz,stanford-college-plus-science-bowl,round_robin,5,4e77344bcbe41764af50f95936b6a977c655d7001328d6239ae8ca62aece73e2,37,0,team__mit_team_1,player__anurag_sodhi,incorrect,0,question,9,,temperature
20260222T185531Z_3zrwbbz,stanford-college-plus-science-bowl,round_robin,5,4e77344bcbe41764af50f95936b6a977c655d7001328d6239ae8ca62aece73e2,37,1,team__university_of_alabama_birmingham,player__akhil_batchu,correct,1,end,,,END
20260222T185531Z_3zrwbbz,stanford-college-plus-science-bowl,round_robin,5,4e77344bcbe41764af50f95936b6a977c655d7001328d6239ae8ca62aece73e2,38,0,team__university_of_alabama_birmingham,,correct,1,end,,,BONUS
20260222T185531Z_3zrwbbz,stanford-college-plus-science-bowl,round_robin,5,4e77344bcbe41764af50f95936b6a977c655d7001328d6239ae8ca62aece73e2,39,0,team__mit_team_1,player__anurag_sodhi,correct,0,question,20,,what
20260222T185531Z_3zrwbbz,stanford-college-plus-science-bowl,round_robin,5,4e77344bcbe41764af50f95936b6a977c655d7001328d6239ae8ca62aece73e2,40,0,team__mit_team_1,,correct,1,end,,,BONUS
20260222T185531Z_3zrwbbz,stanford-college-plus-science-bowl,round_robin,5,4e77344bcbe41764af50f95936b6a977c655d7001328d6239ae8ca62aece73e2,41,0,team__university_of_alabama_birmingham,player__akhil_batchu,incorrect,0,question,24,,jointing.
20260222T185531Z_3zrwbbz,stanford-college-plus-science-bowl,round_robin,5,4e77344bcbe41764af50f95936b6a977c655d7001328d6239ae8ca62aece73e2,41,1,team__mit_team_1,player__yunyi_ling,incorrect,1,end,,,END
20260222T185531Z_3zrwbbz,stanford-college-plus-science-bowl,round_robin,5,4e77344bcbe41764af50f95936b6a977c655d7001328d6239ae8ca62aece73e2,43,0,team__mit_team_1,player__yunyi_ling,correct,0,option,2,1,liter
20260222T185531Z_3zrwbbz,stanford-college-plus-science-bowl,round_robin,5,4e77344bcbe41764af50f95936b6a977c655d7001328d6239ae8ca62aece73e2,44,0,team__mit_team_1,,correct,1,end,,,BONUS
20260222T185531Z_3zrwbbz,stanford-college-plus-science-bowl,round_robin,5,4e77344bcbe41764af50f95936b6a977c655d7001328d6239ae8ca62aece73e2,45,0,team__mit_team_1,player__anurag_sodhi,correct,0,question,33,,distribution
20260222T185531Z_3zrwbbz,stanford-college-plus-science-bowl,round_robin,5,4e77344bcbe41764af50f95936b6a977c655d7001328d6239ae8ca62aece73e2,46,0,team__mit_team_1,,correct,1,end,,,BONUS
20260222T185531Z_f6gvraf,stanford-college-plus-science-bowl,round_robin,5,4e77344bcbe41764af50f95936b6a977c655d7001328d6239ae8ca62aece73e2,1,0,team__quizbowlers,player__shahar_schwartz,incorrect,0,option,0,0,Ligand
20260222T185531Z_f6gvraf,stanford-college-plus-science-bowl,round_robin,5,4e77344bcbe41764af50f95936b6a977c655d7001328d6239ae8ca62aece73e2,1,1,team__where_is_the_goal_keeper,player__daniel_lu,correct,1,end,,,END
20260222T185531Z_f6gvraf,stanford-college-plus-science-bowl,round_robin,5,4e77344bcbe41764af50f95936b6a977c655d7001328d6239ae8ca62aece73e2,2,0,team__where_is_the_goal_keeper,,incorrect,1,end,,,BONUS
20260222T185531Z_f6gvraf,stanford-college-plus-science-bowl,round_robin,5,4e77344bcbe41764af50f95936b6a977c655d7001328d6239ae8ca62aece73e2,3,0,team__where_is_the_goal_keeper,player__daniel_lu,correct,0,option,1,0,decay
20260222T185531Z_f6gvraf,stanford-college-plus-science-bowl,round_robin,5,4e77344bcbe41764af50f95936b6a977c655d7001328d6239ae8ca62aece73e2,4,0,team__where_is_the_goal_keeper,,correct,1,end,,,BONUS
20260222T185531Z_f6gvraf,stanford-college-plus-science-bowl,round_robin,5,4e77344bcbe41764af50f95936b6a977c655d7001328d6239ae8ca62aece73e2,5,0,team__where_is_the_goal_keeper,player__daniel_lu,incorrect,0,question,19,,L1;
20260222T185531Z_f6gvraf,stanford-college-plus-science-bowl,round_robin,5,4e77344bcbe41764af50f95936b6a977c655d7001328d6239ae8ca62aece73e2,5,1,team__quizbowlers,player__swapnil_garg,incorrect,1,end,,,END
20260222T185531Z_f6gvraf,stanford-college-plus-science-bowl,round_robin,5,4e77344bcbe41764af50f95936b6a977c655d7001328d6239ae8ca62aece73e2,7,0,team__where_is_the_goal_keeper,player__daniel_lu,incorrect,1,end,,,END
20260222T185531Z_f6gvraf,stanford-college-plus-science-bowl,round_robin,5,4e77344bcbe41764af50f95936b6a977c655d7001328d6239ae8ca62aece73e2,7,1,team__quizbowlers,player__swapnil_garg,incorrect,1,end,,,END
20260222T185531Z_f6gvraf,stanford-college-plus-science-bowl,round_robin,5,4e77344bcbe41764af50f95936b6a977c655d7001328d6239ae8ca62aece73e2,9,0,team__quizbowlers,player__swapnil_garg,correct,1,end,,,END
20260222T185531Z_f6gvraf,stanford-college-plus-science-bowl,round_robin,5,4e77344bcbe41764af50f95936b6a977c655d7001328d6239ae8ca62aece73e2,10,0,team__quizbowlers,,correct,1,end,,,BONUS
20260222T185531Z_f6gvraf,stanford-college-plus-science-bowl,round_robin,5,4e77344bcbe41764af50f95936b6a977c655d7001328d6239ae8ca62aece73e2,11,0,team__quizbowlers,player__swapnil_garg,correct,1,end,,,END
20260222T185531Z_f6gvraf,stanford-college-plus-science-bowl,round_robin,5,4e77344bcbe41764af50f95936b6a977c655d7001328d6239ae8ca62aece73e2,12,0,team__quizbowlers,,correct,1,end,,,BONUS
20260222T185531Z_f6gvraf,stanford-college-plus-science-bowl,round_robin,5,4e77344bcbe41764af50f95936b6a977c655d7001328d6239ae8ca62aece73e2,13,0,team__quizbowlers,player__shahar_schwartz,correct,0,question,20,,pool
20260222T185531Z_f6gvraf,stanford-college-plus-science-bowl,round_robin,5,4e77344bcbe41764af50f95936b6a977c655d7001328d6239ae8ca62aece73e2,14,0,team__quizbowlers,,correct,1,end,,,BONUS
20260222T185531Z_f6gvraf,stanford-college-plus-science-bowl,round_robin,5,4e77344bcbe41764af50f95936b6a977c655d7001328d6239ae8ca62aece73e2,15,0,team__where_is_the_goal_keeper,player__daniel_lu,correct,0,question,15,,raised
20260222T185531Z_f6gvraf,stanford-college-plus-science-bowl,round_robin,5,4e77344bcbe41764af50f95936b6a977c655d7001328d6239ae8ca62aece73e2,16,0,team__where_is_the_goal_keeper,,incorrect,1,end,,,BONUS
20260222T185531Z_f6gvraf,stanford-college-plus-science-bowl,round_robin,5,4e77344bcbe41764af50f95936b6a977c655d7001328d6239ae8ca62aece73e2,17,0,team__quizbowlers,player__rohan_shelke,incorrect,0,option,0,2,Monoclinic
20260222T185531Z_f6gvraf,stanford-college-plus-science-bowl,round_robin,5,4e77344bcbe41764af50f95936b6a977c655d7001328d6239ae8ca62aece73e2,17,1,team__where_is_the_goal_keeper,player__daniel_lu,correct,1,end,,,END
20260222T185531Z_f6gvraf,stanford-college-plus-science-bowl,round_robin,5,4e77344bcbe41764af50f95936b6a977c655d7001328d6239ae8ca62aece73e2,18,0,team__where_is_the_goal_keeper,,incorrect,1,end,,,BONUS
20260222T185531Z_f6gvraf,stanford-college-plus-science-bowl,round_robin,5,4e77344bcbe41764af50f95936b6a977c655d7001328d6239ae8ca62aece73e2,19,0,team__quizbowlers,player__swapnil_garg,correct,0,option,9,1,charge
20260222T185531Z_f6gvraf,stanford-college-plus-science-bowl,round_robin,5,4e77344bcbe41764af50f95936b6a977c655d7001328d6239ae8ca62aece73e2,20,0,team__quizbowlers,,correct,1,end,,,BONUS
20260222T185531Z_f6gvraf,stanford-college-plus-science-bowl,round_robin,5,4e77344bcbe41764af50f95936b6a977c655d7001328d6239ae8ca62aece73e2,21,0,team__where_is_the_goal_keeper,player__isaac_mammel,incorrect,0,option,-1,0,W
20260222T185531Z_f6gvraf,stanford-college-plus-science-bowl,round_robin,5,4e77344bcbe41764af50f95936b6a977c655d7001328d6239ae8ca62aece73e2,21,1,team__quizbowlers,player__swapnil_garg,correct,1,end,,,END
20260222T185531Z_f6gvraf,stanford-college-plus-science-bowl,round_robin,5,4e77344bcbe41764af50f95936b6a977c655d7001328d6239ae8ca62aece73e2,22,0,team__quizbowlers,,correct,1,end,,,BONUS
20260222T185531Z_f6gvraf,stanford-college-plus-science-bowl,round_robin,5,4e77344bcbe41764af50f95936b6a977c655d7001328d6239ae8ca62aece73e2,23,0,team__where_is_the_goal_keeper,player__daniel_lu,correct,0,question,37,,probability
20260222T185531Z_f6gvraf,stanford-college-plus-science-bowl,round_robin,5,4e77344bcbe41764af50f95936b6a977c655d7001328d6239ae8ca62aece73e2,24,0,team__where_is_the_goal_keeper,,incorrect,1,end,,,BONUS
20260222T185531Z_f6gvraf,stanford-college-plus-science-bowl,round_robin,5,4e77344bcbe41764af50f95936b6a977c655d7001328d6239ae8ca62aece73e2,25,0,team__quizbowlers,player__rohan_shelke,correct,0,question,7,,how
20260222T185531Z_f6gvraf,stanford-college-plus-science-bowl,round_robin,5,4e77344bcbe41764af50f95936b6a977c655d7001328d6239ae8ca62aece73e2,26,0,team__quizbowlers,,correct,1,end,,,BONUS
20260222T185531Z_f6gvraf,stanford-college-plus-science-bowl,round_robin,5,4e77344bcbe41764af50f95936b6a977c655d7001328d6239ae8ca62aece73e2,27,0,team__quizbowlers,player__kevin_ye,correct,1,end,,,END
20260222T185531Z_f6gvraf,stanford-college-plus-science-bowl,round_robin,5,4e77344bcbe41764af50f95936b6a977c655d7001328d6239ae8ca62aece73e2,28,0,team__quizbowlers,,correct,1,end,,,BONUS
20260222T185531Z_f6gvraf,stanford-college-plus-science-bowl,round_robin,5,4e77344bcbe41764af50f95936b6a977c655d7001328d6239ae8ca62aece73e2,29,0,team__quizbowlers,player__rohan_shelke,correct,0,question,37,,60
20260222T185531Z_f6gvraf,stanford-college-plus-science-bowl,round_robin,5,4e77344bcbe41764af50f95936b6a977c655d7001328d6239ae8ca62aece73e2,30,0,team__quizbowlers,,correct,1,end,,,BONUS
20260222T185531Z_f6gvraf,stanford-college-plus-science-bowl,round_robin,5,4e77344bcbe41764af50f95936b6a977c655d7001328d6239ae8ca62aece73e2,31,0,team__quizbowlers,player__shahar_schwartz,correct,1,end,,,END
20260222T185531Z_f6gvraf,stanford-college-plus-science-bowl,round_robin,5,4e77344bcbe41764af50f95936b6a977c655d7001328d6239ae8ca62aece73e2,32,0,team__quizbowlers,,incorrect,1,end,,,BONUS
20260222T185531Z_f6gvraf,stanford-college-plus-science-bowl,round_robin,5,4e77344bcbe41764af50f95936b6a977c655d7001328d6239ae8ca62aece73e2,33,0,team__quizbowlers,player__swapnil_garg,incorrect,0,question,18,,n
20260222T185531Z_f6gvraf,stanford-college-plus-science-bowl,round_robin,5,4e77344bcbe41764af50f95936b6a977c655d7001328d6239ae8ca62aece73e2,33,1,team__where_is_the_goal_keeper,player__isaac_mammel,incorrect,0,question,20,,there?
20260222T185531Z_f6gvraf,stanford-college-plus-science-bowl,round_robin,5,4e77344bcbe41764af50f95936b6a977c655d7001328d6239ae8ca62aece73e2,35,0,team__quizbowlers,player__rohan_shelke,incorrect,0,question,29,,multiple
20260222T185531Z_f6gvraf,stanford-college-plus-science-bowl,round_robin,5,4e77344bcbe41764af50f95936b6a977c655d7001328d6239ae8ca62aece73e2,35,1,team__where_is_the_goal_keeper,player__daniel_lu,correct,1,end,,,END
20260222T185531Z_f6gvraf,stanford-college-plus-science-bowl,round_robin,5,4e77344bcbe41764af50f95936b6a977c655d7001328d6239ae8ca62aece73e2,36,0,team__where_is_the_goal_keeper,,incorrect,1,end,,,BONUS
20260222T185531Z_f6gvraf,stanford-college-plus-science-bowl,round_robin,5,4e77344bcbe41764af50f95936b6a977c655d7001328d6239ae8ca62aece73e2,37,0,team__quizbowlers,player__rohan_shelke,correct,0,question,14,,typically
20260222T185531Z_f6gvraf,stanford-college-plus-science-bowl,round_robin,5,4e77344bcbe41764af50f95936b6a977c655d7001328d6239ae8ca62aece73e2,38,0,team__quizbowlers,,correct,1,end,,,BONUS
20260222T185531Z_f6gvraf,stanford-college-plus-science-bowl,round_robin,5,4e77344bcbe41764af50f95936b6a977c655d7001328d6239ae8ca62aece73e2,39,0,team__where_is_the_goal_keeper,player__daniel_lu,correct,0,question,22,,mechanical
20260222T185531Z_f6gvraf,stanford-college-plus-science-bowl,round_robin,5,4e77344bcbe41764af50f95936b6a977c655d7001328d6239ae8ca62aece73e2,40,0,team__where_is_the_goal_keeper,,correct,1,end,,,BONUS
20260222T185531Z_f6gvraf,stanford-college-plus-science-bowl,round_robin,5,4e77344bcbe41764af50f95936b6a977c655d7001328d6239ae8ca62aece73e2,41,0,team__quizbowlers,player__rohan_shelke,incorrect,1,end,,,END
20260222T185531Z_f6gvraf,stanford-college-plus-science-bowl,round_robin,5,4e77344bcbe41764af50f95936b6a977c655d7001328d6239ae8ca62aece73e2,41,1,team__where_is_the_goal_keeper,player__daniel_lu,incorrect,1,end,,,END
20260222T185531Z_f6gvraf,stanford-college-plus-science-bowl,round_robin,5,4e77344bcbe41764af50f95936b6a977c655d7001328d6239ae8ca62aece73e2,43,0,team__quizbowlers,player__kevin_ye,incorrect,1,end,,,END
20260222T185531Z_f6gvraf,stanford-college-plus-science-bowl,round_robin,5,4e77344bcbe41764af50f95936b6a977c655d7001328d6239ae8ca62aece73e2,43,1,team__where_is_the_goal_keeper,player__daniel_lu,incorrect,1,end,,,END
20260222T185531Z_f6gvraf,stanford-college-plus-science-bowl,round_robin,5,4e77344bcbe41764af50f95936b6a977c655d7001328d6239ae8ca62aece73e2,45,0,team__quizbowlers,player__kevin_ye,correct,0,question,36,,number
20260222T185531Z_f6gvraf,stanford-college-plus-science-bowl,round_robin,5,4e77344bcbe41764af50f95936b6a977c655d7001328d6239ae8ca62aece73e2,46,0,team__quizbowlers,,correct,1,end,,,BONUS
