packet_checksum,packet_name,packet_year,question_id,pair_id,question_type,question_style,category,question_text,question_text_stripped,word_count,correct_answer,options_json,source
fc08179ada02bafdb20aebca0f506fcf18f7e5c20ee6ff24a49c60f650a82a1a,DOUBLE ELIM 1,2026,1,1,TOSSUP,SHORT_ANSWER,BIOLOGY,"In rod cells, rhodopsin \textbf{[roh-DOP-sin]} is activated when what molecule, derived from vitamin A, undergoes a light-induced cis–trans isomerization?","In rod cells, rhodopsin is activated when what molecule, derived from vitamin A, undergoes a light-induced cis–trans isomerization?",18,"""Retinal \\textbf{[REH-tin-al]} (DO NOT ACCEPT: Retinol \\textbf{[REH-tin-ol]})""",[],SSB_2026
fc08179ada02bafdb20aebca0f506fcf18f7e5c20ee6ff24a49c60f650a82a1a,DOUBLE ELIM 1,2026,2,1,BONUS,MULTIPLE_CHOICE,BIOLOGY,Gene A and Gene B  have a recombination frequency of 50%. Which of the following must be true?,Gene A and Gene B have a recombination frequency of 50%. Which of the following must be true?,18,"""Z""","[""The genes have to be on the same chromosome"", ""The genes have to be on separate chromosome"", ""Crossing over must occur between the genes during meiosis"", ""A dihybrid testcross yields roughly equal frequencies of parental and recombinant genotypes""]",SSB_2026
fc08179ada02bafdb20aebca0f506fcf18f7e5c20ee6ff24a49c60f650a82a1a,DOUBLE ELIM 1,2026,3,2,TOSSUP,SHORT_ANSWER,PHYSICS,"Simple permanent magnets cannot be used to lift maglev trains. Instead, either the strength of the magnets must be constantly altered or the train must be in motion in order to induce repulsive currents. This is an application of which physical law?","Simple permanent magnets cannot be used to lift maglev trains. Instead, either the strength of the magnets must be constantly altered or the train must be in motion in order to induce repulsive currents. This is an application of which physical law?",42,"""Faraday's law of induction (Accept: Faraday)""",[],SSB_2026
fc08179ada02bafdb20aebca0f506fcf18f7e5c20ee6ff24a49c60f650a82a1a,DOUBLE ELIM 1,2026,4,2,BONUS,MULTIPLE_CHOICE,PHYSICS,Which of the following best describes what happens to an object that continuously accelerates while traveling at a relativistic speed?,Which of the following best describes what happens to an object that continuously accelerates while traveling at a relativistic speed?,20,"""Y""","[""Both its velocity and kinetic energy continue to increase"", ""Its velocity continues to increase while its kinetic energy plateaus"", ""Its kinetic energy continues to increase while its velocity plateaus"", ""Both its velocity and kinetic energy plateau""]",SSB_2026
fc08179ada02bafdb20aebca0f506fcf18f7e5c20ee6ff24a49c60f650a82a1a,DOUBLE ELIM 1,2026,5,3,TOSSUP,SHORT_ANSWER,EARTH_SPACE,"Scientists are studying star 187J3X, which has ten times the radius and half the temperature of our sun. In solar luminosities, what is the luminosity of star 187J3X?","Scientists are studying star 187J3X, which has ten times the radius and half the temperature of our sun. In solar luminosities, what is the luminosity of star 187J3X?",28,"""6.25 (accept 25/4)""",[],SSB_2026
fc08179ada02bafdb20aebca0f506fcf18f7e5c20ee6ff24a49c60f650a82a1a,DOUBLE ELIM 1,2026,6,3,BONUS,MULTIPLE_CHOICE,EARTH_SPACE,Low nutrient levels and clear water indicate the presence of which of the following types of lakes?,Low nutrient levels and clear water indicate the presence of which of the following types of lakes?,17,"""Z""","[""Endorheic \\textbf{[en-duh-REE-ik]}"", ""Exorheic \\textbf{[EX-uh-ree-ik]}"", ""Eutrophic \\textbf{[yoo-TROH-fik]}"", ""Oligotrophic \\textbf{[uh-lig-oh-TROH-fik]}""]",SSB_2026
fc08179ada02bafdb20aebca0f506fcf18f7e5c20ee6ff24a49c60f650a82a1a,DOUBLE ELIM 1,2026,7,4,TOSSUP,MULTIPLE_CHOICE,CHEMISTRY,Materials that exhibit different physical properties on different crystal planes are described as having what property?,Materials that exhibit different physical properties on different crystal planes are described as having what property?,16,"""Z""","[""Piezoelectricity \\textbf{[pee-AY-zoh-electricity]}"", ""Polymorphosity \\textbf{[paw-lee-mor-FAW-sih-tee]}"", ""Heterogeneity \\textbf{[het-ur-oh-juh-NAY-uh-tee]}"", ""Anisotropy \\textbf{[an-EYE-soh-troh-pee]}""]",SSB_2026
fc08179ada02bafdb20aebca0f506fcf18f7e5c20ee6ff24a49c60f650a82a1a,DOUBLE ELIM 1,2026,8,4,BONUS,MULTIPLE_CHOICE,CHEMISTRY,"Although the carbon-carbon bond in ethane rotates freely at room temperature, the bond in ethylene \textbf{[ETH-ul-een]} does not. Which of the following best explains this phenomenon?","Although the carbon-carbon bond in ethane rotates freely at room temperature, the bond in ethylene does not. Which of the following best explains this phenomenon?",25,"""Z""","[""Hydrogen atoms on adjacent carbon atoms repel each other"", ""The two regions of the carbon-carbon pi bond repel each other"", ""Rotation of the carbon-carbon sigma bond forms an energy barrier"", ""Rotation of the carbon-carbon pi bond forms an energy barrier""]",SSB_2026
fc08179ada02bafdb20aebca0f506fcf18f7e5c20ee6ff24a49c60f650a82a1a,DOUBLE ELIM 1,2026,9,5,TOSSUP,SHORT_ANSWER,MATH,"If 3x − 4y = 5, what is the value of $\frac{2^{3x}}{2^{4y}}$ \textbf{[2 to the power of 3x over 2 to the power of 4y]}?","If 3x − 4y = 5, what is the value of ?",12,"""32""",[],SSB_2026
fc08179ada02bafdb20aebca0f506fcf18f7e5c20ee6ff24a49c60f650a82a1a,DOUBLE ELIM 1,2026,10,5,BONUS,SHORT_ANSWER,MATH,What is the greatest integer less than 100 that leaves a remainder of 2 when divided by 3 and a remainder of 6 when divided by 7?,What is the greatest integer less than 100 that leaves a remainder of 2 when divided by 3 and a remainder of 6 when divided by 7?,27,"""83""",[],SSB_2026
fc08179ada02bafdb20aebca0f506fcf18f7e5c20ee6ff24a49c60f650a82a1a,DOUBLE ELIM 1,2026,11,6,TOSSUP,MULTIPLE_CHOICE,ENERGY,Researchers at Stanford’s Barnes Lab are engineering broadly neutralizing antibodies against HIV. Which of the following refers to the specific part of an antigen that an antibody binds to?,Researchers at Stanford’s Barnes Lab are engineering broadly neutralizing antibodies against HIV. Which of the following refers to the specific part of an antigen that an antibody binds to?,29,"""X""","[""Paratope \\textbf{[PAIR-uh-tope]}"", ""Epitope \\textbf{[EP-uh-tope]}"", ""Variable region"", ""Allotype""]",SSB_2026
fc08179ada02bafdb20aebca0f506fcf18f7e5c20ee6ff24a49c60f650a82a1a,DOUBLE ELIM 1,2026,12,6,BONUS,MULTIPLE_CHOICE,ENERGY,Scientists in the Irwin Lab at Stanford are using a so-called dark matter radio intended to resonate at frequencies produced by magnetic field oscillations created by dark matter. Which of the following circuit types is this dark matter radio most analogous to?,Scientists in the Irwin Lab at Stanford are using a so-called dark matter radio intended to resonate at frequencies produced by magnetic field oscillations created by dark matter. Which of the following circuit types is this dark matter radio most analogous to?,42,"""Y""","[""RC"", ""RL"", ""LC"", ""RLC""]",SSB_2026
fc08179ada02bafdb20aebca0f506fcf18f7e5c20ee6ff24a49c60f650a82a1a,DOUBLE ELIM 1,2026,13,7,TOSSUP,SHORT_ANSWER,BIOLOGY,What network of intermediate filaments reinforces the shape of the inner nuclear membrane?,What network of intermediate filaments reinforces the shape of the inner nuclear membrane?,13,"""Nuclear lamina""",[],SSB_2026
fc08179ada02bafdb20aebca0f506fcf18f7e5c20ee6ff24a49c60f650a82a1a,DOUBLE ELIM 1,2026,14,7,BONUS,MULTIPLE_CHOICE,BIOLOGY,Which of the following molecules is not derived from cholesterol?,Which of the following molecules is not derived from cholesterol?,10,"""X""","[""Vitamin D"", ""Prostaglandin \\textbf{[proh-stuh-GLAN-din]} A2"", ""Aldosterone \\textbf{[al-DOH-stur-ohn]}"", ""Cortisol""]",SSB_2026
fc08179ada02bafdb20aebca0f506fcf18f7e5c20ee6ff24a49c60f650a82a1a,DOUBLE ELIM 1,2026,15,8,TOSSUP,MULTIPLE_CHOICE,PHYSICS,"A new Formula 1 car travels at a max speed of 100 meters per second. If its wheels each have a diameter of 50 centimeters, which of the following is closest to the rotation speed of each wheel in revolutions per minute?","A new Formula 1 car travels at a max speed of 100 meters per second. If its wheels each have a diameter of 50 centimeters, which of the following is closest to the rotation speed of each wheel in revolutions per minute?",42,"""Z""","[""1000"", ""2000"", ""3000"", ""4000""]",SSB_2026
fc08179ada02bafdb20aebca0f506fcf18f7e5c20ee6ff24a49c60f650a82a1a,DOUBLE ELIM 1,2026,16,8,BONUS,SHORT_ANSWER,PHYSICS,Identify all of the following properties that are true of bosons: 1) They have half-integer spins; 2) Multiple bosons may occupy the same quantum state; 3) They can act as force carriers.,Identify all of the following properties that are true of bosons: 1) They have half-integer spins; 2) Multiple bosons may occupy the same quantum state; 3) They can act as force carriers.,32,"""2 and 3""",[],SSB_2026
fc08179ada02bafdb20aebca0f506fcf18f7e5c20ee6ff24a49c60f650a82a1a,DOUBLE ELIM 1,2026,17,9,TOSSUP,MULTIPLE_CHOICE,EARTH_SPACE,Which of the following statements is NOT true regarding cinder cone volcanoes?,Which of the following statements is NOT true regarding cinder cone volcanoes?,12,"""Z""","[""They are usually monogenetic"", ""They often appear as parasitic cones on the flanks of other volcanoes"", ""They have steep slopes composed of loose pyroclastic fragments"", ""Their eruptions generally have low volatile content""]",SSB_2026
fc08179ada02bafdb20aebca0f506fcf18f7e5c20ee6ff24a49c60f650a82a1a,DOUBLE ELIM 1,2026,18,9,BONUS,SHORT_ANSWER,EARTH_SPACE,Order the following terrestrial solar system bodies in order of increasing mass: 1) The Moon; 2) Pluto; 3) Mercury.,Order the following terrestrial solar system bodies in order of increasing mass: 1) The Moon; 2) Pluto; 3) Mercury.,19,"""2, 1, 3""",[],SSB_2026
fc08179ada02bafdb20aebca0f506fcf18f7e5c20ee6ff24a49c60f650a82a1a,DOUBLE ELIM 1,2026,19,10,TOSSUP,SHORT_ANSWER,CHEMISTRY,"After heating a sample to increase solubility, Ben cools it gently so the dissolved solute does not immediately precipitate, even though the concentration now exceeds the equilibrium solubility at that temperature. What term best describes this solution?","After heating a sample to increase solubility, Ben cools it gently so the dissolved solute does not immediately precipitate, even though the concentration now exceeds the equilibrium solubility at that temperature. What term best describes this solution?",37,"""Supersaturated""",[],SSB_2026
fc08179ada02bafdb20aebca0f506fcf18f7e5c20ee6ff24a49c60f650a82a1a,DOUBLE ELIM 1,2026,20,10,BONUS,SHORT_ANSWER,CHEMISTRY,"During the production of aluminum, carbon reacts with aluminum oxide to form aluminum metal and carbon oxides. Identify all of the following three statements about this reaction that are true: 1) Aluminum atoms are oxidized; 2) Carbon atoms are reduced; 3) Electrons are included in the net ionic equation.","During the production of aluminum, carbon reacts with aluminum oxide to form aluminum metal and carbon oxides. Identify all of the following three statements about this reaction that are true: 1) Aluminum atoms are oxidized; 2) Carbon atoms are reduced; 3) Electrons are included in the net ionic equation.",49,"""None""",[],SSB_2026
fc08179ada02bafdb20aebca0f506fcf18f7e5c20ee6ff24a49c60f650a82a1a,DOUBLE ELIM 1,2026,21,11,TOSSUP,SHORT_ANSWER,MATH,What is the remainder when 7^{12} is divided by 11?,What is the remainder when 7^{12} is divided by 11?,10,"""5""",[],SSB_2026
fc08179ada02bafdb20aebca0f506fcf18f7e5c20ee6ff24a49c60f650a82a1a,DOUBLE ELIM 1,2026,22,11,BONUS,SHORT_ANSWER,MATH,What is the value of the cube root of the fraction with numerator $33^3 + 44^3 + 55^3$ and denominator $11^3$?,What is the value of the cube root of the fraction with numerator and denominator ?,16,"""6""",[],SSB_2026
fc08179ada02bafdb20aebca0f506fcf18f7e5c20ee6ff24a49c60f650a82a1a,DOUBLE ELIM 1,2026,23,12,TOSSUP,MULTIPLE_CHOICE,ENERGY,Scientists in UCLA’s Biomaterials Lab are studying the role abscisic acid plays in the regulation of plant stress responses. Which of the following effects is primarily associated with abscisic acid in plants?,Scientists in UCLA’s Biomaterials Lab are studying the role abscisic acid plays in the regulation of plant stress responses. Which of the following effects is primarily associated with abscisic acid in plants?,32,"""X""","[""Promotion of cell elongation during primary growth"", ""Stimulation of seed dormancy"", ""Acceleration of fruit ripening"", ""Induction of lateral bud growth""]",SSB_2026
fc08179ada02bafdb20aebca0f506fcf18f7e5c20ee6ff24a49c60f650a82a1a,DOUBLE ELIM 1,2026,24,12,BONUS,SHORT_ANSWER,ENERGY,Scientists at UCLA are studying how hydrocarbons like decane can be harnessed for alternative energy sources. Identify all of the following 3 statements that are true of decane: 1) It contains pi bonds; 2) Its molecular formula is C$_{10}$H$_{24}$ 3) It is more saturated than decyne.,Scientists at UCLA are studying how hydrocarbons like decane can be harnessed for alternative energy sources. Identify all of the following 3 statements that are true of decane: 1) It contains pi bonds; 2) Its molecular formula is CH 3) It is more saturated than decyne.,46,"""3 only""",[],SSB_2026
fc08179ada02bafdb20aebca0f506fcf18f7e5c20ee6ff24a49c60f650a82a1a,DOUBLE ELIM 1,2026,25,13,TOSSUP,SHORT_ANSWER,BIOLOGY,Some species of birds have a high infant mortality rate but a constant mortality rate as adults. Identify all of the following three survivorship curves that can model a portion of the life table for these bird species: 1) Type I; 2) Type II; 3) Type III.,Some species of birds have a high infant mortality rate but a constant mortality rate as adults. Identify all of the following three survivorship curves that can model a portion of the life table for these bird species: 1) Type I; 2) Type II; 3) Type III.,47,"""1 and 2 [AS-JHU] ECO""",[],SSB_2026
fc08179ada02bafdb20aebca0f506fcf18f7e5c20ee6ff24a49c60f650a82a1a,DOUBLE ELIM 1,2026,26,13,BONUS,MULTIPLE_CHOICE,BIOLOGY,Targeted destruction of which of the following proteins during mitosis would most likely lead to a polypoid cell?,Targeted destruction of which of the following proteins during mitosis would most likely lead to a polypoid cell?,18,"""X""","[""Tubulin"", ""Actin"", ""Keratin"", ""Cyclin""]",SSB_2026
fc08179ada02bafdb20aebca0f506fcf18f7e5c20ee6ff24a49c60f650a82a1a,DOUBLE ELIM 1,2026,27,14,TOSSUP,SHORT_ANSWER,PHYSICS,Electrical impedance in AC circuits is analogous to what electrical quantity in DC circuits?,Electrical impedance in AC circuits is analogous to what electrical quantity in DC circuits?,14,"""Resistance""",[],SSB_2026
fc08179ada02bafdb20aebca0f506fcf18f7e5c20ee6ff24a49c60f650a82a1a,DOUBLE ELIM 1,2026,28,14,BONUS,SHORT_ANSWER,PHYSICS,"In the Michelson-Morley experiment of 1887 an interferometer was constructed by which the time light takes to travel between two pairs of mirrors was measured. Identify all of the following hypotheses that the Michelson-Morley experiment provided evidence against: 1) Light moves at different speeds in different directions; 2) There exists a medium through which light waves must be transmitted; 3) Light is not a particle, and exists only as a wave.","In the Michelson-Morley experiment of 1887 an interferometer was constructed by which the time light takes to travel between two pairs of mirrors was measured. Identify all of the following hypotheses that the Michelson-Morley experiment provided evidence against: 1) Light moves at different speeds in different directions; 2) There exists a medium through which light waves must be transmitted; 3) Light is not a particle, and exists only as a wave.",71,"""1 and 2""",[],SSB_2026
fc08179ada02bafdb20aebca0f506fcf18f7e5c20ee6ff24a49c60f650a82a1a,DOUBLE ELIM 1,2026,29,15,TOSSUP,MULTIPLE_CHOICE,EARTH_SPACE,Which of the following best explains why orthoclase feldspar is rarely found in sandstone?,Which of the following best explains why orthoclase feldspar is rarely found in sandstone?,14,"""X""","[""Its grains are typically clay-sized"", ""It weathers faster than other sediments"", ""It is only formed as a product of weathering"", ""It is uncommon in igneous rocks""]",SSB_2026
fc08179ada02bafdb20aebca0f506fcf18f7e5c20ee6ff24a49c60f650a82a1a,DOUBLE ELIM 1,2026,30,15,BONUS,SHORT_ANSWER,EARTH_SPACE,"If the current size of the observable universe is 45 billion light years and the cosmic microwave background has a redshift of z = 1100, then to one significant figure, what was the size of the universe in light years when the cosmic microwave background radiation was first emitted?","If the current size of the observable universe is 45 billion light years and the cosmic microwave background has a redshift of z = 1100, then to one significant figure, what was the size of the universe in light years when the cosmic microwave background radiation was first emitted?",49,"""40 million (accept $4 \\times 10^{7}$)""",[],SSB_2026
fc08179ada02bafdb20aebca0f506fcf18f7e5c20ee6ff24a49c60f650a82a1a,DOUBLE ELIM 1,2026,31,16,TOSSUP,MULTIPLE_CHOICE,CHEMISTRY,Which of the following molecules has the smallest bond angle?,Which of the following molecules has the smallest bond angle?,10,"""X""","[""Water"", ""Hydrogen sulfide"", ""Ammonia"", ""Methane""]",SSB_2026
fc08179ada02bafdb20aebca0f506fcf18f7e5c20ee6ff24a49c60f650a82a1a,DOUBLE ELIM 1,2026,32,16,BONUS,MULTIPLE_CHOICE,CHEMISTRY,Triiodide \textbf{[try-EYE-oh-dide]} ions are formed in iodine solutions when iodide ions are added. Which of the following does not correctly describes this reaction?,Triiodide ions are formed in iodine solutions when iodide ions are added. Which of the following does not correctly describes this reaction?,22,"""Y""","[""Iodine acts as a Lewis acid"", ""The reaction is exergonic"", ""The negative charge is localized to the center iodine atom"", ""A three-center four-electron bond is formed""]",SSB_2026
fc08179ada02bafdb20aebca0f506fcf18f7e5c20ee6ff24a49c60f650a82a1a,DOUBLE ELIM 1,2026,33,17,TOSSUP,SHORT_ANSWER,MATH,"Stephanie and Bethany are playing tennis, but tend to lose tennis balls often. If each player independently has a two-fifths chance of losing a ball in a set, what is the expected number of balls that they will lose after playing five sets?","Stephanie and Bethany are playing tennis, but tend to lose tennis balls often. If each player independently has a two-fifths chance of losing a ball in a set, what is the expected number of balls that they will lose after playing five sets?",43,"""4""",[],SSB_2026
fc08179ada02bafdb20aebca0f506fcf18f7e5c20ee6ff24a49c60f650a82a1a,DOUBLE ELIM 1,2026,34,17,BONUS,SHORT_ANSWER,MATH,"Hua draws three circles with radius 1 with centers $O_1$, $O_2$, and $O_3$ in a plane so that each circle is tangent to the two other circles. If Hua extends line $O_1O_2$ to points A and B, where points A and B each lie on one of the two circles, what is the length of $AO_3$  \textbf{[A O 3]}?","Hua draws three circles with radius 1 with centers , , and in a plane so that each circle is tangent to the two other circles. If Hua extends line to points A and B, where points A and B each lie on one of the two circles, what is the length of ?",54,"""$\\sqrt{7}$""",[],SSB_2026
fc08179ada02bafdb20aebca0f506fcf18f7e5c20ee6ff24a49c60f650a82a1a,DOUBLE ELIM 1,2026,35,18,TOSSUP,SHORT_ANSWER,ENERGY,Scientists at the Johns Hopkins Zabransky Lab are studying how GDF-15 promotes the spread of pancreatic cancer to the liver. What term best describes this phenomenon where tumors grow in distant organs beyond the primary site?,Scientists at the Johns Hopkins Zabransky Lab are studying how GDF-15 promotes the spread of pancreatic cancer to the liver. What term best describes this phenomenon where tumors grow in distant organs beyond the primary site?,36,"""Metastasis \\textbf{[muh-TAH-stuh-sis]}""",[],SSB_2026
fc08179ada02bafdb20aebca0f506fcf18f7e5c20ee6ff24a49c60f650a82a1a,DOUBLE ELIM 1,2026,36,18,BONUS,MULTIPLE_CHOICE,ENERGY,"Scientists at the Johns Hopkins Cooper Lab are analyzing health equity across wealth brackets. Their null hypothesis states that there is no difference in healthcare quality between wealth groups. If they incorrectly conclude that wealthier individuals receive better healthcare when there is no difference, which of the following best describes the error they have made?","Scientists at the Johns Hopkins Cooper Lab are analyzing health equity across wealth brackets. Their null hypothesis states that there is no difference in healthcare quality between wealth groups. If they incorrectly conclude that wealthier individuals receive better healthcare when there is no difference, which of the following best describes the error they have made?",55,"""W""","[""Type I, because they rejected a true null hypothesis"", ""Type I, because they failed to reject a false null hypothesis"", ""Type II, because they rejected a true null hypothesis"", ""Type II, because they failed to reject a false null hypothesis""]",SSB_2026
fc08179ada02bafdb20aebca0f506fcf18f7e5c20ee6ff24a49c60f650a82a1a,DOUBLE ELIM 1,2026,37,19,TOSSUP,SHORT_ANSWER,BIOLOGY,Order the following three types of lipids by increasing number of ester linkages: 1) Steroid; 2) Triglyceride; 3) Phospholipid.,Order the following three types of lipids by increasing number of ester linkages: 1) Steroid; 2) Triglyceride; 3) Phospholipid.,19,"""1, 3, 2""",[],SSB_2026
fc08179ada02bafdb20aebca0f506fcf18f7e5c20ee6ff24a49c60f650a82a1a,DOUBLE ELIM 1,2026,38,19,BONUS,MULTIPLE_CHOICE,BIOLOGY,Which of the following plant groups has a gametophyte-dominant life cycle?,Which of the following plant groups has a gametophyte-dominant life cycle?,11,"""W""","[""Hornworts"", ""Quillworts"", ""Club mosses"", ""Spikemosses""]",SSB_2026
fc08179ada02bafdb20aebca0f506fcf18f7e5c20ee6ff24a49c60f650a82a1a,DOUBLE ELIM 1,2026,39,20,TOSSUP,SHORT_ANSWER,PHYSICS,"Geo and Lily both tighten bolts with identical wrenches. While both of them pull on the wrench at its end with an identical amount of force, Geo pulls on the wrench perpendicular to the wrench at an angle of 90 degrees, while Lily pulls on the wrench at an angle of 60 degrees relative to the wrench's axis. By what factor is the torque exerted on Geo's bolt larger than that of Lily's bolt?","Geo and Lily both tighten bolts with identical wrenches. While both of them pull on the wrench at its end with an identical amount of force, Geo pulls on the wrench perpendicular to the wrench at an angle of 90 degrees, while Lily pulls on the wrench at an angle of 60 degrees relative to the wrench's axis. By what factor is the torque exerted on Geo's bolt larger than that of Lily's bolt?",74,""" $\\frac{2}{\\sqrt{3}}$ [Two Over Root Three]""",[],SSB_2026
fc08179ada02bafdb20aebca0f506fcf18f7e5c20ee6ff24a49c60f650a82a1a,DOUBLE ELIM 1,2026,40,20,BONUS,MULTIPLE_CHOICE,PHYSICS,"Which of the following is closest to the ratio between the orbital speed of the ISS, orbiting at an altitude of 400 kilometers, and GOES-18, orbiting at an altitude of 36,000 kilometers?","Which of the following is closest to the ratio between the orbital speed of the ISS, orbiting at an altitude of 400 kilometers, and GOES-18, orbiting at an altitude of 36,000 kilometers?",32,"""W""","[""3"", ""7"", ""30"", ""70""]",SSB_2026
fc08179ada02bafdb20aebca0f506fcf18f7e5c20ee6ff24a49c60f650a82a1a,DOUBLE ELIM 1,2026,41,21,TOSSUP,SHORT_ANSWER,EARTH_SPACE,"Just after the Big Bang, a large number of small primordial black holes are thought to have formed from condensed matter. Many of these objects have likely dissipated due to the action of what form of radiation that causes black holes to lose mass?","Just after the Big Bang, a large number of small primordial black holes are thought to have formed from condensed matter. Many of these objects have likely dissipated due to the action of what form of radiation that causes black holes to lose mass?",44,"""Hawking radiation""",[],SSB_2026
fc08179ada02bafdb20aebca0f506fcf18f7e5c20ee6ff24a49c60f650a82a1a,DOUBLE ELIM 1,2026,42,21,BONUS,SHORT_ANSWER,EARTH_SPACE,Komatiites \textbf{[koh-MAH-tee-ites]} are ultramafic rocks thought to have formed from high-temperature eruptions which are no longer possible on Earth today. Most komatiites were formed in which eon?,Komatiites are ultramafic rocks thought to have formed from high-temperature eruptions which are no longer possible on Earth today. Most komatiites were formed in which eon?,26,"""Archean""",[],SSB_2026
fc08179ada02bafdb20aebca0f506fcf18f7e5c20ee6ff24a49c60f650a82a1a,DOUBLE ELIM 1,2026,43,22,TOSSUP,SHORT_ANSWER,CHEMISTRY,"A certain aqueous solution has a hydronium ion concentration of $3.0 \times 10^{-3}$ molar. To two significant figures, what is the pH of this solution?","A certain aqueous solution has a hydronium ion concentration of molar. To two significant figures, what is the pH of this solution?",22,"""2.5""",[],SSB_2026
fc08179ada02bafdb20aebca0f506fcf18f7e5c20ee6ff24a49c60f650a82a1a,DOUBLE ELIM 1,2026,44,22,BONUS,SHORT_ANSWER,CHEMISTRY,Carbon-14 with concentration $C$ decays into nitrogen-14 with concentration $N$ via first-order kinetics. Identify all of the following three quantities that will result in a linear graph when graphed against time: 1) Natural log of $C$; 2) Natural log of $N$; 3) Log base 10 of $C$.,Carbon-14 with concentration decays into nitrogen-14 with concentration via first-order kinetics. Identify all of the following three quantities that will result in a linear graph when graphed against time: 1) Natural log of ; 2) Natural log of ; 3) Log base 10 of .,45,"""All""",[],SSB_2026
fc08179ada02bafdb20aebca0f506fcf18f7e5c20ee6ff24a49c60f650a82a1a,DOUBLE ELIM 1,2026,45,23,TOSSUP,SHORT_ANSWER,MATH,What is the value of 43^2 − 33^2?,What is the value of 43^2 − 33^2?,8,"""760""",[],SSB_2026
fc08179ada02bafdb20aebca0f506fcf18f7e5c20ee6ff24a49c60f650a82a1a,DOUBLE ELIM 1,2026,46,23,BONUS,SHORT_ANSWER,MATH,"Gary has 6 red socks and 7 black socks in his drawer. If he randomly selects two socks without replacement, what is the probability that the two socks are the same color?","Gary has 6 red socks and 7 black socks in his drawer. If he randomly selects two socks without replacement, what is the probability that the two socks are the same color?",32,"""6/13""",[],SSB_2026
b6d689c90964a1e14abf1a76f015514313c972bc05725a513715b756293a124d,DOUBLE ELIM 2,2026,1,1,TOSSUP,SHORT_ANSWER,BIOLOGY,"What gland is stimulated by the suprachiasmatic \textbf{[soop-ruh-ky-as-MAH-tik]} nucleus to release melatonin, regulating circadian rhythms and facilitating the onset of sleep?","What gland is stimulated by the suprachiasmatic nucleus to release melatonin, regulating circadian rhythms and facilitating the onset of sleep?",20,"""Pineal \\textbf{[PY-nee-ul]} gland""",[],SSB_2026
b6d689c90964a1e14abf1a76f015514313c972bc05725a513715b756293a124d,DOUBLE ELIM 2,2026,2,1,BONUS,SHORT_ANSWER,BIOLOGY,Order the following three proteins by increasing percentage of their amino acid sequence composed of hydrophobic amino acids: 1) Epinephrine \textbf{[ep-uh-NEF-rin]} receptor; 2) Histone 3; 3) Actin.,Order the following three proteins by increasing percentage of their amino acid sequence composed of hydrophobic amino acids: 1) Epinephrine receptor; 2) Histone 3; 3) Actin.,26,"""1, 3, 2 [AK, EH] CELL""",[],SSB_2026
b6d689c90964a1e14abf1a76f015514313c972bc05725a513715b756293a124d,DOUBLE ELIM 2,2026,3,2,TOSSUP,MULTIPLE_CHOICE,PHYSICS,"Grant is scuba diving in the ocean and notices that if he looks up at the surface, he sees a circular window of sky above him surrounded by the reflected sea floor. Which of the following statements about this scenario is false?","Grant is scuba diving in the ocean and notices that if he looks up at the surface, he sees a circular window of sky above him surrounded by the reflected sea floor. Which of the following statements about this scenario is false?",42,"""X""","[""The angle of this window's edge from the vertical is the critical angle of water"", ""The window would be wider in oil with a larger refractive index"", ""He sees the reflected seafloor as a result of total internal reflection"", ""The sky in the window is distorted as a result of refraction""]",SSB_2026
b6d689c90964a1e14abf1a76f015514313c972bc05725a513715b756293a124d,DOUBLE ELIM 2,2026,4,2,BONUS,SHORT_ANSWER,PHYSICS,"The path of a molecule in a gas is often modeled as a random walk, in which a particle takes a series of steps, each in a random direction chosen independently. The root mean square displacement of a molecule in a given number of steps n scales according to what function of n?","The path of a molecule in a gas is often modeled as a random walk, in which a particle takes a series of steps, each in a random direction chosen independently. The root mean square displacement of a molecule in a given number of steps n scales according to what function of n?",53,"""Square root [ER] (Accept: $\\sqrt{n}$)""",[],SSB_2026
b6d689c90964a1e14abf1a76f015514313c972bc05725a513715b756293a124d,DOUBLE ELIM 2,2026,5,3,TOSSUP,MULTIPLE_CHOICE,EARTH_SPACE,Which of the following metamorphic facies does NOT typically form via subduction zone metamorphism?,Which of the following metamorphic facies does NOT typically form via subduction zone metamorphism?,14,"""Y""","[""Blueschist"", ""Eclogite \\textbf{[EK-luh-jite]}"", ""Granulite"", ""Prehnite-pumpellyite \\textbf{[PREH-nite pum-PEL-ee-ite]}""]",SSB_2026
b6d689c90964a1e14abf1a76f015514313c972bc05725a513715b756293a124d,DOUBLE ELIM 2,2026,6,3,BONUS,SHORT_ANSWER,EARTH_SPACE,Identify all of the following three changes that would increase the likelihood of liquefaction during an earthquake: 1) Increasing pore water pressure; 2) Increasing effective stress between grains; 3) Increasing grain angularity.,Identify all of the following three changes that would increase the likelihood of liquefaction during an earthquake: 1) Increasing pore water pressure; 2) Increasing effective stress between grains; 3) Increasing grain angularity.,32,"""1 only [ASr]""",[],SSB_2026
b6d689c90964a1e14abf1a76f015514313c972bc05725a513715b756293a124d,DOUBLE ELIM 2,2026,7,4,TOSSUP,MULTIPLE_CHOICE,CHEMISTRY,Akshath bubbles chlorine gas through a solution of iron (II) \textbf{[two]} chloride. Which of the following pairs describes the initial and final color of the solution?,Akshath bubbles chlorine gas through a solution of iron (II) chloride. Which of the following pairs describes the initial and final color of the solution?,25,"""W""","[""Green, yellow"", ""Yellow, green"", ""Blue, yellow"", ""Yellow, blue""]",SSB_2026
b6d689c90964a1e14abf1a76f015514313c972bc05725a513715b756293a124d,DOUBLE ELIM 2,2026,8,4,BONUS,SHORT_ANSWER,CHEMISTRY,"The lattice constant of sodium chloride is 5.5 angstroms. In angstroms and to two significant figures, what is the distance between two adjacent sodium nuclei?","The lattice constant of sodium chloride is 5.5 angstroms. In angstroms and to two significant figures, what is the distance between two adjacent sodium nuclei?",25,"""3.9""",[],SSB_2026
b6d689c90964a1e14abf1a76f015514313c972bc05725a513715b756293a124d,DOUBLE ELIM 2,2026,9,5,TOSSUP,SHORT_ANSWER,MATH,Felix randomly chooses one of the 54 stickers on a 3x3x3 Rubik's cube. What is the probability that the sticker is part of a corner piece?,Felix randomly chooses one of the 54 stickers on a 3x3x3 Rubik's cube. What is the probability that the sticker is part of a corner piece?,26,"""4/9""",[],SSB_2026
b6d689c90964a1e14abf1a76f015514313c972bc05725a513715b756293a124d,DOUBLE ELIM 2,2026,10,5,BONUS,SHORT_ANSWER,MATH,What is the remainder when $7^16$ is divided by 50?,What is the remainder when is divided by 50?,9,"""1""",[],SSB_2026
b6d689c90964a1e14abf1a76f015514313c972bc05725a513715b756293a124d,DOUBLE ELIM 2,2026,11,6,TOSSUP,MULTIPLE_CHOICE,ENERGY,"Scientists at Stanford's Hilley Lab are modeling how elevation varies with distance along the San Andreas Fault. Suppose the elevation at two locations is the same, and the elevation function is continuous and differentiable between them. Which theorem guarantees that there exists at least one point between the two locations where the rate of change of elevation is zero?","Scientists at Stanford's Hilley Lab are modeling how elevation varies with distance along the San Andreas Fault. Suppose the elevation at two locations is the same, and the elevation function is continuous and differentiable between them. Which theorem guarantees that there exists at least one point between the two locations where the rate of change of elevation is zero?",59,"""X""","[""Mean value theorem"", ""Rolle\u2019s theorem"", ""Intermediate value theorem"", ""Fundamental theorem of calculus""]",SSB_2026
b6d689c90964a1e14abf1a76f015514313c972bc05725a513715b756293a124d,DOUBLE ELIM 2,2026,12,6,BONUS,MULTIPLE_CHOICE,ENERGY,Scientists at Stanford are studying electrochemical cells in phones. Which of the following correctly describes a difference between galvanic and electrolytic cells?,Scientists at Stanford are studying electrochemical cells in phones. Which of the following correctly describes a difference between galvanic and electrolytic cells?,22,"""W""","[""Galvanic cells involve spontaneous redox reactions, whereas electrolytic cells require external electrical energy"", ""Galvanic cells operate only in aqueous solutions, whereas electrolytic cells do not"", ""Galvanic cells always use identical electrode materials, whereas electrolytic cells do not"", ""Galvanic cells convert electrical energy into chemical energy, whereas electrolytic cells convert chemical energy into electrical energy""]",SSB_2026
b6d689c90964a1e14abf1a76f015514313c972bc05725a513715b756293a124d,DOUBLE ELIM 2,2026,13,7,TOSSUP,MULTIPLE_CHOICE,BIOLOGY,"In eudicots, pollen grains usually contain how many opening through which a pollen tube may emerge upon germination?","In eudicots, pollen grains usually contain how many opening through which a pollen tube may emerge upon germination?",18,"""Y""","[""1"", ""2"", ""3"", ""4""]",SSB_2026
b6d689c90964a1e14abf1a76f015514313c972bc05725a513715b756293a124d,DOUBLE ELIM 2,2026,14,7,BONUS,MULTIPLE_CHOICE,BIOLOGY,A suspension of Staphylococcus bacteria is treated with lysozyme \textbf{[LY-soh-zime]}. In which of the following osmolarity \textbf{[os-moh-LAIR-uh-tee]} conditions would there be the greatest bacterial death after treatment?,A suspension of Staphylococcus bacteria is treated with lysozyme . In which of the following osmolarity conditions would there be the greatest bacterial death after treatment?,26,"""X""","[""Hypertonic"", ""Hypotonic"", ""Isotonic"", ""Hypertonic and hypotonic conditions will be equal""]",SSB_2026
b6d689c90964a1e14abf1a76f015514313c972bc05725a513715b756293a124d,DOUBLE ELIM 2,2026,15,8,TOSSUP,SHORT_ANSWER,PHYSICS,Aarav is designing a pulley system with cheap pulleys that can only withstand 10 newtons of force before breaking. How many individual pulleys must he use to successfully lift a 5 kilogram weight?,Aarav is designing a pulley system with cheap pulleys that can only withstand 10 newtons of force before breaking. How many individual pulleys must he use to successfully lift a 5 kilogram weight?,33,"""4""",[],SSB_2026
b6d689c90964a1e14abf1a76f015514313c972bc05725a513715b756293a124d,DOUBLE ELIM 2,2026,16,8,BONUS,MULTIPLE_CHOICE,PHYSICS,A frictionless banked turn with radius 100 meters is set up such that a car can perfectly travel around it at a velocity of 20 meters per second. Which of the following is closest to the coefficient of friction that would be required to allow a car to travel around the turn at any slower speed?,A frictionless banked turn with radius 100 meters is set up such that a car can perfectly travel around it at a velocity of 20 meters per second. Which of the following is closest to the coefficient of friction that would be required to allow a car to travel around the turn at any slower speed?,56,"""X""","[""0.2"", ""0.4"", ""0.6"", ""0.8""]",SSB_2026
b6d689c90964a1e14abf1a76f015514313c972bc05725a513715b756293a124d,DOUBLE ELIM 2,2026,17,9,TOSSUP,MULTIPLE_CHOICE,EARTH_SPACE,"If melt within a magma chamber were superheated far above its liquidus temperature prior to eruption, which of the following textures would most likely characterize the resulting volcanic rock?","If melt within a magma chamber were superheated far above its liquidus temperature prior to eruption, which of the following textures would most likely characterize the resulting volcanic rock?",29,"""X""","[""Abundant large phenocrysts \\textbf{[FEE-noh-crists]} in a fine groundmass"", ""Glassy or aphanitic \\textbf{[af-uh-NIH-tik]} texture with few or no phenocrysts"", ""Strongly porphyritic \\textbf{[por-fuh-RIH-tik]} texture with resorbed crystals"", ""Pegmatitic \\textbf{[peg-muh-TIH-tik]} texture""]",SSB_2026
b6d689c90964a1e14abf1a76f015514313c972bc05725a513715b756293a124d,DOUBLE ELIM 2,2026,18,9,BONUS,MULTIPLE_CHOICE,EARTH_SPACE,"Point Nemo is the furthest location from land in the oceans, with its closest landmasses including Easter Island and Marie Byrd Land, off Antarctica. Which of the following statements is true around Point Nemo?","Point Nemo is the furthest location from land in the oceans, with its closest landmasses including Easter Island and Marie Byrd Land, off Antarctica. Which of the following statements is true around Point Nemo?",34,"""Z""","[""The prevailing winds blow towards the horse latitudes"", ""Circulation is weakened by a positive Antarctic Oscillation"", ""The Antarctic convergence creates great marine productivity"", ""The surrounding region contains high levels of marine debris""]",SSB_2026
b6d689c90964a1e14abf1a76f015514313c972bc05725a513715b756293a124d,DOUBLE ELIM 2,2026,19,10,TOSSUP,SHORT_ANSWER,CHEMISTRY,What quantity is defined by the minimum energy required to remove an electron from the surface of a metal in a vacuum?,What quantity is defined by the minimum energy required to remove an electron from the surface of a metal in a vacuum?,22,"""Work function""",[],SSB_2026
b6d689c90964a1e14abf1a76f015514313c972bc05725a513715b756293a124d,DOUBLE ELIM 2,2026,20,10,BONUS,SHORT_ANSWER,CHEMISTRY,"The total order of some reaction $A + B$ yields $C$ is observed to be 3. If the reaction is run with excess concentration of $B$ and very low concentration of $A$, the reaction rate quarters when the concentration of $A$ halves. What is the reaction order with respect to reactant $B$?","The total order of some reaction yields is observed to be 3. If the reaction is run with excess concentration of and very low concentration of , the reaction rate quarters when the concentration of halves. What is the reaction order with respect to reactant ?",46,"""1""",[],SSB_2026
b6d689c90964a1e14abf1a76f015514313c972bc05725a513715b756293a124d,DOUBLE ELIM 2,2026,21,11,TOSSUP,SHORT_ANSWER,MATH,"If f(x) = x + 2^x, what is $f(f(2))$ \textbf{[f of f of 2]}?","If f(x) = x + 2^x, what is ?",9,"""70""",[],SSB_2026
b6d689c90964a1e14abf1a76f015514313c972bc05725a513715b756293a124d,DOUBLE ELIM 2,2026,22,11,BONUS,SHORT_ANSWER,MATH,What is the sum of the coefficients of the polynomial $(x+4)^3(x+7)$ \textbf{[the quantity $x$ plus four cubed times the quantity $x$ plus seven]} when it is expanded?,What is the sum of the coefficients of the polynomial when it is expanded?,14,"""1000""",[],SSB_2026
b6d689c90964a1e14abf1a76f015514313c972bc05725a513715b756293a124d,DOUBLE ELIM 2,2026,23,12,TOSSUP,MULTIPLE_CHOICE,ENERGY,Scientists at UCLA's Lowry Lab are studying how crosslinking in keratins confer additional rigidity. Which of the following amino acids greatly strengthens keratin due to its ability to form disulfide bridges?,Scientists at UCLA's Lowry Lab are studying how crosslinking in keratins confer additional rigidity. Which of the following amino acids greatly strengthens keratin due to its ability to form disulfide bridges?,31,"""Z""","[""Glycine \\textbf{[GLY-seen]}"", ""Serine \\textbf{[SAIR-een]}"", ""Phenylalanine \\textbf{[[feen-ul-AL-uh-neen]}"", ""Cysteine \\textbf{[SIS-teen]}""]",SSB_2026
b6d689c90964a1e14abf1a76f015514313c972bc05725a513715b756293a124d,DOUBLE ELIM 2,2026,24,12,BONUS,MULTIPLE_CHOICE,ENERGY,"Scientists at Stanford and UCLA are working on improvements to traditional linear accelerators, or linacs \textbf{[LY-naks]}. As a particle is accelerated in a linac, which of the following best describes how its velocity and energy increase over time?","Scientists at Stanford and UCLA are working on improvements to traditional linear accelerators, or linacs . As a particle is accelerated in a linac, which of the following best describes how its velocity and energy increase over time?",38,"""Y""","[""Both increase at a constant rate"", ""Velocity increases constantly while energy plateaus"", ""Energy increases constantly while velocity plateaus"", ""Both plateau""]",SSB_2026
b6d689c90964a1e14abf1a76f015514313c972bc05725a513715b756293a124d,DOUBLE ELIM 2,2026,25,13,TOSSUP,MULTIPLE_CHOICE,BIOLOGY,Which of the following lengths in nucleotides could represent a mRNA open reading frame that will encode for a protein?,Which of the following lengths in nucleotides could represent a mRNA open reading frame that will encode for a protein?,20,"""Y""","[""1000"", ""2000"", ""3000"", ""4000""]",SSB_2026
b6d689c90964a1e14abf1a76f015514313c972bc05725a513715b756293a124d,DOUBLE ELIM 2,2026,26,13,BONUS,SHORT_ANSWER,BIOLOGY,Identify all of the following three processes that would happen at greater frequency in brown adipose \textbf{[AD-uh-pose]} tissue compared to white adipose tissue: 1) Flow of protons into mitochondrial matrix; 2) Synthesis of ATP by oxidative phosphorylation \textbf{[fos-for-uh-LAY-shin]}; 3) Synthesis of ATP by glycolysis.,Identify all of the following three processes that would happen at greater frequency in brown adipose tissue compared to white adipose tissue: 1) Flow of protons into mitochondrial matrix; 2) Synthesis of ATP by oxidative phosphorylation ; 3) Synthesis of ATP by glycolysis.,43,"""1 and 3""",[],SSB_2026
b6d689c90964a1e14abf1a76f015514313c972bc05725a513715b756293a124d,DOUBLE ELIM 2,2026,27,14,TOSSUP,SHORT_ANSWER,PHYSICS,Max Planck introduced  quantization of energy to correctly predict the wavelength distribution radiated by what ideal object?,Max Planck introduced quantization of energy to correctly predict the wavelength distribution radiated by what ideal object?,17,"""Black body""",[],SSB_2026
b6d689c90964a1e14abf1a76f015514313c972bc05725a513715b756293a124d,DOUBLE ELIM 2,2026,28,14,BONUS,MULTIPLE_CHOICE,PHYSICS,"At rest, a muon's lifetime is $2.2 \mu s$ [2.2 microseconds]. Despite this, muons travelling near the speed of light from space survive the trip to the Earth's surface. In the muon's reference frame, which of the following best describes why it survives?","At rest, a muon's lifetime is [2.2 microseconds]. Despite this, muons travelling near the speed of light from space survive the trip to the Earth's surface. In the muon's reference frame, which of the following best describes why it survives?",40,"""X""","[""The muon experiences a longer time to reach the surface"", ""The distance from the muon to the Earth is contracted"", ""The muon's lifetime times the speed of light is a distance longer than the atmosphere's height"", ""The muon's wavefunction extends longer than the atmosphere's height""]",SSB_2026
b6d689c90964a1e14abf1a76f015514313c972bc05725a513715b756293a124d,DOUBLE ELIM 2,2026,29,15,TOSSUP,MULTIPLE_CHOICE,EARTH_SPACE,"Due to the 4:2:1 orbital resonance of Io, Europa, and Ganymede, which of the following best describes the dominant tidal pattern experienced by Jupiter?","Due to the 4:2:1 orbital resonance of Io, Europa, and Ganymede, which of the following best describes the dominant tidal pattern experienced by Jupiter?",24,"""Y""","[""Primarily diurnal tides"", ""Primarily semidiurnal tides"", ""Multi-period tides with superimposed frequencies"", ""No significant tides""]",SSB_2026
b6d689c90964a1e14abf1a76f015514313c972bc05725a513715b756293a124d,DOUBLE ELIM 2,2026,30,15,BONUS,MULTIPLE_CHOICE,EARTH_SPACE,Which of the following best describes why a strong El Niño decreases primary productivity in the Pacific Ocean?,Which of the following best describes why a strong El Niño decreases primary productivity in the Pacific Ocean?,18,"""W""","[""It weakens trade winds, which reduces upwelling of nutrients"", ""It weakens trade winds, which increases cloud cover and reduces photosynthesis"", ""It increases sea surface temperatures, which kills off phytoplankton"", ""It increases sea surface temperatures, which promotes secondary producers that consume phytoplankton""]",SSB_2026
b6d689c90964a1e14abf1a76f015514313c972bc05725a513715b756293a124d,DOUBLE ELIM 2,2026,31,16,TOSSUP,SHORT_ANSWER,CHEMISTRY,"On a ternary phase diagram, what is the name of the mixture of two or more liquids whose proportions are not changed when boiled?","On a ternary phase diagram, what is the name of the mixture of two or more liquids whose proportions are not changed when boiled?",24,"""Azeotrope \\textbf{[AY-zee-uh-trope]}""",[],SSB_2026
b6d689c90964a1e14abf1a76f015514313c972bc05725a513715b756293a124d,DOUBLE ELIM 2,2026,32,16,BONUS,MULTIPLE_CHOICE,CHEMISTRY,"Eli analyzes a blood sample with GC-MS and finds many small, unknown peaks in place of distinct peaks corresponding to large organic compounds. Which of the following could be the cause of this?","Eli analyzes a blood sample with GC-MS and finds many small, unknown peaks in place of distinct peaks corresponding to large organic compounds. Which of the following could be the cause of this?",33,"""W""","[""The high temperatures used for gas chromatography degrades compounds"", ""Organic compounds in blood are not easily ionized"", ""The vacuum of the mass spectrometer does not have low enough pressure"", ""Gas chromatography has a relatively low resolution compared to liquid chromatography""]",SSB_2026
b6d689c90964a1e14abf1a76f015514313c972bc05725a513715b756293a124d,DOUBLE ELIM 2,2026,33,17,TOSSUP,MULTIPLE_CHOICE,MATH,A normal distribution has mean 6 and standard deviation 7. Which of the following is closest to the percentage of data contained in the interval from 13 to infinity?,A normal distribution has mean 6 and standard deviation 7. Which of the following is closest to the percentage of data contained in the interval from 13 to infinity?,29,"""W""","[""16%"", ""32%"", ""68%"", ""95%""]",SSB_2026
b6d689c90964a1e14abf1a76f015514313c972bc05725a513715b756293a124d,DOUBLE ELIM 2,2026,34,17,BONUS,SHORT_ANSWER,MATH,"Aaron ties his pet goat Shohei to the corner of a square barn with sides 10 meters long with a rope of length 20 meters. In square meters, what is the area that Shohei can reach?","Aaron ties his pet goat Shohei to the corner of a square barn with sides 10 meters long with a rope of length 20 meters. In square meters, what is the area that Shohei can reach?",36,"""$350 \\pi$""",[],SSB_2026
b6d689c90964a1e14abf1a76f015514313c972bc05725a513715b756293a124d,DOUBLE ELIM 2,2026,35,18,TOSSUP,MULTIPLE_CHOICE,ENERGY,Scientists at the Johns Hopkins Schatz Lab have determined that soil microbiome activity is significantly reduced in soils experiencing extensive nutrient leaching. Which of the following soil types would be most susceptible to leaching?,Scientists at the Johns Hopkins Schatz Lab have determined that soil microbiome activity is significantly reduced in soils experiencing extensive nutrient leaching. Which of the following soil types would be most susceptible to leaching?,34,"""Z""","[""Clay"", ""Loam"", ""Silt"", ""Sand""]",SSB_2026
b6d689c90964a1e14abf1a76f015514313c972bc05725a513715b756293a124d,DOUBLE ELIM 2,2026,36,18,BONUS,SHORT_ANSWER,ENERGY,Engineers on the Johns Hopkins University Rocketry Team are calculating how air resistance will affect the landing trajectory of their rocket. Identify all of the following four factors that directly affect air resistance: 1) Mass of the rocket; 2) Gravitational acceleration;  3) Drag coefficient of the object; 4) Density of surrounding air.,Engineers on the Johns Hopkins University Rocketry Team are calculating how air resistance will affect the landing trajectory of their rocket. Identify all of the following four factors that directly affect air resistance: 1) Mass of the rocket; 2) Gravitational acceleration; 3) Drag coefficient of the object; 4) Density of surrounding air.,52,"""3 and 4""",[],SSB_2026
b6d689c90964a1e14abf1a76f015514313c972bc05725a513715b756293a124d,DOUBLE ELIM 2,2026,37,19,TOSSUP,SHORT_ANSWER,BIOLOGY,"After plasmogamy, haploid nuclei fuse during what stage of the fungi reproductive cycle to form a diploid zygote?","After plasmogamy, haploid nuclei fuse during what stage of the fungi reproductive cycle to form a diploid zygote?",18,"""Karyogamy""",[],SSB_2026
b6d689c90964a1e14abf1a76f015514313c972bc05725a513715b756293a124d,DOUBLE ELIM 2,2026,38,19,BONUS,SHORT_ANSWER,BIOLOGY,A male with cystic fibrosis mates with a female who has Huntington’s disease and red-green colorblindness. Identify all of the following three statements that must be true for their offspring: 1) All male offspring will have red-green colorblindness; 2) All female offspring will be unaffected by cystic fibrosis; 3) All offspring will inherit Huntington’s disease.,A male with cystic fibrosis mates with a female who has Huntington’s disease and red-green colorblindness. Identify all of the following three statements that must be true for their offspring: 1) All male offspring will have red-green colorblindness; 2) All female offspring will be unaffected by cystic fibrosis; 3) All offspring will inherit Huntington’s disease.,55,"""1 only""",[],SSB_2026
b6d689c90964a1e14abf1a76f015514313c972bc05725a513715b756293a124d,DOUBLE ELIM 2,2026,39,20,TOSSUP,SHORT_ANSWER,PHYSICS,"A rocket reaches a speed of 1 kilometer per second before its propulsion fails and shuts off. What is the maximum height, in kilometers, it could reach above its current position before falling back to the ground?","A rocket reaches a speed of 1 kilometer per second before its propulsion fails and shuts off. What is the maximum height, in kilometers, it could reach above its current position before falling back to the ground?",37,"""50""",[],SSB_2026
b6d689c90964a1e14abf1a76f015514313c972bc05725a513715b756293a124d,DOUBLE ELIM 2,2026,40,20,BONUS,MULTIPLE_CHOICE,PHYSICS,Which of the following best describes how air resistance scales with an object's velocity $v$?,Which of the following best describes how air resistance scales with an object's velocity ?,15,"""X""","[""Generally proportional to $v$"", ""Proportional to $v$ at low velocity and $v^2$ at high velocity"", ""Proportional to $v^2$ at low velocity and $v$ at high velocity"", ""Generally proportional to $v^2$""]",SSB_2026
b6d689c90964a1e14abf1a76f015514313c972bc05725a513715b756293a124d,DOUBLE ELIM 2,2026,41,21,TOSSUP,MULTIPLE_CHOICE,EARTH_SPACE,At which of the following stages of stellar evolution is a star typically the largest?,At which of the following stages of stellar evolution is a star typically the largest?,15,"""Z""","[""Red giant branch"", ""Blue loop"", ""Horizontal branch"", ""Asymptotic giant branch""]",SSB_2026
b6d689c90964a1e14abf1a76f015514313c972bc05725a513715b756293a124d,DOUBLE ELIM 2,2026,42,21,BONUS,MULTIPLE_CHOICE,EARTH_SPACE,The Huronian Glaciation was a 300-million-year period during which the entirety of Earth was buried under glaciers. Which of the following most likely triggered the Huronian Glaciation?,The Huronian Glaciation was a 300-million-year period during which the entirety of Earth was buried under glaciers. Which of the following most likely triggered the Huronian Glaciation?,27,"""W""","[""The depletion of atmospheric methane via the Great Oxygenation"", ""The formation of a supercontinent over the South Pole"", ""A series of volcanic eruptions forming a large igneous province"", ""Solar changes causing a sudden worldwide drop in oceanic salinity""]",SSB_2026
b6d689c90964a1e14abf1a76f015514313c972bc05725a513715b756293a124d,DOUBLE ELIM 2,2026,43,22,TOSSUP,MULTIPLE_CHOICE,CHEMISTRY,Which of the following is NOT a condition for aromaticity?,Which of the following is NOT a condition for aromaticity?,10,"""Z""","[""The molecule contains a ring"", ""The molecule is planar"", ""Atoms within rings must be sp2 conjugated"", ""The molecule contains exactly four pi electrons""]",SSB_2026
b6d689c90964a1e14abf1a76f015514313c972bc05725a513715b756293a124d,DOUBLE ELIM 2,2026,44,22,BONUS,SHORT_ANSWER,CHEMISTRY,Identify all of the following three ground state neutral atoms whose first two ionizations remove two electrons from the same orbital: 1) Cobalt; 2) Chromium; 3) Copper.,Identify all of the following three ground state neutral atoms whose first two ionizations remove two electrons from the same orbital: 1) Cobalt; 2) Chromium; 3) Copper.,27,"""1 only""",[],SSB_2026
b6d689c90964a1e14abf1a76f015514313c972bc05725a513715b756293a124d,DOUBLE ELIM 2,2026,45,23,TOSSUP,SHORT_ANSWER,MATH,Lumine rolls a standard die three times. What is the probability that she gets at least one repeated number?,Lumine rolls a standard die three times. What is the probability that she gets at least one repeated number?,19,"""4/9""",[],SSB_2026
b6d689c90964a1e14abf1a76f015514313c972bc05725a513715b756293a124d,DOUBLE ELIM 2,2026,46,23,BONUS,SHORT_ANSWER,MATH,How many ways are there for Wemby to place 3 rooks in a 4 by 4 chess board if no two rooks can be in the same column or row?,How many ways are there for Wemby to place 3 rooks in a 4 by 4 chess board if no two rooks can be in the same column or row?,30,"""96""",[],SSB_2026
275f572af73fbe0baea4b65266d91fce0b57a0b6569c5528a6af41256e1fdb2e,DOUBLE ELIM 3,2026,1,1,TOSSUP,SHORT_ANSWER,BIOLOGY,"Protein phosphatates dephorsphorylate kinases to return them to their inactive state. Similarly for cyclic AMP, what enzyme degrades the secondary messenger to turn off a cell signaling pathway?","Protein phosphatates dephorsphorylate kinases to return them to their inactive state. Similarly for cyclic AMP, what enzyme degrades the secondary messenger to turn off a cell signaling pathway?",28,"""cAMP phosphodiesterase (ACCEPT: Phosphodiesterase)""",[],SSB_2026
275f572af73fbe0baea4b65266d91fce0b57a0b6569c5528a6af41256e1fdb2e,DOUBLE ELIM 3,2026,2,1,BONUS,SHORT_ANSWER,BIOLOGY,Identify all of the following three processes that would involve the active transport of ions: 1) Movement of H$^+$ from a parietal cell into the stomach lumen; 2) Movement of Ca$^{2+}$ from the cytosol into the sarcoplasmic reticulum; 3) Movement of Na$^+$ from saliva into taste receptor cells.,Identify all of the following three processes that would involve the active transport of ions: 1) Movement of H from a parietal cell into the stomach lumen; 2) Movement of Ca from the cytosol into the sarcoplasmic reticulum; 3) Movement of Na from saliva into taste receptor cells.,48,"""1 and 2""",[],SSB_2026
275f572af73fbe0baea4b65266d91fce0b57a0b6569c5528a6af41256e1fdb2e,DOUBLE ELIM 3,2026,3,2,TOSSUP,MULTIPLE_CHOICE,PHYSICS,"The tallest building in San Francisco is around 300 meters tall. You may approximate its shape as a thin rod with mass $M$. If an earthquake displaces the foundation of the tower
such that the tower leans at an angle of five degrees relative to the vertical, which of the following best approximates the torque exerted on the tower about its foundation?","The tallest building in San Francisco is around 300 meters tall. You may approximate its shape as a thin rod with mass . If an earthquake displaces the foundation of the tower such that the tower leans at an angle of five degrees relative to the vertical, which of the following best approximates the torque exerted on the tower about its foundation?",62,"""Y""","[""$(150 \\ \\text{m}) M G \\cos(5)$ \\textbf{[150 meters times M G cosine 5 degrees]}"", ""$(300 \\ \\text{m}) M G \\cos(5)$ \\textbf{[300 meters times M G cosine 5 degrees]}"", ""$(150 \\ \\text{m}) M G \\sin(5)$ \\textbf{[150 meters times M G sine 5 degrees]}"", ""$(300 \\ \\text{m}) M G \\sin(5)$ \\textbf{[300 meters times M G sine 5 degrees]}""]",SSB_2026
275f572af73fbe0baea4b65266d91fce0b57a0b6569c5528a6af41256e1fdb2e,DOUBLE ELIM 3,2026,4,2,BONUS,SHORT_ANSWER,PHYSICS,What is the moment of inertia of a cylinder with mass $M$ and radius $R$ about an axis parallel to its central axis but located along its surface?,What is the moment of inertia of a cylinder with mass and radius about an axis parallel to its central axis but located along its surface?,26,"""$\\frac{3}{2} M R^2$""",[],SSB_2026
275f572af73fbe0baea4b65266d91fce0b57a0b6569c5528a6af41256e1fdb2e,DOUBLE ELIM 3,2026,5,3,TOSSUP,MULTIPLE_CHOICE,EARTH_SPACE,Which of the following phenomena would most directly increase the global frequency of noctilucent cloud formation?,Which of the following phenomena would most directly increase the global frequency of noctilucent cloud formation?,16,"""Y""","[""Eruption of a supervolcano"", ""Occurrence of a coronal mass ejection"", ""Passage of the Earth through a comet\u2019s dust tail"", ""Decrease in solar wind intensity""]",SSB_2026
275f572af73fbe0baea4b65266d91fce0b57a0b6569c5528a6af41256e1fdb2e,DOUBLE ELIM 3,2026,6,3,BONUS,SHORT_ANSWER,EARTH_SPACE,Order the following rungs of the cosmic distance ladder from shortest to farthest effective distance: 1) Type Ia \textbf{[one-A]} supernovae; 2) Parallax; 3) Cepheid variables; 4) Hubble constant.,Order the following rungs of the cosmic distance ladder from shortest to farthest effective distance: 1) Type Ia supernovae; 2) Parallax; 3) Cepheid variables; 4) Hubble constant.,27,"""2, 3, 1, 4""",[],SSB_2026
275f572af73fbe0baea4b65266d91fce0b57a0b6569c5528a6af41256e1fdb2e,DOUBLE ELIM 3,2026,7,4,TOSSUP,MULTIPLE_CHOICE,CHEMISTRY,Which of the following transition elements crystallizes in a cubic lattice with a packing efficiency of 0.74 at room temperature?,Which of the following transition elements crystallizes in a cubic lattice with a packing efficiency of 0.74 at room temperature?,20,"""Z""","[""Chromium"", ""Iron"", ""Molybdenum"", ""Gold""]",SSB_2026
275f572af73fbe0baea4b65266d91fce0b57a0b6569c5528a6af41256e1fdb2e,DOUBLE ELIM 3,2026,8,4,BONUS,MULTIPLE_CHOICE,CHEMISTRY,Which of the following one-to-one mixtures of liquids would be expected to show the greatest deviation from Raoult’s \textbf{[rah-OOLZ]} law?,Which of the following one-to-one mixtures of liquids would be expected to show the greatest deviation from Raoult’s law?,19,"""Z""","[""Water and ethanol"", ""Water and cyclohexanol"", ""Hexane and butane"", ""Acetone and chloroform""]",SSB_2026
275f572af73fbe0baea4b65266d91fce0b57a0b6569c5528a6af41256e1fdb2e,DOUBLE ELIM 3,2026,9,5,TOSSUP,SHORT_ANSWER,MATH,What is the area of a regular heptagon with perimeter 6 and apothem 7?,What is the area of a regular heptagon with perimeter 6 and apothem 7?,14,"""21""",[],SSB_2026
275f572af73fbe0baea4b65266d91fce0b57a0b6569c5528a6af41256e1fdb2e,DOUBLE ELIM 3,2026,10,5,BONUS,SHORT_ANSWER,MATH,"How many subsets of the set {0, 1, 2, 3, 4, 5, 6, 7} have an odd number of elements?","How many subsets of the set {0, 1, 2, 3, 4, 5, 6, 7} have an odd number of elements?",20,"""128""",[],SSB_2026
275f572af73fbe0baea4b65266d91fce0b57a0b6569c5528a6af41256e1fdb2e,DOUBLE ELIM 3,2026,11,6,TOSSUP,SHORT_ANSWER,ENERGY,"Researchers at Stanford are contributing to the Cryogenic Dark Matter Search, an experiment searching for WIMPs as candidates for dark matter. Identify all of the following three fundamental forces that are thought to affect WIMPs: 1) Gravity; 2) Electromagnetism; 3) Weak force.","Researchers at Stanford are contributing to the Cryogenic Dark Matter Search, an experiment searching for WIMPs as candidates for dark matter. Identify all of the following three fundamental forces that are thought to affect WIMPs: 1) Gravity; 2) Electromagnetism; 3) Weak force.",42,"""1 and 3""",[],SSB_2026
275f572af73fbe0baea4b65266d91fce0b57a0b6569c5528a6af41256e1fdb2e,DOUBLE ELIM 3,2026,12,6,BONUS,MULTIPLE_CHOICE,ENERGY,"Scientists in the Zong Group at Stanford are studying Mott insulators, which are insulators that band theory predicts to be metals. Which of the following best describes the band structure of most materials predicted to be metals?","Scientists in the Zong Group at Stanford are studying Mott insulators, which are insulators that band theory predicts to be metals. Which of the following best describes the band structure of most materials predicted to be metals?",37,"""X""","[""Conduction and valence bands entirely overlap"", ""Conduction and valence bands partially overlap"", ""Conduction and valence bands are adjacent but not overlapping"", ""Conduction and valence bands are far from each other""]",SSB_2026
275f572af73fbe0baea4b65266d91fce0b57a0b6569c5528a6af41256e1fdb2e,DOUBLE ELIM 3,2026,13,7,TOSSUP,MULTIPLE_CHOICE,BIOLOGY,A knockout mutation to which of the following enzymes will most likely lead to a high NADH to NAD+ ratio in the cell?,A knockout mutation to which of the following enzymes will most likely lead to a high NADH to NAD+ ratio in the cell?,23,"""Z""","[""Hexokinase"", ""Phosphofructokinase"", ""G3P dehydrogenase"", ""Lactate dehydrogenase""]",SSB_2026
275f572af73fbe0baea4b65266d91fce0b57a0b6569c5528a6af41256e1fdb2e,DOUBLE ELIM 3,2026,14,7,BONUS,SHORT_ANSWER,BIOLOGY,Order the following three aneuploidy disorders by increasing average lifespan of affected individuals: 1) Trisomy of chromosome 13; 2) Trisomy of chromosome 21; 3) Monosomy of X chromosome.,Order the following three aneuploidy disorders by increasing average lifespan of affected individuals: 1) Trisomy of chromosome 13; 2) Trisomy of chromosome 21; 3) Monosomy of X chromosome.,28,"""1, 2, 3""",[],SSB_2026
275f572af73fbe0baea4b65266d91fce0b57a0b6569c5528a6af41256e1fdb2e,DOUBLE ELIM 3,2026,15,8,TOSSUP,SHORT_ANSWER,PHYSICS,"What effect occurs when an applied magnetic field causes electrons of different spins to shift their energy levels in different directions, creating a split in the resulting spectral lines?","What effect occurs when an applied magnetic field causes electrons of different spins to shift their energy levels in different directions, creating a split in the resulting spectral lines?",29,"""Zeeman effect""",[],SSB_2026
275f572af73fbe0baea4b65266d91fce0b57a0b6569c5528a6af41256e1fdb2e,DOUBLE ELIM 3,2026,16,8,BONUS,MULTIPLE_CHOICE,PHYSICS,A proton and an alpha particle travel at the same velocity. What is the ratio of the de Broglie \textbf{[duh BROY]} wavelength of the proton to that of the alpha particle?,A proton and an alpha particle travel at the same velocity. What is the ratio of the de Broglie wavelength of the proton to that of the alpha particle?,29,"""Z""","[""1 to 4"", ""1 to 2"", ""2 to 1"", ""4 to 1""]",SSB_2026
275f572af73fbe0baea4b65266d91fce0b57a0b6569c5528a6af41256e1fdb2e,DOUBLE ELIM 3,2026,17,9,TOSSUP,SHORT_ANSWER,EARTH_SPACE,Identify all of the following three objects that indicate the occurrence of star formation: 1) Bok globules; 2) OB associations; 3) T Tauri associations.,Identify all of the following three objects that indicate the occurrence of star formation: 1) Bok globules; 2) OB associations; 3) T Tauri associations.,24,"""All""",[],SSB_2026
275f572af73fbe0baea4b65266d91fce0b57a0b6569c5528a6af41256e1fdb2e,DOUBLE ELIM 3,2026,18,9,BONUS,SHORT_ANSWER,EARTH_SPACE,Identify all of the following three coastal features that indicate the presence of a submergent shoreline: 1) Fjords; 2) Marine terraces; 3) Wave-cut platforms.,Identify all of the following three coastal features that indicate the presence of a submergent shoreline: 1) Fjords; 2) Marine terraces; 3) Wave-cut platforms.,24,"""1 and 3""",[],SSB_2026
275f572af73fbe0baea4b65266d91fce0b57a0b6569c5528a6af41256e1fdb2e,DOUBLE ELIM 3,2026,19,10,TOSSUP,SHORT_ANSWER,CHEMISTRY,What region of an infrared spectrum contains a complex pattern of peaks unique to each molecule and is commonly used to confirm a compound’s identity?,What region of an infrared spectrum contains a complex pattern of peaks unique to each molecule and is commonly used to confirm a compound’s identity?,25,"""Fingerprint region""",[],SSB_2026
275f572af73fbe0baea4b65266d91fce0b57a0b6569c5528a6af41256e1fdb2e,DOUBLE ELIM 3,2026,20,10,BONUS,SHORT_ANSWER,CHEMISTRY,"An isotope decays in a first order reaction with a rate constant of 0.5 inverse seconds. To two significant figures, what is the ratio of the initial concentration of the isotope to its concentration after 2.1 seconds?","An isotope decays in a first order reaction with a rate constant of 0.5 inverse seconds. To two significant figures, what is the ratio of the initial concentration of the isotope to its concentration after 2.1 seconds?",37,"""2.8""",[],SSB_2026
275f572af73fbe0baea4b65266d91fce0b57a0b6569c5528a6af41256e1fdb2e,DOUBLE ELIM 3,2026,21,11,TOSSUP,SHORT_ANSWER,MATH,"What is the space diagonal of a four-dimensional rectangular prism with side lengths of 2, 4, 5, and 6?","What is the space diagonal of a four-dimensional rectangular prism with side lengths of 2, 4, 5, and 6?",19,"""9""",[],SSB_2026
275f572af73fbe0baea4b65266d91fce0b57a0b6569c5528a6af41256e1fdb2e,DOUBLE ELIM 3,2026,22,11,BONUS,SHORT_ANSWER,MATH,"Mark constructs a unit circle and inscribes a square inside the circle. He then inscribes a circle inside the square, and then a square inside that circle, and repeats this process indefinitely. The total area of all the circles approaches what value?","Mark constructs a unit circle and inscribes a square inside the circle. He then inscribes a circle inside the square, and then a square inside that circle, and repeats this process indefinitely. The total area of all the circles approaches what value?",42,"""$2\\pi$""",[],SSB_2026
275f572af73fbe0baea4b65266d91fce0b57a0b6569c5528a6af41256e1fdb2e,DOUBLE ELIM 3,2026,23,12,TOSSUP,MULTIPLE_CHOICE,ENERGY,Scientists at UCLA's Koehler Lab are studyng Meiosis I arrest abnormalities affect human reproduction. How many homologous chromosomes are in each human sperm cell after the completion of meiosis?,Scientists at UCLA's Koehler Lab are studyng Meiosis I arrest abnormalities affect human reproduction. How many homologous chromosomes are in each human sperm cell after the completion of meiosis?,29,"""W""","[""0"", ""2"", ""23"", ""46""]",SSB_2026
275f572af73fbe0baea4b65266d91fce0b57a0b6569c5528a6af41256e1fdb2e,DOUBLE ELIM 3,2026,24,12,BONUS,SHORT_ANSWER,ENERGY,Scientists at UCLA are designing an ocean-based carbon removal facility. They wish to build their scaffold on a feature that will not easily erode. Identify all of the following three coastal landforms that are NOT erosional in nature: 1) Sea stacks; 2) Baymouth bars 3) Wave-cut platforms.,Scientists at UCLA are designing an ocean-based carbon removal facility. They wish to build their scaffold on a feature that will not easily erode. Identify all of the following three coastal landforms that are NOT erosional in nature: 1) Sea stacks; 2) Baymouth bars 3) Wave-cut platforms.,47,"""2 only""",[],SSB_2026
275f572af73fbe0baea4b65266d91fce0b57a0b6569c5528a6af41256e1fdb2e,DOUBLE ELIM 3,2026,25,13,TOSSUP,SHORT_ANSWER,BIOLOGY,"In maize, what shield-shaped cotyledon \textbf{[koh-tuh-LEE-din]} absorbs nutrients from the endosperm and transfers them to the developing embryo during germination?","In maize, what shield-shaped cotyledon absorbs nutrients from the endosperm and transfers them to the developing embryo during germination?",19,"""Scutellum""",[],SSB_2026
275f572af73fbe0baea4b65266d91fce0b57a0b6569c5528a6af41256e1fdb2e,DOUBLE ELIM 3,2026,26,13,BONUS,SHORT_ANSWER,BIOLOGY,"Edwin and his father Edbig go camping when Edbig is attacked by a bear. Edwin can either run away with his survival guaranteed or attempt to save his father. If Edwin can have 4 offspring and Edbig can have 2 more offspring, what is the minimum probability that Edwin survives that makes saving his father evolutionarily favorable?","Edwin and his father Edbig go camping when Edbig is attacked by a bear. Edwin can either run away with his survival guaranteed or attempt to save his father. If Edwin can have 4 offspring and Edbig can have 2 more offspring, what is the minimum probability that Edwin survives that makes saving his father evolutionarily favorable?",57,"""0.75 [AS-JHU] GEN""",[],SSB_2026
275f572af73fbe0baea4b65266d91fce0b57a0b6569c5528a6af41256e1fdb2e,DOUBLE ELIM 3,2026,27,14,TOSSUP,SHORT_ANSWER,PHYSICS,"The process by which a photon can hit an excited electron causing it to drop to a lower energy state is known as what type of emission, critical to the operation of lasers?","The process by which a photon can hit an excited electron causing it to drop to a lower energy state is known as what type of emission, critical to the operation of lasers?",33,"""Stimulated""",[],SSB_2026
275f572af73fbe0baea4b65266d91fce0b57a0b6569c5528a6af41256e1fdb2e,DOUBLE ELIM 3,2026,28,14,BONUS,MULTIPLE_CHOICE,PHYSICS,Which of the following best describes the charge produced on the surface of a spherical conductor from a charge Q in a cavity near the surface of the conductor?,Which of the following best describes the charge produced on the surface of a spherical conductor from a charge Q in a cavity near the surface of the conductor?,29,"""Y""","[""Charge less than Q evenly distributed over the surface"", ""Charge less than Q unevenly distributed over the surface"", ""Charge equal to Q evenly distributed over the surface"", ""Charge equal to Q unevely distributed over the surface""]",SSB_2026
275f572af73fbe0baea4b65266d91fce0b57a0b6569c5528a6af41256e1fdb2e,DOUBLE ELIM 3,2026,29,15,TOSSUP,SHORT_ANSWER,EARTH_SPACE,Rank the following three spectral classes in terms of increasing strength of hydrogen absorption lines in their spectra: 1) O; 2) A; 3) M.,Rank the following three spectral classes in terms of increasing strength of hydrogen absorption lines in their spectra: 1) O; 2) A; 3) M.,24,"""2, 3, 1""",[],SSB_2026
275f572af73fbe0baea4b65266d91fce0b57a0b6569c5528a6af41256e1fdb2e,DOUBLE ELIM 3,2026,30,15,BONUS,MULTIPLE_CHOICE,EARTH_SPACE,Seismic waves recorded on crystalline bedrock typically exhibit larger amplitudes than those recorded on unconsolidated sandstone at the same distance from an epicenter. Which of the following best explains this difference?,Seismic waves recorded on crystalline bedrock typically exhibit larger amplitudes than those recorded on unconsolidated sandstone at the same distance from an epicenter. Which of the following best explains this difference?,31,"""X""","[""Sandstone reflects more energy at grain boundaries, increasing wave speed"", ""Loose, water-rich sediments dissipate energy through internal friction and scattering"", ""Bedrock amplifies waves through resonance"", ""Sandstone has a higher bulk modulus than crystalline rock""]",SSB_2026
275f572af73fbe0baea4b65266d91fce0b57a0b6569c5528a6af41256e1fdb2e,DOUBLE ELIM 3,2026,31,16,TOSSUP,SHORT_ANSWER,CHEMISTRY,Identify all of the following three reactions which are examples of disproportionation: 1) Two ethyl radicals form ethylene and ethane; 2) Superoxide ions form oxygen gas and hydrogen peroxide; 3) Potassium permanganate and manganese sulfate form manganese oxide.,Identify all of the following three reactions which are examples of disproportionation: 1) Two ethyl radicals form ethylene and ethane; 2) Superoxide ions form oxygen gas and hydrogen peroxide; 3) Potassium permanganate and manganese sulfate form manganese oxide.,38,"""1 and 2""",[],SSB_2026
275f572af73fbe0baea4b65266d91fce0b57a0b6569c5528a6af41256e1fdb2e,DOUBLE ELIM 3,2026,32,16,BONUS,SHORT_ANSWER,CHEMISTRY,Identify all of the following three statements which are true about water's HOMO \textbf{[ho-mo]} and LUMO \textbf{[lu-mo]}: 1) Water's molecular plane is the nodal plane of its HOMO; 2) Water's HOMO is non-bonding; 3) Water's LUMO promotes nucleophilic activity.,Identify all of the following three statements which are true about water's HOMO and LUMO : 1) Water's molecular plane is the nodal plane of its HOMO; 2) Water's HOMO is non-bonding; 3) Water's LUMO promotes nucleophilic activity.,38,"""1 and 2""",[],SSB_2026
275f572af73fbe0baea4b65266d91fce0b57a0b6569c5528a6af41256e1fdb2e,DOUBLE ELIM 3,2026,33,17,TOSSUP,SHORT_ANSWER,MATH,What is the maximum possible number of intersection points between nine circles?,What is the maximum possible number of intersection points between nine circles?,12,"""72""",[],SSB_2026
275f572af73fbe0baea4b65266d91fce0b57a0b6569c5528a6af41256e1fdb2e,DOUBLE ELIM 3,2026,34,17,BONUS,SHORT_ANSWER,MATH,A rectangular room has an area of 42 and a perimeter of 34. What is the length of the smallest side of the room?,A rectangular room has an area of 42 and a perimeter of 34. What is the length of the smallest side of the room?,24,"""3""",[],SSB_2026
275f572af73fbe0baea4b65266d91fce0b57a0b6569c5528a6af41256e1fdb2e,DOUBLE ELIM 3,2026,35,18,TOSSUP,MULTIPLE_CHOICE,ENERGY,Scientists at the Johns Hopkins Thoi Lab are investigating elements with high chemical stability for use in fuel cells. Which of the following elements has the highest first ionization energy?,Scientists at the Johns Hopkins Thoi Lab are investigating elements with high chemical stability for use in fuel cells. Which of the following elements has the highest first ionization energy?,30,"""Y""","[""Lithium"", ""Copper"", ""Silicon"", ""Sodium""]",SSB_2026
275f572af73fbe0baea4b65266d91fce0b57a0b6569c5528a6af41256e1fdb2e,DOUBLE ELIM 3,2026,36,18,BONUS,SHORT_ANSWER,ENERGY,Scientists at the Johns Hopkins Maksimovic Lab are studying the hadronic decays of heavy particles produced by the Large Hadron Collider. Identify all of the following particles that could be produced by hadronic decay: 1) Proton; 2) Tauon; 3) Pion.,Scientists at the Johns Hopkins Maksimovic Lab are studying the hadronic decays of heavy particles produced by the Large Hadron Collider. Identify all of the following particles that could be produced by hadronic decay: 1) Proton; 2) Tauon; 3) Pion.,40,"""1 and 3""",[],SSB_2026
275f572af73fbe0baea4b65266d91fce0b57a0b6569c5528a6af41256e1fdb2e,DOUBLE ELIM 3,2026,37,19,TOSSUP,MULTIPLE_CHOICE,BIOLOGY,Which of the following best describes how the primary nitrogenous waste excreted by a frog changes as it ages into an adult?,Which of the following best describes how the primary nitrogenous waste excreted by a frog changes as it ages into an adult?,22,"""Y""","[""Urea to ammonia"", ""Urea to uric acid"", ""Ammonia to urea"", ""Ammonia to uric acid""]",SSB_2026
275f572af73fbe0baea4b65266d91fce0b57a0b6569c5528a6af41256e1fdb2e,DOUBLE ELIM 3,2026,38,19,BONUS,SHORT_ANSWER,BIOLOGY,"In a mature oak tree, order the following three cells by increasing distance from the pith: 1) Youngest vessel element; 2) Youngest sieve tube element; 3) Oldest sieve tube element.","In a mature oak tree, order the following three cells by increasing distance from the pith: 1) Youngest vessel element; 2) Youngest sieve tube element; 3) Oldest sieve tube element.",30,"""1, 2, 3""",[],SSB_2026
275f572af73fbe0baea4b65266d91fce0b57a0b6569c5528a6af41256e1fdb2e,DOUBLE ELIM 3,2026,39,20,TOSSUP,MULTIPLE_CHOICE,PHYSICS,The useful work extractable from a closed thermodynamic system at constant temperature is given by which of the following quantities?,The useful work extractable from a closed thermodynamic system at constant temperature is given by which of the following quantities?,20,"""Z""","[""Enthalpy"", ""Entropy"", ""Gibbs free energy"", ""Helmholtz free energy""]",SSB_2026
275f572af73fbe0baea4b65266d91fce0b57a0b6569c5528a6af41256e1fdb2e,DOUBLE ELIM 3,2026,40,20,BONUS,SHORT_ANSWER,PHYSICS,A material with dielectric constant 4 is placed within a parallel plate capacitor such that it covers the entire area of one plate and extends halfway to the other plate. By what factor is the capacitance multiplied after the material is placed inside?,A material with dielectric constant 4 is placed within a parallel plate capacitor such that it covers the entire area of one plate and extends halfway to the other plate. By what factor is the capacitance multiplied after the material is placed inside?,43,"""1.6""",[],SSB_2026
275f572af73fbe0baea4b65266d91fce0b57a0b6569c5528a6af41256e1fdb2e,DOUBLE ELIM 3,2026,41,21,TOSSUP,SHORT_ANSWER,EARTH_SPACE,Coronal mass ejections often erupt from what loop-shaped magnetic plasma structures that extend from the photosphere?,Coronal mass ejections often erupt from what loop-shaped magnetic plasma structures that extend from the photosphere?,16,"""Solar prominences (accept filaments)""",[],SSB_2026
275f572af73fbe0baea4b65266d91fce0b57a0b6569c5528a6af41256e1fdb2e,DOUBLE ELIM 3,2026,42,21,BONUS,MULTIPLE_CHOICE,EARTH_SPACE,Which of the following crystal habits is most likely to develop in an environment with very few nucleation sites?,Which of the following crystal habits is most likely to develop in an environment with very few nucleation sites?,19,"""Z""","[""Botryoidal \\textbf{[boh-tree-OY-dul]}"", ""Drusy \\textbf{[DROO-zee]}"", ""Massive"", ""Prismatic""]",SSB_2026
275f572af73fbe0baea4b65266d91fce0b57a0b6569c5528a6af41256e1fdb2e,DOUBLE ELIM 3,2026,43,22,TOSSUP,SHORT_ANSWER,CHEMISTRY,What is the angular momentum of an electron in a 3s orbital?,What is the angular momentum of an electron in a 3s orbital?,12,"""Zero""",[],SSB_2026
275f572af73fbe0baea4b65266d91fce0b57a0b6569c5528a6af41256e1fdb2e,DOUBLE ELIM 3,2026,44,22,BONUS,MULTIPLE_CHOICE,CHEMISTRY,Which of the following is true about the quantum particle in a box model?,Which of the following is true about the quantum particle in a box model?,14,"""Y""","[""The particle is confined to a region of finite nonzero potential"", ""The particle's wavefunction has nonzero value everywhere due to tunneling"", ""The particle's wavefunction inside the box has the same form as a free particle"", ""The particle can only take on finitely many energy values""]",SSB_2026
275f572af73fbe0baea4b65266d91fce0b57a0b6569c5528a6af41256e1fdb2e,DOUBLE ELIM 3,2026,45,23,TOSSUP,SHORT_ANSWER,MATH,"A rectangular prism has three faces of area 8, 14, and 28. What is the volume of the prism?","A rectangular prism has three faces of area 8, 14, and 28. What is the volume of the prism?",19,"""56""",[],SSB_2026
275f572af73fbe0baea4b65266d91fce0b57a0b6569c5528a6af41256e1fdb2e,DOUBLE ELIM 3,2026,46,23,BONUS,SHORT_ANSWER,MATH,Order the following three numbers in different bases from smallest to largest when expressed in base 10: 1) 1012 base 3 \textbf{[one zero one two base three]}; 2) 133 base 8 \textbf{[one three three base eight]}; 3) 210 base 5 \textbf{[two one zero base five]}.,Order the following three numbers in different bases from smallest to largest when expressed in base 10: 1) 1012 base 3 ; 2) 133 base 8 ; 3) 210 base 5 .,32,"""1, 3, 2""",[],SSB_2026
996270cc0498c447d9dadc9286e8f304b6eacc251a745f3bc48e5ea542e2fbfb,DOUBLE ELIM 4,2026,1,1,TOSSUP,MULTIPLE_CHOICE,BIOLOGY,"Katherine is spinning in her gaming chair, accelerating only in the counterclockwise direction. As she gains speed, which of the following best describes action potential frequency in afferent neurons from her utricle and saccule, respectively?","Katherine is spinning in her gaming chair, accelerating only in the counterclockwise direction. As she gains speed, which of the following best describes action potential frequency in afferent neurons from her utricle and saccule, respectively?",35,"""Z""","[""Increased frequency, increased frequency"", ""Increased frequency, baseline frequency"", ""Baseline frequency, increased frequency"", ""Baseline frequency, baseline frequency""]",SSB_2026
996270cc0498c447d9dadc9286e8f304b6eacc251a745f3bc48e5ea542e2fbfb,DOUBLE ELIM 4,2026,2,1,BONUS,SHORT_ANSWER,BIOLOGY,Identify all of the following three roles that all amino acids can act as: 1) Hydrogen bond donor; 2) Electron pair donor; 3) Proton donor.,Identify all of the following three roles that all amino acids can act as: 1) Hydrogen bond donor; 2) Electron pair donor; 3) Proton donor.,25,"""All""",[],SSB_2026
996270cc0498c447d9dadc9286e8f304b6eacc251a745f3bc48e5ea542e2fbfb,DOUBLE ELIM 4,2026,3,2,TOSSUP,SHORT_ANSWER,PHYSICS,A hoop of mass m and radius r is rolling without slipping down a hill at speed v. What is the ratio of rotational kinetic energy to linear kinetic energy for the hoop?,A hoop of mass m and radius r is rolling without slipping down a hill at speed v. What is the ratio of rotational kinetic energy to linear kinetic energy for the hoop?,33,"""1:1 (ACCEPT: 1)""",[],SSB_2026
996270cc0498c447d9dadc9286e8f304b6eacc251a745f3bc48e5ea542e2fbfb,DOUBLE ELIM 4,2026,4,2,BONUS,SHORT_ANSWER,PHYSICS,Identify all of the following four terms that are present in the Fourier series of a square wave function with period $2\pi$ that begins at the origin: 1) $\sin{x}$; 2) $\sin{2x}$; 3) $\cos{x}$; 4) $\cos{2x}$.,Identify all of the following four terms that are present in the Fourier series of a square wave function with period that begins at the origin: 1) ; 2) ; 3) ; 4) .,34,"""1 only""",[],SSB_2026
996270cc0498c447d9dadc9286e8f304b6eacc251a745f3bc48e5ea542e2fbfb,DOUBLE ELIM 4,2026,5,3,TOSSUP,MULTIPLE_CHOICE,EARTH_SPACE,"Although most of the exoplanets discovered so far have been within a few hundred light-years of Earth, a select few were detected at a distance of tens of thousands of light years. These exoplanets were detected using which method?","Although most of the exoplanets discovered so far have been within a few hundred light-years of Earth, a select few were detected at a distance of tens of thousands of light years. These exoplanets were detected using which method?",39,"""X""","[""Transit photometry"", ""Gravitational microlensing"", ""Radial velocity"", ""Direct imaging""]",SSB_2026
996270cc0498c447d9dadc9286e8f304b6eacc251a745f3bc48e5ea542e2fbfb,DOUBLE ELIM 4,2026,6,3,BONUS,MULTIPLE_CHOICE,EARTH_SPACE,Which of the following best describes the expected state of the Local Group approximately 500 billion years in the future?,Which of the following best describes the expected state of the Local Group approximately 500 billion years in the future?,20,"""X""","[""The group will have expanded significantly due to dark energy, isolating all member galaxies"", ""The group will have merged into a single, massive elliptical galaxy"", ""Most stars will have been ejected into intergalactic space, leaving only black holes"", ""Star formation will have completely ceased leaving behind dead galaxies""]",SSB_2026
996270cc0498c447d9dadc9286e8f304b6eacc251a745f3bc48e5ea542e2fbfb,DOUBLE ELIM 4,2026,7,4,TOSSUP,SHORT_ANSWER,CHEMISTRY,"In chemical kinetics, what term describes the change in a reaction’s rate constant when hydrogen is replaced by deuterium, due to differences in zero-point energy and bond vibrational frequencies?","In chemical kinetics, what term describes the change in a reaction’s rate constant when hydrogen is replaced by deuterium, due to differences in zero-point energy and bond vibrational frequencies?",29,"""Kinetic isotope effect""",[],SSB_2026
996270cc0498c447d9dadc9286e8f304b6eacc251a745f3bc48e5ea542e2fbfb,DOUBLE ELIM 4,2026,8,4,BONUS,SHORT_ANSWER,CHEMISTRY,"At the Boyle temperature, what is the exponent of the leading-order term describing the deviation of the compressibility factor 
Z from ideal behavior when the virial equation is written as a power series in density?","At the Boyle temperature, what is the exponent of the leading-order term describing the deviation of the compressibility factor Z from ideal behavior when the virial equation is written as a power series in density?",35,"""2 (ACCEPT: Second order)""",[],SSB_2026
996270cc0498c447d9dadc9286e8f304b6eacc251a745f3bc48e5ea542e2fbfb,DOUBLE ELIM 4,2026,9,5,TOSSUP,SHORT_ANSWER,MATH,"Keqing is travelling to Ganyu's house, which is 5 miles away. If she needs to be there in 15 minutes and jogs the first two miles in 10 minutes, how fast in miles per hour does Keqing need to travel in order to reach Ganyu's house on time?","Keqing is travelling to Ganyu's house, which is 5 miles away. If she needs to be there in 15 minutes and jogs the first two miles in 10 minutes, how fast in miles per hour does Keqing need to travel in order to reach Ganyu's house on time?",48,"""36""",[],SSB_2026
996270cc0498c447d9dadc9286e8f304b6eacc251a745f3bc48e5ea542e2fbfb,DOUBLE ELIM 4,2026,10,5,BONUS,SHORT_ANSWER,MATH,"What is the determinant of the $3 \times 3$ matrix with first row 1, 3, 5, second row 0, 0, 3, and third row -1, 1, 1?","What is the determinant of the matrix with first row 1, 3, 5, second row 0, 0, 3, and third row -1, 1, 1?",24,"""-2""",[],SSB_2026
996270cc0498c447d9dadc9286e8f304b6eacc251a745f3bc48e5ea542e2fbfb,DOUBLE ELIM 4,2026,11,6,TOSSUP,SHORT_ANSWER,ENERGY,"Researchers at the Stanford Institute for Human-Centered Artificial Intelligence are studying new methods of policy optimization in machine learning. What machine learning paradigm are these researchers studying, which attempts to determine how a model should act in an environment to maximize a reward?","Researchers at the Stanford Institute for Human-Centered Artificial Intelligence are studying new methods of policy optimization in machine learning. What machine learning paradigm are these researchers studying, which attempts to determine how a model should act in an environment to maximize a reward?",43,"""Reinforcement learning""",[],SSB_2026
996270cc0498c447d9dadc9286e8f304b6eacc251a745f3bc48e5ea542e2fbfb,DOUBLE ELIM 4,2026,12,6,BONUS,SHORT_ANSWER,ENERGY,"Scientists at Stanford are analyzing the structure of an unknown organic compound with IR spectroscopy, and they notice an absorption peak at around 1700 inverse centimeters. Identify all of the following three compounds that this peak could indicate:","Scientists at Stanford are analyzing the structure of an unknown organic compound with IR spectroscopy, and they notice an absorption peak at around 1700 inverse centimeters. Identify all of the following three compounds that this peak could indicate:",38,"""All of them""",[],SSB_2026
996270cc0498c447d9dadc9286e8f304b6eacc251a745f3bc48e5ea542e2fbfb,DOUBLE ELIM 4,2026,13,7,TOSSUP,SHORT_ANSWER,BIOLOGY,"If the start codon accumulates random nucleotide substitutions over time, order the following three outcomes by increasing likelihood of occurance: 1) A silent mutation; 2) A missense mutation; 3) A nonsense mutation.","If the start codon accumulates random nucleotide substitutions over time, order the following three outcomes by increasing likelihood of occurance: 1) A silent mutation; 2) A missense mutation; 3) A nonsense mutation.",32,"""1, 3, 2""",[],SSB_2026
996270cc0498c447d9dadc9286e8f304b6eacc251a745f3bc48e5ea542e2fbfb,DOUBLE ELIM 4,2026,14,7,BONUS,SHORT_ANSWER,BIOLOGY,Order the following three stages of succession after a glacial retreat by increasing nitrogen content in the soil: 1) Spruce stage; 2) Alder stage; 3) Dryas stage.,Order the following three stages of succession after a glacial retreat by increasing nitrogen content in the soil: 1) Spruce stage; 2) Alder stage; 3) Dryas stage.,27,"""3, 2, 1""",[],SSB_2026
996270cc0498c447d9dadc9286e8f304b6eacc251a745f3bc48e5ea542e2fbfb,DOUBLE ELIM 4,2026,15,8,TOSSUP,SHORT_ANSWER,PHYSICS,A spacecraft intends to move from low Earth orbit to a geostationary orbit. What orbital maneuver will allow the spacecraft to make the move with the smallest required delta v?,A spacecraft intends to move from low Earth orbit to a geostationary orbit. What orbital maneuver will allow the spacecraft to make the move with the smallest required delta v?,30,"""Hohmann transfer""",[],SSB_2026
996270cc0498c447d9dadc9286e8f304b6eacc251a745f3bc48e5ea542e2fbfb,DOUBLE ELIM 4,2026,16,8,BONUS,MULTIPLE_CHOICE,PHYSICS,"Claire constructs a parallel plate capacitor consisting of two square plates of a conductor, each of side length $L$ which has capacitance $C_1$ when the two places are placed a distance $d$ apart. She then modifies the capacitor by trimming the square plates into circular plates, such that each circle has diameter $L$. The resulting capacitor has capacitance $C_2$ at the same distance $d$. What is the radio $C_2$ over $C_1$?","Claire constructs a parallel plate capacitor consisting of two square plates of a conductor, each of side length which has capacitance when the two places are placed a distance apart. She then modifies the capacitor by trimming the square plates into circular plates, such that each circle has diameter . The resulting capacitor has capacitance at the same distance . What is the radio over ?",66,"""Y""","[""$\\frac{1}{4}$"", ""$\\frac{1}{2}$"", ""$\\frac{\\pi}{4}$"", ""$\\frac{\\pi}{2}$""]",SSB_2026
996270cc0498c447d9dadc9286e8f304b6eacc251a745f3bc48e5ea542e2fbfb,DOUBLE ELIM 4,2026,17,9,TOSSUP,SHORT_ANSWER,EARTH_SPACE,Identify all of the following three quantities that are thought to be equal to zero for axions: 1) Mass; 2) Charge; 3) Spin.,Identify all of the following three quantities that are thought to be equal to zero for axions: 1) Mass; 2) Charge; 3) Spin.,23,"""2 and 3""",[],SSB_2026
996270cc0498c447d9dadc9286e8f304b6eacc251a745f3bc48e5ea542e2fbfb,DOUBLE ELIM 4,2026,18,9,BONUS,MULTIPLE_CHOICE,EARTH_SPACE,Which of the following best explains why cirrus clouds located above a lower layer of nimbostratus clouds often lead to a significant increase in snowfall?,Which of the following best explains why cirrus clouds located above a lower layer of nimbostratus clouds often lead to a significant increase in snowfall?,25,"""X""","[""They reduce the vapor pressure of the surrounding air, accelerating the Bergeron process"", ""They precipitate out ice crystals that act as condensation nuclei for snow"", ""They reflect incoming shortwave radiation, lowering the cloud base temperature"", ""The high clouds create a vacuum that pulls moisture upward from the lower clouds""]",SSB_2026
996270cc0498c447d9dadc9286e8f304b6eacc251a745f3bc48e5ea542e2fbfb,DOUBLE ELIM 4,2026,19,10,TOSSUP,MULTIPLE_CHOICE,CHEMISTRY,Which of the following correctly describes what happens when electrons in semiconductors are excited across the band gap?,Which of the following correctly describes what happens when electrons in semiconductors are excited across the band gap?,18,"""Z""","[""Electrons jump from HOMO to LUMO"", ""Electrons jump from LUMO to HOMO"", ""Electrons jump from conduction band to valence band"", ""Electrons jump from valence band to conduction band""]",SSB_2026
996270cc0498c447d9dadc9286e8f304b6eacc251a745f3bc48e5ea542e2fbfb,DOUBLE ELIM 4,2026,20,10,BONUS,SHORT_ANSWER,CHEMISTRY,"Surya wants to determine if he needs to implement cathodic protection in a steel water heater to prevent corrosion from particularly alkaline water. To do so, he plots the stabilities of various phases of iron at different pH values and voltaic potentials. What type of diagram has he constructed?","Surya wants to determine if he needs to implement cathodic protection in a steel water heater to prevent corrosion from particularly alkaline water. To do so, he plots the stabilities of various phases of iron at different pH values and voltaic potentials. What type of diagram has he constructed?",49,"""Pourbaix \\textbf{[poor-BAY]}""",[],SSB_2026
996270cc0498c447d9dadc9286e8f304b6eacc251a745f3bc48e5ea542e2fbfb,DOUBLE ELIM 4,2026,21,11,TOSSUP,MULTIPLE_CHOICE,MATH,Which of the following techniques does not give an exact value for the area under the curve f(x) = 5x + 6 from x = 0 to x = 2?,Which of the following techniques does not give an exact value for the area under the curve f(x) = 5x + 6 from x = 0 to x = 2?,30,"""Z""","[""Definite integral"", ""Midpoint Riemann sum with three subintervals"", ""Trapezoidal Riemann sum with four subintervals"", ""Left Riemann sum with five subintervals""]",SSB_2026
996270cc0498c447d9dadc9286e8f304b6eacc251a745f3bc48e5ea542e2fbfb,DOUBLE ELIM 4,2026,22,11,BONUS,SHORT_ANSWER,MATH,A sphere in 3D space contains points in $n$ octants. What is the sum of all possible values of $n$?,A sphere in 3D space contains points in octants. What is the sum of all possible values of ?,19,"""36""",[],SSB_2026
996270cc0498c447d9dadc9286e8f304b6eacc251a745f3bc48e5ea542e2fbfb,DOUBLE ELIM 4,2026,23,12,TOSSUP,MULTIPLE_CHOICE,ENERGY,"Scientists at UCLA's Graphics Center are designing algorithms to process multidimensional data. If an algorithm processes every element in an N by N grid exactly once, what is the algorithm’s asymptotic time complexity?","Scientists at UCLA's Graphics Center are designing algorithms to process multidimensional data. If an algorithm processes every element in an N by N grid exactly once, what is the algorithm’s asymptotic time complexity?",33,"""Y""","[""O of one"", ""O of N"", ""O of N squared"", ""O of log N""]",SSB_2026
996270cc0498c447d9dadc9286e8f304b6eacc251a745f3bc48e5ea542e2fbfb,DOUBLE ELIM 4,2026,24,12,BONUS,SHORT_ANSWER,ENERGY,Scientists at the Johns Hopkins Sing Lab are studying the atmospheric composition of exoplanets. Order the following planets in increasing gravitational field strength: 1) Planet with mass M and radius R/2; 2) Planet with mass 2M and radius R; 3) Planet with mass M/4 and radius 4R.,Scientists at the Johns Hopkins Sing Lab are studying the atmospheric composition of exoplanets. Order the following planets in increasing gravitational field strength: 1) Planet with mass M and radius R/2; 2) Planet with mass 2M and radius R; 3) Planet with mass M/4 and radius 4R.,47,"""3, 2, 1""",[],SSB_2026
996270cc0498c447d9dadc9286e8f304b6eacc251a745f3bc48e5ea542e2fbfb,DOUBLE ELIM 4,2026,25,13,TOSSUP,SHORT_ANSWER,BIOLOGY,The primary electron acceptor in photosystem I transfers photoexcited electrons to what iron-sulfur protein that will reduce NADP+ to create NADPH?,The primary electron acceptor in photosystem I transfers photoexcited electrons to what iron-sulfur protein that will reduce NADP+ to create NADPH?,21,"""Ferredoxin (ACCEPT: Ferredoxin-NADP+ reductase)""",[],SSB_2026
996270cc0498c447d9dadc9286e8f304b6eacc251a745f3bc48e5ea542e2fbfb,DOUBLE ELIM 4,2026,26,13,BONUS,MULTIPLE_CHOICE,BIOLOGY,Which of the following organisms has higher blood pressure in arteries supplying respiratory capillaries than in arteries supplying the capillaries of other body tissues?,Which of the following organisms has higher blood pressure in arteries supplying respiratory capillaries than in arteries supplying the capillaries of other body tissues?,24,"""Z""","[""Frog"", ""Bird"", ""Turtle"", ""Fish""]",SSB_2026
996270cc0498c447d9dadc9286e8f304b6eacc251a745f3bc48e5ea542e2fbfb,DOUBLE ELIM 4,2026,27,14,TOSSUP,MULTIPLE_CHOICE,PHYSICS,"A string is attached to a wall at one end. Eddy pulls on the string at the other end creating a tension T on the string. He notices that a wave travelling along the string travels at speed v. Eddy then pulls harder on the string, increasing its tension to 3T. At what speed does a wave travel along the string?","A string is attached to a wall at one end. Eddy pulls on the string at the other end creating a tension T on the string. He notices that a wave travelling along the string travels at speed v. Eddy then pulls harder on the string, increasing its tension to 3T. At what speed does a wave travel along the string?",61,"""W""","[""$\\sqrt(3)$ v"", ""v"", ""3v"", ""9v""]",SSB_2026
996270cc0498c447d9dadc9286e8f304b6eacc251a745f3bc48e5ea542e2fbfb,DOUBLE ELIM 4,2026,28,14,BONUS,SHORT_ANSWER,PHYSICS,"Evan and Shelly both hold cylindrical metal bars that are 1 meter in length.  Evan begins spinning his bar about its center. Ashley starts spinning her bar about its end.  Assuming both rods are now spinning at the same angular velocity $\omega$ [Omega], by what factor is the angular momentum of Shelly's bar greater than that of Evan's bar?","Evan and Shelly both hold cylindrical metal bars that are 1 meter in length. Evan begins spinning his bar about its center. Ashley starts spinning her bar about its end. Assuming both rods are now spinning at the same angular velocity [Omega], by what factor is the angular momentum of Shelly's bar greater than that of Evan's bar?",58,"""4""",[],SSB_2026
996270cc0498c447d9dadc9286e8f304b6eacc251a745f3bc48e5ea542e2fbfb,DOUBLE ELIM 4,2026,29,15,TOSSUP,SHORT_ANSWER,EARTH_SPACE,Order the following three eruptive types in terms of increasing strength: 1) Plinian; 2) Strombolian; 3) Vulcanian.,Order the following three eruptive types in terms of increasing strength: 1) Plinian; 2) Strombolian; 3) Vulcanian.,17,"""2, 3, 1""",[],SSB_2026
996270cc0498c447d9dadc9286e8f304b6eacc251a745f3bc48e5ea542e2fbfb,DOUBLE ELIM 4,2026,30,15,BONUS,MULTIPLE_CHOICE,EARTH_SPACE,"If Earth’s outer core were partially solidified such that P-wave speeds within it increased significantly, how would the angular width of the P-wave shadow zone change?","If Earth’s outer core were partially solidified such that P-wave speeds within it increased significantly, how would the angular width of the P-wave shadow zone change?",26,"""X""","[""Increase"", ""Decrease"", ""Remain the same"", ""Disappear entirely""]",SSB_2026
996270cc0498c447d9dadc9286e8f304b6eacc251a745f3bc48e5ea542e2fbfb,DOUBLE ELIM 4,2026,31,16,TOSSUP,SHORT_ANSWER,CHEMISTRY,A molecule has the formula C4H8 and contains a carbon-carbon double bond. Which of the following is capable of exhibiting cis-trans (E–Z) stereoisomerism?,A molecule has the formula C4H8 and contains a carbon-carbon double bond. Which of the following is capable of exhibiting cis-trans (E–Z) stereoisomerism?,23,"""X) 2-butene""",[],SSB_2026
996270cc0498c447d9dadc9286e8f304b6eacc251a745f3bc48e5ea542e2fbfb,DOUBLE ELIM 4,2026,32,16,BONUS,MULTIPLE_CHOICE,CHEMISTRY,Which of the following factors most significantly promotes an E2 mechanism over an SN2 mechanism in an organic reaction?,Which of the following factors most significantly promotes an E2 mechanism over an SN2 mechanism in an organic reaction?,19,"""Y""","[""Low temperature, protic solvent"", ""Low temperature, aprotic solvent"", ""High temperature, protic solvent"", ""High temperature, aprotic solvent""]",SSB_2026
996270cc0498c447d9dadc9286e8f304b6eacc251a745f3bc48e5ea542e2fbfb,DOUBLE ELIM 4,2026,33,17,TOSSUP,SHORT_ANSWER,MATH,"Cifera draws the line x = 12 in the Cartesian plane, and all of the points on the line of distance 13 from the point (5, 0). What is the sum of the x-coordinates of all the points she drew?","Cifera draws the line x = 12 in the Cartesian plane, and all of the points on the line of distance 13 from the point (5, 0). What is the sum of the x-coordinates of all the points she drew?",40,"""10""",[],SSB_2026
996270cc0498c447d9dadc9286e8f304b6eacc251a745f3bc48e5ea542e2fbfb,DOUBLE ELIM 4,2026,34,17,BONUS,SHORT_ANSWER,MATH,"What is the least common multiple of the three numbers 21, 35, and 56?","What is the least common multiple of the three numbers 21, 35, and 56?",14,"""840""",[],SSB_2026
996270cc0498c447d9dadc9286e8f304b6eacc251a745f3bc48e5ea542e2fbfb,DOUBLE ELIM 4,2026,35,18,TOSSUP,MULTIPLE_CHOICE,ENERGY,Scientists at the Johns Hopkins Reiss Lab measure the effects of dark energy using observations of Type Ia supernovae. Which of the following is NOT a reason why Type Ia supernovae are good candidates for studying dark energy?,Scientists at the Johns Hopkins Reiss Lab measure the effects of dark energy using observations of Type Ia supernovae. Which of the following is NOT a reason why Type Ia supernovae are good candidates for studying dark energy?,38,"""W""","[""Their brightness decreases linearly with time"", ""They have a consistent peak luminosity"", ""Their light curves follow a predictable shape"", ""They are observable across cosmological distances""]",SSB_2026
996270cc0498c447d9dadc9286e8f304b6eacc251a745f3bc48e5ea542e2fbfb,DOUBLE ELIM 4,2026,36,18,BONUS,SHORT_ANSWER,ENERGY,Scientists at the Johns Hopkins Bevan Lab are studying how colloidal particles self-assemble under external electric fields by mapping their energy landscapes. Identify all of the following three statements that are true about colloids: 1) Colloids can scatter light; 2) The average particle size in colloids is smaller than those in solutions; 3) Colloidal particles settle out over time.,Scientists at the Johns Hopkins Bevan Lab are studying how colloidal particles self-assemble under external electric fields by mapping their energy landscapes. Identify all of the following three statements that are true about colloids: 1) Colloids can scatter light; 2) The average particle size in colloids is smaller than those in solutions; 3) Colloidal particles settle out over time.,59,"""1 only""",[],SSB_2026
996270cc0498c447d9dadc9286e8f304b6eacc251a745f3bc48e5ea542e2fbfb,DOUBLE ELIM 4,2026,37,19,TOSSUP,SHORT_ANSWER,BIOLOGY,"The chloroplasts of cryptomonads contain small chromosomes that are transcribed within a tiny vestigial nucleus. What is the name of this remnant nucleus, which originates from secondary endosymbiosis?","The chloroplasts of cryptomonads contain small chromosomes that are transcribed within a tiny vestigial nucleus. What is the name of this remnant nucleus, which originates from secondary endosymbiosis?",28,"""Nucleomorph""",[],SSB_2026
996270cc0498c447d9dadc9286e8f304b6eacc251a745f3bc48e5ea542e2fbfb,DOUBLE ELIM 4,2026,38,19,BONUS,SHORT_ANSWER,BIOLOGY,Identify all of the following three statements that are true about angiosperm reproduction: 1) A sperm cell fuses with one polar nuclei to form the primary endosperm nucleus; 2) A generative cell undergoes meiosis to form two sperm cells in a pollen grain; 3) Antipodal cells attract the pollen tube to the ovule through chemical signals.,Identify all of the following three statements that are true about angiosperm reproduction: 1) A sperm cell fuses with one polar nuclei to form the primary endosperm nucleus; 2) A generative cell undergoes meiosis to form two sperm cells in a pollen grain; 3) Antipodal cells attract the pollen tube to the ovule through chemical signals.,56,"""None""",[],SSB_2026
996270cc0498c447d9dadc9286e8f304b6eacc251a745f3bc48e5ea542e2fbfb,DOUBLE ELIM 4,2026,39,20,TOSSUP,SHORT_ANSWER,PHYSICS,"An insulating sphere has a uniform charge density throughout its volume. Within the sphere, the electric field strength is proportional to the distance from its center raised to what power?","An insulating sphere has a uniform charge density throughout its volume. Within the sphere, the electric field strength is proportional to the distance from its center raised to what power?",30,"""1""",[],SSB_2026
996270cc0498c447d9dadc9286e8f304b6eacc251a745f3bc48e5ea542e2fbfb,DOUBLE ELIM 4,2026,40,20,BONUS,MULTIPLE_CHOICE,PHYSICS,"A physical pendulum is made by swinging a small statue about a pivot centered in its head. A sculptor creates a second statue out of the same material with each dimension twice that of the smaller statue. If the second statue is also made into a pendulum, which of the following is equal to the ratio between its period and the period of the smaller statue?","A physical pendulum is made by swinging a small statue about a pivot centered in its head. A sculptor creates a second statue out of the same material with each dimension twice that of the smaller statue. If the second statue is also made into a pendulum, which of the following is equal to the ratio between its period and the period of the smaller statue?",66,"""Y""","[""1 over square root of 2"", ""1"", ""Square root of 2"", ""2""]",SSB_2026
996270cc0498c447d9dadc9286e8f304b6eacc251a745f3bc48e5ea542e2fbfb,DOUBLE ELIM 4,2026,41,21,TOSSUP,MULTIPLE_CHOICE,EARTH_SPACE,"Samuel is looking for garnet in his thin section of eclogite. When looking under cross-polarized light, which of the following would be an indication that he has found garnet?","Samuel is looking for garnet in his thin section of eclogite. When looking under cross-polarized light, which of the following would be an indication that he has found garnet?",29,"""Z""","[""A mineral enters extinction in parallel bands"", ""A mineral enters extinction in perpendicular bands"", ""A mineral is in extinction at specific angles"", ""A mineral is in extinction at all angles""]",SSB_2026
996270cc0498c447d9dadc9286e8f304b6eacc251a745f3bc48e5ea542e2fbfb,DOUBLE ELIM 4,2026,42,21,BONUS,SHORT_ANSWER,EARTH_SPACE,Identify all of the following atmospheric conditions which would be beneficial for a strengthening tropical cyclone: 1) Upper-level divergence; 2) Westerly steering flow and easterly winds aloft; 3) Nearby strong upper-level trough,Identify all of the following atmospheric conditions which would be beneficial for a strengthening tropical cyclone: 1) Upper-level divergence; 2) Westerly steering flow and easterly winds aloft; 3) Nearby strong upper-level trough,32,"""1 only""",[],SSB_2026
996270cc0498c447d9dadc9286e8f304b6eacc251a745f3bc48e5ea542e2fbfb,DOUBLE ELIM 4,2026,43,22,TOSSUP,SHORT_ANSWER,CHEMISTRY,The deprotonation of a carbonyl species alpha to the carbonyl carbon forms what negatively charged functional group?,The deprotonation of a carbonyl species alpha to the carbonyl carbon forms what negatively charged functional group?,17,"""Enolate""",[],SSB_2026
996270cc0498c447d9dadc9286e8f304b6eacc251a745f3bc48e5ea542e2fbfb,DOUBLE ELIM 4,2026,44,22,BONUS,SHORT_ANSWER,CHEMISTRY,Charlie analyzes the production of acetaldehyde from ethylene and oxygen using proton NMR spectroscopy. What is the positive difference between the number of peaks he would observe between the reactants and the product?,Charlie analyzes the production of acetaldehyde from ethylene and oxygen using proton NMR spectroscopy. What is the positive difference between the number of peaks he would observe between the reactants and the product?,33,"""1""",[],SSB_2026
996270cc0498c447d9dadc9286e8f304b6eacc251a745f3bc48e5ea542e2fbfb,DOUBLE ELIM 4,2026,45,23,TOSSUP,SHORT_ANSWER,MATH,Steph notices that 49ers players are injured at a much higher rate than players from other teams. What probability distribution best models the rate at which players would be injured based on time played?,Steph notices that 49ers players are injured at a much higher rate than players from other teams. What probability distribution best models the rate at which players would be injured based on time played?,34,"""Poisson""",[],SSB_2026
996270cc0498c447d9dadc9286e8f304b6eacc251a745f3bc48e5ea542e2fbfb,DOUBLE ELIM 4,2026,46,23,BONUS,SHORT_ANSWER,MATH,How many real values of $x$ satisfy the equation $x^2 - |4x|-4=0$?,How many real values of satisfy the equation ?,9,"""2""",[],SSB_2026
2fa9b78d17abe64d2e95713595330c2a0bdf1db31749c2a851010064902518c7,DOUBLE ELIM 6,2026,1,1,TOSSUP,MULTIPLE_CHOICE,BIOLOGY,Which of the following vitamins would most likely not be found inside a chylomicron?,Which of the following vitamins would most likely not be found inside a chylomicron?,14,"""X""","[""Retinol"", ""Niacin"", ""Tocopherol"", ""Phylloquinone""]",SSB_2026
2fa9b78d17abe64d2e95713595330c2a0bdf1db31749c2a851010064902518c7,DOUBLE ELIM 6,2026,2,1,BONUS,SHORT_ANSWER,BIOLOGY,"Plant cells often maintain a high membrane surface area-to-cytosolic volume ratio. When placed in a hypertonic environment, this ratio decreases. Order the following three cells by increasing magnitude of the decrease: 1) Sieve tube element; 2) Palisade mesophyll cell; 3) Tracheid.","Plant cells often maintain a high membrane surface area-to-cytosolic volume ratio. When placed in a hypertonic environment, this ratio decreases. Order the following three cells by increasing magnitude of the decrease: 1) Sieve tube element; 2) Palisade mesophyll cell; 3) Tracheid.",41,"""3, 1, 2""",[],SSB_2026
2fa9b78d17abe64d2e95713595330c2a0bdf1db31749c2a851010064902518c7,DOUBLE ELIM 6,2026,3,2,TOSSUP,MULTIPLE_CHOICE,PHYSICS,Kaons were found to violate which of the following symmetries?,Kaons were found to violate which of the following symmetries?,10,"""Y""","[""C"", ""P"", ""CP"", ""CPT""]",SSB_2026
2fa9b78d17abe64d2e95713595330c2a0bdf1db31749c2a851010064902518c7,DOUBLE ELIM 6,2026,4,2,BONUS,SHORT_ANSWER,PHYSICS,"An RLC circuit consists of a 2 ohm resistor, a 20 millihenry inductor, and a 200 microfarad capacitor. What is the circuit's angular frequency of oscillation in radians per second?","An RLC circuit consists of a 2 ohm resistor, a 20 millihenry inductor, and a 200 microfarad capacitor. What is the circuit's angular frequency of oscillation in radians per second?",30,"""500""",[],SSB_2026
2fa9b78d17abe64d2e95713595330c2a0bdf1db31749c2a851010064902518c7,DOUBLE ELIM 6,2026,5,3,TOSSUP,SHORT_ANSWER,EARTH_SPACE,Identify all of the following factors that influence what tidal frequency a coastline exhibits: 1) Coastal geography; 2) Ocean currents; 3) Ocean bathymetry.,Identify all of the following factors that influence what tidal frequency a coastline exhibits: 1) Coastal geography; 2) Ocean currents; 3) Ocean bathymetry.,23,"""1 and 2""",[],SSB_2026
2fa9b78d17abe64d2e95713595330c2a0bdf1db31749c2a851010064902518c7,DOUBLE ELIM 6,2026,6,3,BONUS,SHORT_ANSWER,EARTH_SPACE,"Anurag has discovered a star with a peak wavelength in the UV! If the Sun has a temperature of 6000 K and a peak wavelength of 500 nm, then what is the minimum temperature of Anurag's star if the UV regime begins at 400 nm?","Anurag has discovered a star with a peak wavelength in the UV! If the Sun has a temperature of 6000 K and a peak wavelength of 500 nm, then what is the minimum temperature of Anurag's star if the UV regime begins at 400 nm?",45,"""7500 K""",[],SSB_2026
2fa9b78d17abe64d2e95713595330c2a0bdf1db31749c2a851010064902518c7,DOUBLE ELIM 6,2026,7,4,TOSSUP,MULTIPLE_CHOICE,CHEMISTRY,"When benzyne is reacted with 1,3-butadiene, how many pi bonds are in the resulting product?","When benzyne is reacted with 1,3-butadiene, how many pi bonds are in the resulting product?",15,"""X""","[""3"", ""4"", ""5"", ""6""]",SSB_2026
2fa9b78d17abe64d2e95713595330c2a0bdf1db31749c2a851010064902518c7,DOUBLE ELIM 6,2026,8,4,BONUS,MULTIPLE_CHOICE,CHEMISTRY,AIBN is a commonly used initiator in free radical polymerization. Which of the following polymers would not use AIBN as an initiator during synthesis?,AIBN is a commonly used initiator in free radical polymerization. Which of the following polymers would not use AIBN as an initiator during synthesis?,24,"""Y""","[""Polypropylene"", ""Polyvinyl chloride"", ""Polyester"", ""Polystyrene""]",SSB_2026
2fa9b78d17abe64d2e95713595330c2a0bdf1db31749c2a851010064902518c7,DOUBLE ELIM 6,2026,9,5,TOSSUP,SHORT_ANSWER,MATH,"The distribution of positive test scores for an exam has an average of 18 points and standard deviation of 18 points. Which of the following is true about the distribution of test scores? 
W) The distribution is skewed right
X) The distribution is skewed left
Y) The distribution is symmetric around 18  
Z) A score of 0 would be considered an outlier",The distribution of positive test scores for an exam has an average of 18 points and standard deviation of 18 points. Which of the following is true about the distribution of test scores? W) The distribution is skewed right X) The distribution is skewed left Y) The distribution is symmetric around 18 Z) A score of 0 would be considered an outlier,62,"""W) The distribution is skewed right""",[],SSB_2026
2fa9b78d17abe64d2e95713595330c2a0bdf1db31749c2a851010064902518c7,DOUBLE ELIM 6,2026,10,5,BONUS,SHORT_ANSWER,MATH,What is the term for the geometry in which the interior angles of a triangle sum to strictly less than 180 degrees?,What is the term for the geometry in which the interior angles of a triangle sum to strictly less than 180 degrees?,22,"""Hyperbolic""",[],SSB_2026
2fa9b78d17abe64d2e95713595330c2a0bdf1db31749c2a851010064902518c7,DOUBLE ELIM 6,2026,11,6,TOSSUP,MULTIPLE_CHOICE,ENERGY,"Scientists at Stanford's Leskovec Lab are using graph models to study patterns of social interactions, where each person is represented as a vertex and each interaction between two people is represented as an undirected edge. If there are $n$ people in a room, how many different possible interaction networks could exist?","Scientists at Stanford's Leskovec Lab are using graph models to study patterns of social interactions, where each person is represented as a vertex and each interaction between two people is represented as an undirected edge. If there are people in a room, how many different possible interaction networks could exist?",50,"""Y""","[""2^n"", ""n!"", ""$2^{\\binom{n}{2}}$ \\textbf{[two to the power of n choose 2]}"", ""$\\binom{n}{2}$ \\textbf{[n choose 2]}""]",SSB_2026
2fa9b78d17abe64d2e95713595330c2a0bdf1db31749c2a851010064902518c7,DOUBLE ELIM 6,2026,12,6,BONUS,MULTIPLE_CHOICE,ENERGY,The Schuster Lab at Stanford is working on materials that create the quantum Hall effect. Which of the following properties defines the quantum Hall effect as a variation of the normal Hall effect?,The Schuster Lab at Stanford is working on materials that create the quantum Hall effect. Which of the following properties defines the quantum Hall effect as a variation of the normal Hall effect?,33,"""X""","[""Its current is quantized"", ""Its resistance is quantized"", ""It occurs in superconductors"", ""It occurs outside of superconductors""]",SSB_2026
2fa9b78d17abe64d2e95713595330c2a0bdf1db31749c2a851010064902518c7,DOUBLE ELIM 6,2026,13,7,TOSSUP,SHORT_ANSWER,BIOLOGY,"In receptor-mediated endocytosis, vesicle budding is mediated by the formation of a cage composed of a triskelion protein that induces membrane curvature. What is the name of this protein?","In receptor-mediated endocytosis, vesicle budding is mediated by the formation of a cage composed of a triskelion protein that induces membrane curvature. What is the name of this protein?",29,"""Clathrin""",[],SSB_2026
2fa9b78d17abe64d2e95713595330c2a0bdf1db31749c2a851010064902518c7,DOUBLE ELIM 6,2026,14,7,BONUS,MULTIPLE_CHOICE,BIOLOGY,"When the secondary oocyte is in telophase II, how many total chromosomes are enclosed within its cell membrane?","When the secondary oocyte is in telophase II, how many total chromosomes are enclosed within its cell membrane?",18,"""Y""","[""23"", ""46"", ""69"", ""92""]",SSB_2026
2fa9b78d17abe64d2e95713595330c2a0bdf1db31749c2a851010064902518c7,DOUBLE ELIM 6,2026,15,8,TOSSUP,SHORT_ANSWER,PHYSICS,What adjective is given to neutrinos that have a weak isospin of 0?,What adjective is given to neutrinos that have a weak isospin of 0?,13,"""Sterile""",[],SSB_2026
2fa9b78d17abe64d2e95713595330c2a0bdf1db31749c2a851010064902518c7,DOUBLE ELIM 6,2026,16,8,BONUS,SHORT_ANSWER,PHYSICS,"A conducting cube has one face separated and held at potential V while the rest of its faces are grounded. In terms of V, what is the potential at the center of the cube?","A conducting cube has one face separated and held at potential V while the rest of its faces are grounded. In terms of V, what is the potential at the center of the cube?",34,"""$\\frac V 6$""",[],SSB_2026
2fa9b78d17abe64d2e95713595330c2a0bdf1db31749c2a851010064902518c7,DOUBLE ELIM 6,2026,17,9,TOSSUP,MULTIPLE_CHOICE,EARTH_SPACE,"By definition, Aitken nuclei differ from typical cloud condensation nuclei in which of the following quantities?","By definition, Aitken nuclei differ from typical cloud condensation nuclei in which of the following quantities?",16,"""W""","[""Size"", ""Density"", ""Altitude"", ""Lifetime""]",SSB_2026
2fa9b78d17abe64d2e95713595330c2a0bdf1db31749c2a851010064902518c7,DOUBLE ELIM 6,2026,18,9,BONUS,SHORT_ANSWER,EARTH_SPACE,Brazil can often be identified in pictures by distinctly red tropical soil. Identify all of the following three minerals which would be found in this soil in elevated concentrations: 1) Diaspore; 2) Hematite; 3) Goethite.,Brazil can often be identified in pictures by distinctly red tropical soil. Identify all of the following three minerals which would be found in this soil in elevated concentrations: 1) Diaspore; 2) Hematite; 3) Goethite.,35,"""All""",[],SSB_2026
2fa9b78d17abe64d2e95713595330c2a0bdf1db31749c2a851010064902518c7,DOUBLE ELIM 6,2026,19,10,TOSSUP,SHORT_ANSWER,CHEMISTRY,Identify all of the following three constitutional isomers that can undergo nucleophilic aromatic substitution in a reaction with NaOH: 1) ortho-bromonitrobenzene; 2) meta-bromonitrobenzene; 3) para-bromonitrobenzene.,Identify all of the following three constitutional isomers that can undergo nucleophilic aromatic substitution in a reaction with NaOH: 1) ortho-bromonitrobenzene; 2) meta-bromonitrobenzene; 3) para-bromonitrobenzene.,25,"""1 and 3""",[],SSB_2026
2fa9b78d17abe64d2e95713595330c2a0bdf1db31749c2a851010064902518c7,DOUBLE ELIM 6,2026,20,10,BONUS,MULTIPLE_CHOICE,CHEMISTRY,Which of the following bonds has the highest vibrational frequency?,Which of the following bonds has the highest vibrational frequency?,10,"""Z""","[""The C-Br bond in bromomethane"", ""The C-O bond in acetone"", ""The C-N bond in acetonitrile"", ""The O-H bond in ethanol""]",SSB_2026
2fa9b78d17abe64d2e95713595330c2a0bdf1db31749c2a851010064902518c7,DOUBLE ELIM 6,2026,21,11,TOSSUP,SHORT_ANSWER,MATH,An equilateral triangle has perimeter numerically equal to its area. What is the side length of the triangle?,An equilateral triangle has perimeter numerically equal to its area. What is the side length of the triangle?,18,"""$4\\sqrt{3}$""",[],SSB_2026
2fa9b78d17abe64d2e95713595330c2a0bdf1db31749c2a851010064902518c7,DOUBLE ELIM 6,2026,22,11,BONUS,SHORT_ANSWER,MATH,"Acheron is playing a variant of curling, where she must slide rocks on ice onto a target. The target is made of 3 concentric circles of radius 1, 2, and 3, and the zones from outermost to innermost are worth 50, 100, and 150 points respectively, based on the center of the rock. If the center of Acheron's rock will end up at a uniformly random place on the target, what is the expected number of points that she gets with a single rock?","Acheron is playing a variant of curling, where she must slide rocks on ice onto a target. The target is made of 3 concentric circles of radius 1, 2, and 3, and the zones from outermost to innermost are worth 50, 100, and 150 points respectively, based on the center of the rock. If the center of Acheron's rock will end up at a uniformly random place on the target, what is the expected number of points that she gets with a single rock?",84,"""$\\frac{700}{9}$""",[],SSB_2026
2fa9b78d17abe64d2e95713595330c2a0bdf1db31749c2a851010064902518c7,DOUBLE ELIM 6,2026,23,12,TOSSUP,SHORT_ANSWER,ENERGY,"Scientists at UCLA are studying the production of elemental phosphorus. During this process, minerals are reduced under heat to form phosphorus vapor. In accordance with Ostwald's step rule, what allotrope of phosphorus is initially deposited from vapor?","Scientists at UCLA are studying the production of elemental phosphorus. During this process, minerals are reduced under heat to form phosphorus vapor. In accordance with Ostwald's step rule, what allotrope of phosphorus is initially deposited from vapor?",37,"""White phosphorus""",[],SSB_2026
2fa9b78d17abe64d2e95713595330c2a0bdf1db31749c2a851010064902518c7,DOUBLE ELIM 6,2026,24,12,BONUS,SHORT_ANSWER,ENERGY,"Scientists at UCLA's Energy Research Center are analyzing urban power transmission systems. Before electricity from transmission lines reaches consumers, it passes through a step-down transformer. Identify all of the following 3 changes that occur across an ideal step-down transformer: 1) The voltage decreases; 2) The current decreases; 3) The electrical power decreases.","Scientists at UCLA's Energy Research Center are analyzing urban power transmission systems. Before electricity from transmission lines reaches consumers, it passes through a step-down transformer. Identify all of the following 3 changes that occur across an ideal step-down transformer: 1) The voltage decreases; 2) The current decreases; 3) The electrical power decreases.",52,"""1 only""",[],SSB_2026
2fa9b78d17abe64d2e95713595330c2a0bdf1db31749c2a851010064902518c7,DOUBLE ELIM 6,2026,25,13,TOSSUP,MULTIPLE_CHOICE,BIOLOGY,Under which of the following conditions would hemoglobin's binding curve have the highest resemblance to the myoglobin binding curve?,Under which of the following conditions would hemoglobin's binding curve have the highest resemblance to the myoglobin binding curve?,19,"""Z""","[""High 2,3-BPG, high CO2"", ""High 2,3-BPG, low CO2"", ""Low 2,3-BPG, high CO2"", ""Low 2,3-BPG, low CO2""]",SSB_2026
2fa9b78d17abe64d2e95713595330c2a0bdf1db31749c2a851010064902518c7,DOUBLE ELIM 6,2026,26,13,BONUS,MULTIPLE_CHOICE,BIOLOGY,"Which of the following chromatin modifications affecting genes APC and BRCA1, respectively, would most likely promote cancer development?","Which of the following chromatin modifications affecting genes APC and BRCA1, respectively, would most likely promote cancer development?",18,"""W""","[""Abnormal methylation, abnormal methylation"", ""Abnormal methylation, abnormal acetylation"", ""Abnormal acetylation, abnormal methylation"", ""Abnormal acetylation, abnormal acetylation""]",SSB_2026
2fa9b78d17abe64d2e95713595330c2a0bdf1db31749c2a851010064902518c7,DOUBLE ELIM 6,2026,27,14,TOSSUP,SHORT_ANSWER,PHYSICS,Order the following three phenomena in terms of increasing energy of occurrence: 1) Compton scattering; 2) Pair production; 3) Photoelectric effect.,Order the following three phenomena in terms of increasing energy of occurrence: 1) Compton scattering; 2) Pair production; 3) Photoelectric effect.,21,"""3, 1, 2""",[],SSB_2026
2fa9b78d17abe64d2e95713595330c2a0bdf1db31749c2a851010064902518c7,DOUBLE ELIM 6,2026,28,14,BONUS,SHORT_ANSWER,PHYSICS,"In statistical mechanics, the probability that a system will occupy a state with energy $E$ is proportional to which of the following functions:
W) $\ln(E)$
X) $\frac{1}{E}$
Y) $\frac{1}{E^2}$
Z) $\exp(-E)$ \textbf{[exponential of negative E]}","In statistical mechanics, the probability that a system will occupy a state with energy is proportional to which of the following functions: W) X) Y) Z)",26,"""Z) $\\exp(-E)$""",[],SSB_2026
2fa9b78d17abe64d2e95713595330c2a0bdf1db31749c2a851010064902518c7,DOUBLE ELIM 6,2026,29,15,TOSSUP,MULTIPLE_CHOICE,EARTH_SPACE,An orthoclase grain in a pluton displays reverse zoning with a calcium-rich rim. Which of the following processes would most likely produce this zoning?,An orthoclase grain in a pluton displays reverse zoning with a calcium-rich rim. Which of the following processes would most likely produce this zoning?,24,"""X""","[""Gradual cooling of a magma chamber with oscilating change in melt temperature"", ""Injection of a more calcium-rich magma into the chamber during crystal growth"", ""Diffusion of Ca into the crystal after crystallization"", ""Porphyroblastic growth deformation during metamorphism""]",SSB_2026
2fa9b78d17abe64d2e95713595330c2a0bdf1db31749c2a851010064902518c7,DOUBLE ELIM 6,2026,30,15,BONUS,SHORT_ANSWER,EARTH_SPACE,"Prior to the Devonian Period, complex soils had not yet developed on land. As a result, if you travelled back to the Silurian, what stream morphology would you most expect to see on land?","Prior to the Devonian Period, complex soils had not yet developed on land. As a result, if you travelled back to the Silurian, what stream morphology would you most expect to see on land?",34,"""Braided""",[],SSB_2026
2fa9b78d17abe64d2e95713595330c2a0bdf1db31749c2a851010064902518c7,DOUBLE ELIM 6,2026,31,16,TOSSUP,SHORT_ANSWER,CHEMISTRY,Oxaphosphetane is a key intermediate in what reaction that converts a carbonyl compound into an alkene via a [2+2] cycloaddition?,Oxaphosphetane is a key intermediate in what reaction that converts a carbonyl compound into an alkene via a [2+2] cycloaddition?,20,"""Wittig reaction""",[],SSB_2026
2fa9b78d17abe64d2e95713595330c2a0bdf1db31749c2a851010064902518c7,DOUBLE ELIM 6,2026,32,16,BONUS,MULTIPLE_CHOICE,CHEMISTRY,Which of the following substituted cyclohexanes would exhibit the largest free-energy difference between its two chair conformations upon a ring flip?,Which of the following substituted cyclohexanes would exhibit the largest free-energy difference between its two chair conformations upon a ring flip?,21,"""X""","[""cis-1,2-dimethylcyclohexane"", ""trans-1,2-dimethylcyclohexane"", ""all-cis-1,2,3-trimethylcyclohexane"", ""cis-1,2-diisopropylcyclohexane""]",SSB_2026
2fa9b78d17abe64d2e95713595330c2a0bdf1db31749c2a851010064902518c7,DOUBLE ELIM 6,2026,33,17,TOSSUP,MULTIPLE_CHOICE,MATH,Which of the following is the equivalent to the sum 6^2 + 7^2 + 8^2 + 9^2 + 10^2?,Which of the following is the equivalent to the sum 6^2 + 7^2 + 8^2 + 9^2 + 10^2?,19,"""X""","[""320"", ""330"", ""340"", ""350""]",SSB_2026
2fa9b78d17abe64d2e95713595330c2a0bdf1db31749c2a851010064902518c7,DOUBLE ELIM 6,2026,34,17,BONUS,SHORT_ANSWER,MATH,Identify all of the following three functions that are convex: 1) $f(x) = 2x^2 + 3x - 1$; 2) $f(x) = - \log(x)$; 3) $f(x)  = \sqrt{4x+5}$.,Identify all of the following three functions that are convex: 1) ; 2) ; 3) .,16,"""1 and 2""",[],SSB_2026
2fa9b78d17abe64d2e95713595330c2a0bdf1db31749c2a851010064902518c7,DOUBLE ELIM 6,2026,35,18,TOSSUP,MULTIPLE_CHOICE,ENERGY,Scientists at JHU's Liu Lab are developing imaging-based diagnostic platforms to study battery longevity. Advancement of rechargeable batteries is hindered by the unavoidable growth of what feature during charging?,Scientists at JHU's Liu Lab are developing imaging-based diagnostic platforms to study battery longevity. Advancement of rechargeable batteries is hindered by the unavoidable growth of what feature during charging?,29,"""W""","[""Lithium dendrites"", ""Lead-acid precipitates"", ""Nickel deposits"", ""Cobalt oxide powder""]",SSB_2026
2fa9b78d17abe64d2e95713595330c2a0bdf1db31749c2a851010064902518c7,DOUBLE ELIM 6,2026,36,18,BONUS,SHORT_ANSWER,ENERGY,Scientists at the Johns Hopkins Sahetya Lab are studying the effects of positive-pressure ventilation in patients with acute respiratory distress syndrome. Identify all of the following three organisms that use positive-pressure breathing under normal physiological conditions: 1) Caecilians; 2) Turtles; 3) Frogs.,Scientists at the Johns Hopkins Sahetya Lab are studying the effects of positive-pressure ventilation in patients with acute respiratory distress syndrome. Identify all of the following three organisms that use positive-pressure breathing under normal physiological conditions: 1) Caecilians; 2) Turtles; 3) Frogs.,42,"""1 and 3""",[],SSB_2026
2fa9b78d17abe64d2e95713595330c2a0bdf1db31749c2a851010064902518c7,DOUBLE ELIM 6,2026,37,19,TOSSUP,SHORT_ANSWER,BIOLOGY,Histamine release in type I hypersensitivity is primarily triggered by what type of immunoglobulin that binds strongly to Fc receptors on mast cells and basophils?,Histamine release in type I hypersensitivity is primarily triggered by what type of immunoglobulin that binds strongly to Fc receptors on mast cells and basophils?,25,"""IgE""",[],SSB_2026
2fa9b78d17abe64d2e95713595330c2a0bdf1db31749c2a851010064902518c7,DOUBLE ELIM 6,2026,38,19,BONUS,SHORT_ANSWER,BIOLOGY,"A female with one mutant allele for a recessive, sex-linked disease is crossed with an unaffected male. Identify all of the following three organisms in which male offspring from this cross will always be unaffected: 1) Grasshopper; 2) Panda; 3) Bird.","A female with one mutant allele for a recessive, sex-linked disease is crossed with an unaffected male. Identify all of the following three organisms in which male offspring from this cross will always be unaffected: 1) Grasshopper; 2) Panda; 3) Bird.",41,"""3 only""",[],SSB_2026
2fa9b78d17abe64d2e95713595330c2a0bdf1db31749c2a851010064902518c7,DOUBLE ELIM 6,2026,39,20,TOSSUP,SHORT_ANSWER,PHYSICS,A silly goose releases a short honk that travels through the atmosphere at a speed of 340 meters per second. Identify all of the following three quantities of the surrounding air that could affect the speed of the goose's honk: 1) Density; 2) Bulk modulus; 3) Shear modulus.,A silly goose releases a short honk that travels through the atmosphere at a speed of 340 meters per second. Identify all of the following three quantities of the surrounding air that could affect the speed of the goose's honk: 1) Density; 2) Bulk modulus; 3) Shear modulus.,48,"""1 and 2""",[],SSB_2026
2fa9b78d17abe64d2e95713595330c2a0bdf1db31749c2a851010064902518c7,DOUBLE ELIM 6,2026,40,20,BONUS,MULTIPLE_CHOICE,PHYSICS,Which of the following processes violates conservation of baryon number?,Which of the following processes violates conservation of baryon number?,10,"""W""","[""Proton decay into a positron and neutral pion"", ""Neutron decay into a proton, electron, and antineutrino"", ""Electron-positron annihilation into two photons"", ""Proton-antiproton annihilation into pions""]",SSB_2026
2fa9b78d17abe64d2e95713595330c2a0bdf1db31749c2a851010064902518c7,DOUBLE ELIM 6,2026,41,21,TOSSUP,MULTIPLE_CHOICE,EARTH_SPACE,"The Channeled Scablands of Washington are a formation of exposed, scoured bedrock with wide, rectangular valleys. Which of the following was most directly responsible for the formation of the Channeled Scablands?","The Channeled Scablands of Washington are a formation of exposed, scoured bedrock with wide, rectangular valleys. Which of the following was most directly responsible for the formation of the Channeled Scablands?",31,"""Y""","[""Glaciation"", ""Flood Basalt Eruptions"", ""Glacial Outburst Floods"", ""Fluvial Erosion""]",SSB_2026
2fa9b78d17abe64d2e95713595330c2a0bdf1db31749c2a851010064902518c7,DOUBLE ELIM 6,2026,42,21,BONUS,SHORT_ANSWER,EARTH_SPACE,Order the following Martian events in chronological order: 1) The disappearance of liquid water on the surface; 2) The most recent eruption of Olympus Mons; 3) The formation of the Valles Marineris,Order the following Martian events in chronological order: 1) The disappearance of liquid water on the surface; 2) The most recent eruption of Olympus Mons; 3) The formation of the Valles Marineris,32,"""3, 1, 2""",[],SSB_2026
2fa9b78d17abe64d2e95713595330c2a0bdf1db31749c2a851010064902518c7,DOUBLE ELIM 6,2026,43,22,TOSSUP,SHORT_ANSWER,CHEMISTRY,Orer the following three carbonyl reducing agents by increasing reactivity: 1) Sodium cyanoborohydride; 2) Sodium borohydride; 3) Lithium aluminum hydride.,Orer the following three carbonyl reducing agents by increasing reactivity: 1) Sodium cyanoborohydride; 2) Sodium borohydride; 3) Lithium aluminum hydride.,20,"""1, 2, 3""",[],SSB_2026
2fa9b78d17abe64d2e95713595330c2a0bdf1db31749c2a851010064902518c7,DOUBLE ELIM 6,2026,44,22,BONUS,MULTIPLE_CHOICE,CHEMISTRY,"Williamson ether synthesis is performed using a certain alcohol. Then, the resulting ether is subjected to acidic cleavage. For which of the following alcohols would this reaction scheme be least likely to produce two alkyl chlorides as the major organic products?","Williamson ether synthesis is performed using a certain alcohol. Then, the resulting ether is subjected to acidic cleavage. For which of the following alcohols would this reaction scheme be least likely to produce two alkyl chlorides as the major organic products?",41,"""Z""","[""1-pentanol"", ""tert-butanol"", ""Cyclohexanol"", ""Phenol""]",SSB_2026
2fa9b78d17abe64d2e95713595330c2a0bdf1db31749c2a851010064902518c7,DOUBLE ELIM 6,2026,45,23,TOSSUP,SHORT_ANSWER,MATH,"A sneaky composite number is a composite number that is not divisible by 2, 3, or 5? How many sneaky composite numbers are less than 100?","A sneaky composite number is a composite number that is not divisible by 2, 3, or 5? How many sneaky composite numbers are less than 100?",26,"""3""",[],SSB_2026
2fa9b78d17abe64d2e95713595330c2a0bdf1db31749c2a851010064902518c7,DOUBLE ELIM 6,2026,46,23,BONUS,SHORT_ANSWER,MATH,"John applies a random permuation to a list of the first 100 natural numbers and counts the n, the number of adjacent pairs such that the prior number is less than the latter. What is expected value of n?","John applies a random permuation to a list of the first 100 natural numbers and counts the n, the number of adjacent pairs such that the prior number is less than the latter. What is expected value of n?",39,"""\\frac{99}{2}""",[],SSB_2026
4563d95967ec0f8015b1f600faf306772abfe930ae707059e88472870c76ed3b,DOUBLE ELIM 8,2026,1,1,TOSSUP,SHORT_ANSWER,BIOLOGY,"To maintain a plateau at 0 millivolts, calcium ions flow through what channels in cardiac muscle cells to oppose the repolarizing current from potassium ion efflux?","To maintain a plateau at 0 millivolts, calcium ions flow through what channels in cardiac muscle cells to oppose the repolarizing current from potassium ion efflux?",26,"""L-type channels (Accept: dihydropyridine channels or DHP channels) (Do not accept: dihydropyridine receptors)""",[],SSB_2026
4563d95967ec0f8015b1f600faf306772abfe930ae707059e88472870c76ed3b,DOUBLE ELIM 8,2026,2,1,BONUS,SHORT_ANSWER,BIOLOGY,"Order the following three islands by increasing levels of competitive exclusion between species: 1) Large island, close to mainland; 2) Large island, far from the mainland; 3) Small island, close to the mainland.","Order the following three islands by increasing levels of competitive exclusion between species: 1) Large island, close to mainland; 2) Large island, far from the mainland; 3) Small island, close to the mainland.",33,"""2, 1, 3""",[],SSB_2026
4563d95967ec0f8015b1f600faf306772abfe930ae707059e88472870c76ed3b,DOUBLE ELIM 8,2026,3,2,TOSSUP,SHORT_ANSWER,PHYSICS,"Identify all of the following three points that are on or within the future light cone of the origin on a Minkowski diagram: 1) (2, 1); 2) (-3, 4); 3) (-5, -6).","Identify all of the following three points that are on or within the future light cone of the origin on a Minkowski diagram: 1) (2, 1); 2) (-3, 4); 3) (-5, -6).",32,"""2 only""",[],SSB_2026
4563d95967ec0f8015b1f600faf306772abfe930ae707059e88472870c76ed3b,DOUBLE ELIM 8,2026,4,2,BONUS,MULTIPLE_CHOICE,PHYSICS,"A system is described by the Lagrangian x dot squared plus y dot squared plus alpha x plus beta y squared, where alpha and beta are positive constants. Which of the following shapes describes the movement of a particle within this system?","A system is described by the Lagrangian x dot squared plus y dot squared plus alpha x plus beta y squared, where alpha and beta are positive constants. Which of the following shapes describes the movement of a particle within this system?",42,"""Z""","[""Ellipse"", ""Parabola"", ""Hyperbola"", ""Cycloid""]",SSB_2026
4563d95967ec0f8015b1f600faf306772abfe930ae707059e88472870c76ed3b,DOUBLE ELIM 8,2026,5,3,TOSSUP,MULTIPLE_CHOICE,EARTH_SPACE,"Which of the following describes the direction of the Walker circulation and the depth of the thermocline, respectively, over the Pacific Ocean during a neutral phase of the El Niño Southern Oscillation?","Which of the following describes the direction of the Walker circulation and the depth of the thermocline, respectively, over the Pacific Ocean during a neutral phase of the El Niño Southern Oscillation?",32,"""W""","[""Clockwise, deeper in the western Pacific"", ""Clockwise, deeper in the eastern Pacific"", ""Counterclockwise, deeper in the western Pacific"", ""Counterclockwise, deeper in the eastern Pacific""]",SSB_2026
4563d95967ec0f8015b1f600faf306772abfe930ae707059e88472870c76ed3b,DOUBLE ELIM 8,2026,6,3,BONUS,MULTIPLE_CHOICE,EARTH_SPACE,Which of the following best describes the change in the amount of continental crust on Earth over time?,Which of the following best describes the change in the amount of continental crust on Earth over time?,18,"""W""","[""Rapid increase during the Archean followed by a gradual increase afterward"", ""Sharp increases during supercontinent assemblage followed by sharp decreases during breakup"", ""Sharp increases during glacial periods followed by sharp decreases during interglacial periods"", ""Roughly constant over time""]",SSB_2026
4563d95967ec0f8015b1f600faf306772abfe930ae707059e88472870c76ed3b,DOUBLE ELIM 8,2026,7,4,TOSSUP,MULTIPLE_CHOICE,CHEMISTRY,In which of the following reactions would the transition state most likely possess equal resemblance to both the reactants and products?,In which of the following reactions would the transition state most likely possess equal resemblance to both the reactants and products?,21,"""Z""","[""Claisen rearrangement"", ""Beckmann rearrangement"", ""Curtius rearrangment"", ""Cope rearrangement""]",SSB_2026
4563d95967ec0f8015b1f600faf306772abfe930ae707059e88472870c76ed3b,DOUBLE ELIM 8,2026,8,4,BONUS,MULTIPLE_CHOICE,CHEMISTRY,The Dulong-Petit law states that molar heat capacities are constant and equal for all solid elements. This model strongly deviates from reality at low temperatures due to which of the following reasons?,The Dulong-Petit law states that molar heat capacities are constant and equal for all solid elements. This model strongly deviates from reality at low temperatures due to which of the following reasons?,32,"""X""","[""Atoms have too little energy to occupy all predicted vibrational energies"", ""Maxwell-Boltzmann statistics does not consider energy quantization"", ""The effects of inter-atom attractive forces become significant"", ""Bose-Einstein statistics must be used instead to account for quantum effects""]",SSB_2026
4563d95967ec0f8015b1f600faf306772abfe930ae707059e88472870c76ed3b,DOUBLE ELIM 8,2026,9,5,TOSSUP,SHORT_ANSWER,MATH,The solid R is defined in spherical coordinates by $2 \leq \rho \leq 3$ \textbf{[2 less than or equal to rho less than or equal to 3]}. What is the volume of this solid?,The solid R is defined in spherical coordinates by . What is the volume of this solid?,17,"""$\\frac{76\\pi}{3}$""",[],SSB_2026
4563d95967ec0f8015b1f600faf306772abfe930ae707059e88472870c76ed3b,DOUBLE ELIM 8,2026,10,5,BONUS,SHORT_ANSWER,MATH,What is $\int_0^{\frac{\pi}{4}} \sec x \tan x dx$ \textbf{[the integral from 0 to pi over 4 of secant x times tangent x dx]} when expressed in simplest form?,What is when expressed in simplest form?,7,"""$\\sqrt{2} - 1$""",[],SSB_2026
4563d95967ec0f8015b1f600faf306772abfe930ae707059e88472870c76ed3b,DOUBLE ELIM 8,2026,11,6,TOSSUP,MULTIPLE_CHOICE,ENERGY,"Scientists at Johns Hopkins University’s Barrick Lab are studying the thermodynamics of transmembrane protein folding. When a transmembrane protein folds into an organized structure with its hydrophobic residues buried in the interior, how do the entropies of the protein and the surrounding water molecules change, respectively?","Scientists at Johns Hopkins University’s Barrick Lab are studying the thermodynamics of transmembrane protein folding. When a transmembrane protein folds into an organized structure with its hydrophobic residues buried in the interior, how do the entropies of the protein and the surrounding water molecules change, respectively?",46,"""Z""","[""Increases, increases"", ""Increases, decreases"", ""Decreases, decreases"", ""Decreases, increases""]",SSB_2026
4563d95967ec0f8015b1f600faf306772abfe930ae707059e88472870c76ed3b,DOUBLE ELIM 8,2026,12,6,BONUS,SHORT_ANSWER,ENERGY,"Researchers at the Stanford Institute for Human-Centered Artificial Intelligence are determining new ways to deconstruct model activations into individual vectors representing human-interpretable concepts. Their methods improve upon what common type of neural network used for this purpose, which learns compressed representations of data by enforcing that very few neurons activate at any given point?","Researchers at the Stanford Institute for Human-Centered Artificial Intelligence are determining new ways to deconstruct model activations into individual vectors representing human-interpretable concepts. Their methods improve upon what common type of neural network used for this purpose, which learns compressed representations of data by enforcing that very few neurons activate at any given point?",54,"""Sparse autoencoder""",[],SSB_2026
4563d95967ec0f8015b1f600faf306772abfe930ae707059e88472870c76ed3b,DOUBLE ELIM 8,2026,13,7,TOSSUP,MULTIPLE_CHOICE,BIOLOGY,P-protein is found in the sieve tube elements of vascular plants. Which of the following best describes its primary function?,P-protein is found in the sieve tube elements of vascular plants. Which of the following best describes its primary function?,20,"""X""","[""Facilitates active loading of sucrose into companion cells"", ""Forms a structural plug that helps seal damaged sieve tubes"", ""Generates osmotic pressure for bulk flow in the phloem"", ""Prevents the sieve tube element for collapsing under bulk flow""]",SSB_2026
4563d95967ec0f8015b1f600faf306772abfe930ae707059e88472870c76ed3b,DOUBLE ELIM 8,2026,14,7,BONUS,MULTIPLE_CHOICE,BIOLOGY,"Thomas transduces mature B lymphocytes with Yamanaka factors, but he fails to generate any pluripotent colonies. Which of the following best explains this outcome?","Thomas transduces mature B lymphocytes with Yamanaka factors, but he fails to generate any pluripotent colonies. Which of the following best explains this outcome?",24,"""Y""","[""Mature B lymphocytes require additional transcription factors to silence lineage-specific gene expression"", ""Mature B lymphocytes lack telomerase activity"", ""Mature B lymphocytes have undergone VDJ recombination"", ""Mature B lymphocytes cannot survive without diverse interleukin signaling""]",SSB_2026
4563d95967ec0f8015b1f600faf306772abfe930ae707059e88472870c76ed3b,DOUBLE ELIM 8,2026,15,8,TOSSUP,MULTIPLE_CHOICE,PHYSICS,Laplace's equation in electrostatics is only valid when which of the following conditions holds?,Laplace's equation in electrostatics is only valid when which of the following conditions holds?,14,"""W""","[""Charge density is zero"", ""Electric potential is zero"", ""Charge density is constant"", ""Electric potential is constant""]",SSB_2026
4563d95967ec0f8015b1f600faf306772abfe930ae707059e88472870c76ed3b,DOUBLE ELIM 8,2026,16,8,BONUS,SHORT_ANSWER,PHYSICS,"A rocket expels fuel at about 2 kilometers per second. An engineer calculates that to reach a final speed of 10 kilometers per second, the rocket will require a mass ratio $M$. The engineer is then told that recent upgrades have increased the exhaust velocity to 2.5 kilometers per second. In terms of $M$, what is the new required mass ratio of the rocket?","A rocket expels fuel at about 2 kilometers per second. An engineer calculates that to reach a final speed of 10 kilometers per second, the rocket will require a mass ratio . The engineer is then told that recent upgrades have increased the exhaust velocity to 2.5 kilometers per second. In terms of , what is the new required mass ratio of the rocket?",64,"""$\\frac M e$""",[],SSB_2026
4563d95967ec0f8015b1f600faf306772abfe930ae707059e88472870c76ed3b,DOUBLE ELIM 8,2026,17,9,TOSSUP,SHORT_ANSWER,EARTH_SPACE,"Identify all of the following three statements that are true regarding the Tully–Fisher and Faber–Jackson relations: 1) The Tully–Fisher relation applies for elliptical galaxies, while the Faber–Jackson relation applies for spiral galaxies; 2) Both relations can be used to estimate the mass of galaxies; 3) Both relations can be used to support the existence of dark energy","Identify all of the following three statements that are true regarding the Tully–Fisher and Faber–Jackson relations: 1) The Tully–Fisher relation applies for elliptical galaxies, while the Faber–Jackson relation applies for spiral galaxies; 2) Both relations can be used to estimate the mass of galaxies; 3) Both relations can be used to support the existence of dark energy",57,"""2 only""",[],SSB_2026
4563d95967ec0f8015b1f600faf306772abfe930ae707059e88472870c76ed3b,DOUBLE ELIM 8,2026,18,9,BONUS,MULTIPLE_CHOICE,EARTH_SPACE,Which of the following types of estuary typically has the strongest local circulation?,Which of the following types of estuary typically has the strongest local circulation?,13,"""X""","[""Vertically mixed"", ""Slightly stratified"", ""Highly stratified"", ""Salt wedge""]",SSB_2026
4563d95967ec0f8015b1f600faf306772abfe930ae707059e88472870c76ed3b,DOUBLE ELIM 8,2026,19,10,TOSSUP,SHORT_ANSWER,CHEMISTRY,What is the bond order of the characteristic briding Al-Cl bond found in a dimer of aluminum trichloride?,What is the bond order of the characteristic briding Al-Cl bond found in a dimer of aluminum trichloride?,18,"""0.5""",[],SSB_2026
4563d95967ec0f8015b1f600faf306772abfe930ae707059e88472870c76ed3b,DOUBLE ELIM 8,2026,20,10,BONUS,SHORT_ANSWER,CHEMISTRY,"Order the following three alkenes by increasing reactivity in the Heck reaction: 1) Acrylonitrile; 2) Ethene; 3) 2,3-dimethylbut-2-ene.","Order the following three alkenes by increasing reactivity in the Heck reaction: 1) Acrylonitrile; 2) Ethene; 3) 2,3-dimethylbut-2-ene.",18,"""3, 2, 1""",[],SSB_2026
4563d95967ec0f8015b1f600faf306772abfe930ae707059e88472870c76ed3b,DOUBLE ELIM 8,2026,21,11,TOSSUP,SHORT_ANSWER,MATH,What is the area of an ellipse with semimajor axis 5 and distance between foci 8?,What is the area of an ellipse with semimajor axis 5 and distance between foci 8?,16,"""$15\\pi$""",[],SSB_2026
4563d95967ec0f8015b1f600faf306772abfe930ae707059e88472870c76ed3b,DOUBLE ELIM 8,2026,22,11,BONUS,SHORT_ANSWER,MATH,"Right triangle ABC has hypotenuse BC, and an altitude is drawn from A to D on BC. If AD equals 6 and BC equals 13, what is the length of the shorter leg of ABC?","Right triangle ABC has hypotenuse BC, and an altitude is drawn from A to D on BC. If AD equals 6 and BC equals 13, what is the length of the shorter leg of ABC?",35,"""$2\\sqrt{13}$""",[],SSB_2026
4563d95967ec0f8015b1f600faf306772abfe930ae707059e88472870c76ed3b,DOUBLE ELIM 8,2026,23,12,TOSSUP,SHORT_ANSWER,ENERGY,"Astronomers at UCLA recently conducted an experiment searching for a hypothetical fifth fundamental force. A potential fifth force is often expressed as a modification to the gravitational force that takes what form, expressed as a potential proportional to $\frac{e^{-\alpha r}}{r}$ \textbf{[the fraction with numerator e to the quantity negative alpha r and denominator r]}?","Astronomers at UCLA recently conducted an experiment searching for a hypothetical fifth fundamental force. A potential fifth force is often expressed as a modification to the gravitational force that takes what form, expressed as a potential proportional to ?",39,"""Yukawa potential""",[],SSB_2026
4563d95967ec0f8015b1f600faf306772abfe930ae707059e88472870c76ed3b,DOUBLE ELIM 8,2026,24,12,BONUS,MULTIPLE_CHOICE,ENERGY,Scientists at UCLA's Furlanetto Lab are studying the opacity of regions in the Big Bang. Which of the following stars would have the lowest opacity?,Scientists at UCLA's Furlanetto Lab are studying the opacity of regions in the Big Bang. Which of the following stars would have the lowest opacity?,25,"""X""","[""Proxima Centauri"", ""Alpha Centauri"", ""Polaris"", ""Eta Carinae""]",SSB_2026
4563d95967ec0f8015b1f600faf306772abfe930ae707059e88472870c76ed3b,DOUBLE ELIM 8,2026,25,13,TOSSUP,MULTIPLE_CHOICE,BIOLOGY,"Aneesh mutagenizes a wild-type male and crosses it to wild-type females. He suspects that the male parent possesses a recessive maternal-effect mutation that disrupts embryonic patterning. If he continually crosses descendants in the same generation, what is the earliest generation he could verify his hypothesis by examining offspring phenotypes?","Aneesh mutagenizes a wild-type male and crosses it to wild-type females. He suspects that the male parent possesses a recessive maternal-effect mutation that disrupts embryonic patterning. If he continually crosses descendants in the same generation, what is the earliest generation he could verify his hypothesis by examining offspring phenotypes?",49,"""Y""","[""F1"", ""F2"", ""F3"", ""F4""]",SSB_2026
4563d95967ec0f8015b1f600faf306772abfe930ae707059e88472870c76ed3b,DOUBLE ELIM 8,2026,26,13,BONUS,SHORT_ANSWER,BIOLOGY,p53 with isoelectric point 7.0 and p21 with isoelectric point 5.0 are separated through various techniques. Identify all of the following three techniques for which p21 will move through the separation medium faster than p53: 1) Anion exchange chromatography at buffer pH 6.0; 2) SDS-PAGE; 3) Gel filtration chromatography.,p53 with isoelectric point 7.0 and p21 with isoelectric point 5.0 are separated through various techniques. Identify all of the following three techniques for which p21 will move through the separation medium faster than p53: 1) Anion exchange chromatography at buffer pH 6.0; 2) SDS-PAGE; 3) Gel filtration chromatography.,49,"""2 only""",[],SSB_2026
4563d95967ec0f8015b1f600faf306772abfe930ae707059e88472870c76ed3b,DOUBLE ELIM 8,2026,27,14,TOSSUP,SHORT_ANSWER,PHYSICS,"The Debye model predicts that at very low temperatures, the heat capacity of a solid is proportional to temperature raised to what power?","The Debye model predicts that at very low temperatures, the heat capacity of a solid is proportional to temperature raised to what power?",23,"""3""",[],SSB_2026
4563d95967ec0f8015b1f600faf306772abfe930ae707059e88472870c76ed3b,DOUBLE ELIM 8,2026,28,14,BONUS,MULTIPLE_CHOICE,PHYSICS,"Jonathan observes the speeds of particles in a chamber filled with an ideal gas. After creating a histogram of the data, he finds that the number of particles at a given speed is proportional to what function of the speed $v$?","Jonathan observes the speeds of particles in a chamber filled with an ideal gas. After creating a histogram of the data, he finds that the number of particles at a given speed is proportional to what function of the speed ?",41,"""Y""","[""$\\frac{1}{v^2}$"", ""$\\frac{1}{v}$"", ""$v^2 e^{-v}$"", ""$e^{-v}$""]",SSB_2026
4563d95967ec0f8015b1f600faf306772abfe930ae707059e88472870c76ed3b,DOUBLE ELIM 8,2026,29,15,TOSSUP,MULTIPLE_CHOICE,EARTH_SPACE,The Ordovician period is currently hypothesized to contain a potential geomagnetic superchron. Which of the following serves as good evidence for this hypothesis?,The Ordovician period is currently hypothesized to contain a potential geomagnetic superchron. Which of the following serves as good evidence for this hypothesis?,23,"""Y""","[""The Atlantic seafloor contains a narrow magnetic band dating back to the Ordovician"", ""The Atlantic seafloor contains a wide magnetic band dating back to the Ordovician"", ""Basalt with an Ordovician radiometric date has uniform polarity"", ""Conglomerate with an Ordovician radiometric date has uniform polarity""]",SSB_2026
4563d95967ec0f8015b1f600faf306772abfe930ae707059e88472870c76ed3b,DOUBLE ELIM 8,2026,30,15,BONUS,MULTIPLE_CHOICE,EARTH_SPACE,Brown dwarfs are primarily supported against gravitational collapse by what force?,Brown dwarfs are primarily supported against gravitational collapse by what force?,11,"""Y""","[""Thermal pressure"", ""Radiation pressure"", ""Electron degeneracy pressure"", ""Neutron degeneracy pressure""]",SSB_2026
4563d95967ec0f8015b1f600faf306772abfe930ae707059e88472870c76ed3b,DOUBLE ELIM 8,2026,31,16,TOSSUP,SHORT_ANSWER,CHEMISTRY,"What is the name of the point defect where an atom or ion moves from its lattice site to an interstitial site, leaving a vacancy behind?","What is the name of the point defect where an atom or ion moves from its lattice site to an interstitial site, leaving a vacancy behind?",26,"""Frenkel defect""",[],SSB_2026
4563d95967ec0f8015b1f600faf306772abfe930ae707059e88472870c76ed3b,DOUBLE ELIM 8,2026,32,16,BONUS,SHORT_ANSWER,CHEMISTRY,"In the absence of a catalyst, step-growth polyesterification is self-catalyzed by carboxylic acids, resulting in third order kinetics with respect to the concentration of monomers. The ratio of reacted monomers to the starting number of monomers grows linearly with time raised to what power?","In the absence of a catalyst, step-growth polyesterification is self-catalyzed by carboxylic acids, resulting in third order kinetics with respect to the concentration of monomers. The ratio of reacted monomers to the starting number of monomers grows linearly with time raised to what power?",44,"""$\\frac{1}{2}$""",[],SSB_2026
4563d95967ec0f8015b1f600faf306772abfe930ae707059e88472870c76ed3b,DOUBLE ELIM 8,2026,33,17,TOSSUP,SHORT_ANSWER,MATH,"Varesa buys a one dollar burger using only pennies and nickels. Given that she used 36 coins, how many pennies did she use?","Varesa buys a one dollar burger using only pennies and nickels. Given that she used 36 coins, how many pennies did she use?",23,"""20""",[],SSB_2026
4563d95967ec0f8015b1f600faf306772abfe930ae707059e88472870c76ed3b,DOUBLE ELIM 8,2026,34,17,BONUS,SHORT_ANSWER,MATH,Order the following three numbers in INCREASING order: 1) $1000^{1000}$ \textbf{[1000 to the power of 1000]}; 2) $100!^{100}$ \textbf{[the quantity 100 factorial to the power of 100]}; 3) $10!^{10!}$ \textbf{[the quantity 10 factorial to the power of quantity 10 factorial]}.,Order the following three numbers in INCREASING order: 1) ; 2) ; 3) .,14,"""1, 2, 3""",[],SSB_2026
4563d95967ec0f8015b1f600faf306772abfe930ae707059e88472870c76ed3b,DOUBLE ELIM 8,2026,35,18,TOSSUP,MULTIPLE_CHOICE,ENERGY,"Scientists at the Johns Hopkins Green Lab are synthesizing poly beta amino esters for drug delivery. These polymers are formed when an amine nucleophile performs a 1,4-addition to an alpha beta-unsaturated ester during step-growth polymerization. Which of the following reactions is this an example of?","Scientists at the Johns Hopkins Green Lab are synthesizing poly beta amino esters for drug delivery. These polymers are formed when an amine nucleophile performs a 1,4-addition to an alpha beta-unsaturated ester during step-growth polymerization. Which of the following reactions is this an example of?",45,"""Z""","[""Aldol condensation"", ""Claisen condensation"", ""Sigmatropic rearrangement"", ""Michael addition""]",SSB_2026
4563d95967ec0f8015b1f600faf306772abfe930ae707059e88472870c76ed3b,DOUBLE ELIM 8,2026,36,18,BONUS,SHORT_ANSWER,ENERGY,Scientists at Stanford's Leinweber Institute for Theoretical Physics are studying the properties of Wigner crystals. Wigner crystals form from a gas composed of what substance?,Scientists at Stanford's Leinweber Institute for Theoretical Physics are studying the properties of Wigner crystals. Wigner crystals form from a gas composed of what substance?,25,"""Electrons""",[],SSB_2026
4563d95967ec0f8015b1f600faf306772abfe930ae707059e88472870c76ed3b,DOUBLE ELIM 8,2026,37,19,TOSSUP,SHORT_ANSWER,BIOLOGY,The apical ectodermal ridge primarily secretes what family of signaling proteins that promote limb-bud outgrowth?,The apical ectodermal ridge primarily secretes what family of signaling proteins that promote limb-bud outgrowth?,15,"""Fibroblast growth factors (ACCEPT: FGF)""",[],SSB_2026
4563d95967ec0f8015b1f600faf306772abfe930ae707059e88472870c76ed3b,DOUBLE ELIM 8,2026,38,19,BONUS,MULTIPLE_CHOICE,BIOLOGY,Which of the following proteins would contain the greatest number of disulfide bridges in its tertiary structure?,Which of the following proteins would contain the greatest number of disulfide bridges in its tertiary structure?,17,"""W""","[""Fibronectin"", ""Aldolase"", ""Actin"", ""Aminoacyl-tRNA synthetase""]",SSB_2026
4563d95967ec0f8015b1f600faf306772abfe930ae707059e88472870c76ed3b,DOUBLE ELIM 8,2026,39,20,TOSSUP,SHORT_ANSWER,PHYSICS,The Ising model in statistical mechanics is used to describe what property of a material?,The Ising model in statistical mechanics is used to describe what property of a material?,15,"""Ferromagnetism""",[],SSB_2026
4563d95967ec0f8015b1f600faf306772abfe930ae707059e88472870c76ed3b,DOUBLE ELIM 8,2026,40,20,BONUS,SHORT_ANSWER,PHYSICS,"A giant star with a radius of 3 times $10^9$ meters has a Schwarzschild radius of 3 times $10^5$ meters. To one significant figure, if the star maintains the same density, at what radius would its Schwarzschild radius equal its actual radius?","A giant star with a radius of 3 times meters has a Schwarzschild radius of 3 times meters. To one significant figure, if the star maintains the same density, at what radius would its Schwarzschild radius equal its actual radius?",40,"""3 times $10^11$""",[],SSB_2026
4563d95967ec0f8015b1f600faf306772abfe930ae707059e88472870c76ed3b,DOUBLE ELIM 8,2026,41,21,TOSSUP,SHORT_ANSWER,EARTH_SPACE,Rank the following soil horizons in order of increasing soil profile development: 1) Entisols; 2) Inceptisols; 3) Oxisols,Rank the following soil horizons in order of increasing soil profile development: 1) Entisols; 2) Inceptisols; 3) Oxisols,18,"""1, 2, 3""",[],SSB_2026
4563d95967ec0f8015b1f600faf306772abfe930ae707059e88472870c76ed3b,DOUBLE ELIM 8,2026,42,21,BONUS,MULTIPLE_CHOICE,EARTH_SPACE,"The stelliferous era, during which star formation occurs in the universe, is estimated to last for how many years?","The stelliferous era, during which star formation occurs in the universe, is estimated to last for how many years?",19,"""W""","[""$10^14$"", ""$10 ^18$"", ""$10^22$"", ""$10^26$""]",SSB_2026
4563d95967ec0f8015b1f600faf306772abfe930ae707059e88472870c76ed3b,DOUBLE ELIM 8,2026,43,22,TOSSUP,SHORT_ANSWER,CHEMISTRY,Identify all of the following three protecting groups that will be cleaved under the conditions of the Dess-Martin reaction:,Identify all of the following three protecting groups that will be cleaved under the conditions of the Dess-Martin reaction:,19,"""None""",[],SSB_2026
4563d95967ec0f8015b1f600faf306772abfe930ae707059e88472870c76ed3b,DOUBLE ELIM 8,2026,44,22,BONUS,MULTIPLE_CHOICE,CHEMISTRY,"The Huang-Rhys factor, which determines the absorbance band shape of a transition, is the result of the coupling between what two particles?","The Huang-Rhys factor, which determines the absorbance band shape of a transition, is the result of the coupling between what two particles?",22,"""Z""","[""Electron and proton"", ""Electron and neutron"", ""Electron and electron"", ""Electron and phonon""]",SSB_2026
4563d95967ec0f8015b1f600faf306772abfe930ae707059e88472870c76ed3b,DOUBLE ELIM 8,2026,45,23,TOSSUP,MULTIPLE_CHOICE,MATH,Which of the following is NOT a property of all groups?,Which of the following is NOT a property of all groups?,11,"""W""","[""Commutativity"", ""Identity element"", ""Inverses"", ""Associativity""]",SSB_2026
4563d95967ec0f8015b1f600faf306772abfe930ae707059e88472870c76ed3b,DOUBLE ELIM 8,2026,46,23,BONUS,SHORT_ANSWER,MATH,What is the value of the nested square root $\sqrt{3 + sqrt{3 + sqrt{3 \dots}}}$ \textbf{[the square root of the quantity three plus the quantity square root of the quantity 3 repeating]}?,What is the value of the nested square root ?,10,"""$\\frac{1 + \\sqrt{13}}{2}$""",[],SSB_2026
5e7e393b9538a1d5d69e7330b47646c42496b1348441450913c3a0305e976634,ROUND ROBIN 1,2026,1,1,TOSSUP,MULTIPLE_CHOICE,BIOLOGY,E. coli were grown on differing isotopes of what element by Meselson \textbf{[MES-ul-sin]} and Stahl \textbf{[STALL]} to determine the semiconservative replication of DNA?,E. coli were grown on differing isotopes of what element by Meselson and Stahl to determine the semiconservative replication of DNA?,21,"""W""","[""Nitrogen"", ""Oxygen"", ""Phosphorus"", ""Sulfur""]",SSB_2026
5e7e393b9538a1d5d69e7330b47646c42496b1348441450913c3a0305e976634,ROUND ROBIN 1,2026,2,1,BONUS,MULTIPLE_CHOICE,BIOLOGY,Which of the following animal behaviors is innate rather than learned?,Which of the following animal behaviors is innate rather than learned?,11,"""W""","[""Imprinting"", ""Fixed action pattern"", ""Classical conditioning"", ""Operant conditioning""]",SSB_2026
5e7e393b9538a1d5d69e7330b47646c42496b1348441450913c3a0305e976634,ROUND ROBIN 1,2026,3,2,TOSSUP,SHORT_ANSWER,PHYSICS,Identify all of the following three mechanical quantities that are vectors: 1) Acceleration; 2) Energy; 3) Momentum.,Identify all of the following three mechanical quantities that are vectors: 1) Acceleration; 2) Energy; 3) Momentum.,17,"""1 and 3""",[],SSB_2026
5e7e393b9538a1d5d69e7330b47646c42496b1348441450913c3a0305e976634,ROUND ROBIN 1,2026,4,2,BONUS,SHORT_ANSWER,PHYSICS,A car accelerates from rest at a rate of 5 meters per second squared. How many meters does the car travel after 10 seconds?,A car accelerates from rest at a rate of 5 meters per second squared. How many meters does the car travel after 10 seconds?,24,"""250""",[],SSB_2026
5e7e393b9538a1d5d69e7330b47646c42496b1348441450913c3a0305e976634,ROUND ROBIN 1,2026,5,3,TOSSUP,SHORT_ANSWER,EARTH_SPACE,"What is the process by which oceanic crust at mid ocean ridges diverges, leading to the formation of new oceanic crust?","What is the process by which oceanic crust at mid ocean ridges diverges, leading to the formation of new oceanic crust?",21,"""Seafloor Spreading""",[],SSB_2026
5e7e393b9538a1d5d69e7330b47646c42496b1348441450913c3a0305e976634,ROUND ROBIN 1,2026,6,3,BONUS,MULTIPLE_CHOICE,EARTH_SPACE,Which of the following celestial bodies is NOT a moon of Saturn?,Which of the following celestial bodies is NOT a moon of Saturn?,12,"""Z""","[""Titan"", ""Enceladus \\textbf{[en-SEL-uh-dis]}"", ""Mimas"", ""Europa""]",SSB_2026
5e7e393b9538a1d5d69e7330b47646c42496b1348441450913c3a0305e976634,ROUND ROBIN 1,2026,7,4,TOSSUP,MULTIPLE_CHOICE,CHEMISTRY,Which of the following elements has the lowest boiling point?,Which of the following elements has the lowest boiling point?,10,"""X""","[""Hydrogen"", ""Helium"", ""Neon"", ""Argon""]",SSB_2026
5e7e393b9538a1d5d69e7330b47646c42496b1348441450913c3a0305e976634,ROUND ROBIN 1,2026,8,4,BONUS,MULTIPLE_CHOICE,CHEMISTRY,"When aluminum reacts with oxygen, electrons from aluminum's 3p subshell are transferred to which of the following subshells on oxygen?","When aluminum reacts with oxygen, electrons from aluminum's 3p subshell are transferred to which of the following subshells on oxygen?",20,"""Y""","[""2s"", ""3s"", ""2p"", ""3p""]",SSB_2026
5e7e393b9538a1d5d69e7330b47646c42496b1348441450913c3a0305e976634,ROUND ROBIN 1,2026,9,5,TOSSUP,SHORT_ANSWER,MATH,"In Pokemon, Azurill are 25% male and 75% female, but their evolution Marill has a 50/50 gender ratio. If all Azurills evolve into Marills and all male Azurills become male Marills, what is the probability that a randomly selected female Azurill evolves into a male Marill?","In Pokemon, Azurill are 25% male and 75% female, but their evolution Marill has a 50/50 gender ratio. If all Azurills evolve into Marills and all male Azurills become male Marills, what is the probability that a randomly selected female Azurill evolves into a male Marill?",46,"""1/3""",[],SSB_2026
5e7e393b9538a1d5d69e7330b47646c42496b1348441450913c3a0305e976634,ROUND ROBIN 1,2026,10,5,BONUS,SHORT_ANSWER,MATH,"A group of six friends go to a restaurant together and sit at a circular table. However, Kiana and Mei demand to sit next to each other at the table. If rotations are considered identical, how many ways are there for the friends to arrange themselves?","A group of six friends go to a restaurant together and sit at a circular table. However, Kiana and Mei demand to sit next to each other at the table. If rotations are considered identical, how many ways are there for the friends to arrange themselves?",46,"""48""",[],SSB_2026
5e7e393b9538a1d5d69e7330b47646c42496b1348441450913c3a0305e976634,ROUND ROBIN 1,2026,11,6,TOSSUP,MULTIPLE_CHOICE,ENERGY,The PULSE Institute at Stanford is using attosecond light pulses to better understand molecular dynamics. An attosecond is defined as which of the following fractions of a second?,The PULSE Institute at Stanford is using attosecond light pulses to better understand molecular dynamics. An attosecond is defined as which of the following fractions of a second?,28,"""Y""","[""10^{-12}"", ""10^{-15}"", ""10^{-18}"", ""10^{-21}""]",SSB_2026
5e7e393b9538a1d5d69e7330b47646c42496b1348441450913c3a0305e976634,ROUND ROBIN 1,2026,12,6,BONUS,SHORT_ANSWER,ENERGY,"The Stanford Paleomagnetism and Planetary Magnetism Laboratory uses remnant magnetism in terrestrial and lunar rocks, as well as meteorities, to study the evolution and formation of solar system bodies. Identify all of the following 3 terrestrial planets that posesses an appreciable magnetic field: 1) Mercury; 2) Venus; 3) Earth.","The Stanford Paleomagnetism and Planetary Magnetism Laboratory uses remnant magnetism in terrestrial and lunar rocks, as well as meteorities, to study the evolution and formation of solar system bodies. Identify all of the following 3 terrestrial planets that posesses an appreciable magnetic field: 1) Mercury; 2) Venus; 3) Earth.",49,"""1 and 3""",[],SSB_2026
5e7e393b9538a1d5d69e7330b47646c42496b1348441450913c3a0305e976634,ROUND ROBIN 1,2026,13,7,TOSSUP,SHORT_ANSWER,BIOLOGY,Identify all of the following three pathways in cellular respiration that can generate ATP through substrate-level phosphorylation \textbf{[fos-for-uh-LAY-shin]}: 1) Glycolysis; 2) Krebs cycle; 3) Pyruvate oxidation.,Identify all of the following three pathways in cellular respiration that can generate ATP through substrate-level phosphorylation : 1) Glycolysis; 2) Krebs cycle; 3) Pyruvate oxidation.,26,"""1 and 2""",[],SSB_2026
5e7e393b9538a1d5d69e7330b47646c42496b1348441450913c3a0305e976634,ROUND ROBIN 1,2026,14,7,BONUS,MULTIPLE_CHOICE,BIOLOGY,Astrocytes induce the formation of which of the following types of junctions in brain capillaries?,Astrocytes induce the formation of which of the following types of junctions in brain capillaries?,15,"""Y""","[""Gap junctions"", ""Desmosomes \\textbf{[DES-moh-somes]}"", ""Tight junctions"", ""Plasmodesmata \\textbf{[plas-moh-des-MAH-tuh]}""]",SSB_2026
5e7e393b9538a1d5d69e7330b47646c42496b1348441450913c3a0305e976634,ROUND ROBIN 1,2026,15,8,TOSSUP,SHORT_ANSWER,PHYSICS,Huygens' \textbf{[HOY-gins]} principle is responsible for what effect that describes how waves bend around corners and other obstacles?,Huygens' principle is responsible for what effect that describes how waves bend around corners and other obstacles?,17,"""Diffraction""",[],SSB_2026
5e7e393b9538a1d5d69e7330b47646c42496b1348441450913c3a0305e976634,ROUND ROBIN 1,2026,16,8,BONUS,SHORT_ANSWER,PHYSICS,"In watts, how much power is dissipated by a 100 ohm resistor connected to a 10 volt power soruce?","In watts, how much power is dissipated by a 100 ohm resistor connected to a 10 volt power soruce?",19,"""1""",[],SSB_2026
5e7e393b9538a1d5d69e7330b47646c42496b1348441450913c3a0305e976634,ROUND ROBIN 1,2026,17,9,TOSSUP,MULTIPLE_CHOICE,EARTH_SPACE,Which of the following best describes the silica content of the lava that erupts from a shield volcano?,Which of the following best describes the silica content of the lava that erupts from a shield volcano?,18,"""Y""","[""Felsic"", ""Intermediate"", ""Mafic \\textbf{[MAY-fik]}"", ""Ultramafic""]",SSB_2026
5e7e393b9538a1d5d69e7330b47646c42496b1348441450913c3a0305e976634,ROUND ROBIN 1,2026,18,9,BONUS,SHORT_ANSWER,EARTH_SPACE,Order the following three types of clouds by decreasing altitude: 1) Stratus; 2) Altocumulus; 3) Cirrus.,Order the following three types of clouds by decreasing altitude: 1) Stratus; 2) Altocumulus; 3) Cirrus.,16,"""3, 2, 1""",[],SSB_2026
5e7e393b9538a1d5d69e7330b47646c42496b1348441450913c3a0305e976634,ROUND ROBIN 1,2026,19,10,TOSSUP,SHORT_ANSWER,CHEMISTRY,Identify all of the following three types of intermolecular bonding which are observed in an acetone solution: 1) London dispersion; 2) Dipole-dipole; 3) Hydrogen bonding.,Identify all of the following three types of intermolecular bonding which are observed in an acetone solution: 1) London dispersion; 2) Dipole-dipole; 3) Hydrogen bonding.,25,"""1 and 2""",[],SSB_2026
5e7e393b9538a1d5d69e7330b47646c42496b1348441450913c3a0305e976634,ROUND ROBIN 1,2026,20,10,BONUS,SHORT_ANSWER,CHEMISTRY,Identify all of the following three changes that would increase the pressure in a rigid container of hydrogen gas: 1) Removing one mole of hydrogen and adding one mole of steam; 2) Replacing hydrogen with an equal amount of oxygen; 3) Heating the container.,Identify all of the following three changes that would increase the pressure in a rigid container of hydrogen gas: 1) Removing one mole of hydrogen and adding one mole of steam; 2) Replacing hydrogen with an equal amount of oxygen; 3) Heating the container.,44,"""3 only""",[],SSB_2026
5e7e393b9538a1d5d69e7330b47646c42496b1348441450913c3a0305e976634,ROUND ROBIN 1,2026,21,11,TOSSUP,SHORT_ANSWER,MATH,"The credit card scam ""What would your credit card number be if you multiplied by one and added zero?"" works because 1 and 0 are examples of what special values for the operations multiplication and addition?","The credit card scam ""What would your credit card number be if you multiplied by one and added zero?"" works because 1 and 0 are examples of what special values for the operations multiplication and addition?",36,"""Identity""",[],SSB_2026
5e7e393b9538a1d5d69e7330b47646c42496b1348441450913c3a0305e976634,ROUND ROBIN 1,2026,22,11,BONUS,SHORT_ANSWER,MATH,A right triangle has a leg of length 24 and area 84. What is the length of its hypotenuse?,A right triangle has a leg of length 24 and area 84. What is the length of its hypotenuse?,19,"""25""",[],SSB_2026
5e7e393b9538a1d5d69e7330b47646c42496b1348441450913c3a0305e976634,ROUND ROBIN 1,2026,23,12,TOSSUP,MULTIPLE_CHOICE,ENERGY,Scientists at UCLA's Barber Lab are studying how differential air pressure affects surface-level convection. Which of the following instruments is used to measure atmospheric pressure?,Scientists at UCLA's Barber Lab are studying how differential air pressure affects surface-level convection. Which of the following instruments is used to measure atmospheric pressure?,25,"""Y""","[""Anemometer"", ""Hygrometer \\textbf{[hy-GRAW-muh-tur]}"", ""Barometer"", ""Sling psychrometer \\textbf{[sy-KRAW-muh-tur]}""]",SSB_2026
5e7e393b9538a1d5d69e7330b47646c42496b1348441450913c3a0305e976634,ROUND ROBIN 1,2026,24,12,BONUS,SHORT_ANSWER,ENERGY,"Scientists at UCLA's Sports Research Group are analyzing how the age of sports specialization varies with injury rate. If they wish to measure the spread of the data, identify all of the following 3 measures that can be used: 1) Interquartile range; 2) Standard deviation; 3) Median.","Scientists at UCLA's Sports Research Group are analyzing how the age of sports specialization varies with injury rate. If they wish to measure the spread of the data, identify all of the following 3 measures that can be used: 1) Interquartile range; 2) Standard deviation; 3) Median.",47,"""1 and 2""",[],SSB_2026
5e7e393b9538a1d5d69e7330b47646c42496b1348441450913c3a0305e976634,ROUND ROBIN 1,2026,25,13,TOSSUP,MULTIPLE_CHOICE,BIOLOGY,Which of the following phyla contain organisms that do not possess any true tissue?,Which of the following phyla contain organisms that do not possess any true tissue?,14,"""W""","[""Porifera \\textbf{[por-IF-er-uh]}"", ""Cnidaria \\textbf{[nih-DAIR-ee-uh]}"", ""Platyhelminthes \\textbf{[plat-uh-hel-MIN-thees]}"", ""Nematoda""]",SSB_2026
5e7e393b9538a1d5d69e7330b47646c42496b1348441450913c3a0305e976634,ROUND ROBIN 1,2026,26,13,BONUS,SHORT_ANSWER,BIOLOGY,Order the following three locations that newly synthesized bile will pass through from first to last: 1) Gall bladder; 2) Liver; 3) Small intestine.,Order the following three locations that newly synthesized bile will pass through from first to last: 1) Gall bladder; 2) Liver; 3) Small intestine.,24,"""2, 1, 3""",[],SSB_2026
5e7e393b9538a1d5d69e7330b47646c42496b1348441450913c3a0305e976634,ROUND ROBIN 1,2026,27,14,TOSSUP,SHORT_ANSWER,PHYSICS,What term is given to a device that stores energy in the form of a magnetic field created when current flows through it?,What term is given to a device that stores energy in the form of a magnetic field created when current flows through it?,23,"""Inductor""",[],SSB_2026
5e7e393b9538a1d5d69e7330b47646c42496b1348441450913c3a0305e976634,ROUND ROBIN 1,2026,28,14,BONUS,SHORT_ANSWER,PHYSICS,A large wooden board with volume 50 liters and specific gravity 0.5 is placed in a body of water. What is the maximum weight in kilograms that the board can support before being fully submerged?,A large wooden board with volume 50 liters and specific gravity 0.5 is placed in a body of water. What is the maximum weight in kilograms that the board can support before being fully submerged?,35,"""25""",[],SSB_2026
5e7e393b9538a1d5d69e7330b47646c42496b1348441450913c3a0305e976634,ROUND ROBIN 1,2026,29,15,TOSSUP,SHORT_ANSWER,EARTH_SPACE,What term is given to the radius of a black hole's event horizon?,What term is given to the radius of a black hole's event horizon?,13,"""Schwarzchild \\textbf{[SHWARZ-shield]} radius""",[],SSB_2026
5e7e393b9538a1d5d69e7330b47646c42496b1348441450913c3a0305e976634,ROUND ROBIN 1,2026,30,15,BONUS,MULTIPLE_CHOICE,EARTH_SPACE,Which of the following types of stars will the Sun never become?,Which of the following types of stars will the Sun never become?,12,"""X""","[""Red giant"", ""Red supergiant"", ""White dwarf"", ""Black dwarf""]",SSB_2026
5e7e393b9538a1d5d69e7330b47646c42496b1348441450913c3a0305e976634,ROUND ROBIN 1,2026,31,16,TOSSUP,SHORT_ANSWER,CHEMISTRY,"At low temperatures, tin metal spontaneously transforms from a silvery metal to a brittle grey powder. What term describes these two forms of tin, which are different phases of the same element?","At low temperatures, tin metal spontaneously transforms from a silvery metal to a brittle grey powder. What term describes these two forms of tin, which are different phases of the same element?",32,"""Allotropes \\textbf{[AL-uh-tropes]} (ACCEPT: Polymorphs)""",[],SSB_2026
5e7e393b9538a1d5d69e7330b47646c42496b1348441450913c3a0305e976634,ROUND ROBIN 1,2026,32,16,BONUS,MULTIPLE_CHOICE,CHEMISTRY,Which of the following statements about a reaction coordinate diagram is always true?,Which of the following statements about a reaction coordinate diagram is always true?,13,"""Y""","[""The activation energy is greater than the overall Gibbs free energy change"", ""The activation energy is smaller than the overall Gibbs free energy change"", ""The transition state has a higher Gibbs free energy than the products"", ""The transition state has a lower Gibbs free energy than the products""]",SSB_2026
5e7e393b9538a1d5d69e7330b47646c42496b1348441450913c3a0305e976634,ROUND ROBIN 1,2026,33,17,TOSSUP,SHORT_ANSWER,MATH,"In a room, there are 7 dogs, 3 cats, and 5 rabbits. What is the probability a randomly selected pet is a rabbit?","In a room, there are 7 dogs, 3 cats, and 5 rabbits. What is the probability a randomly selected pet is a rabbit?",23,"""1/3""",[],SSB_2026
5e7e393b9538a1d5d69e7330b47646c42496b1348441450913c3a0305e976634,ROUND ROBIN 1,2026,34,17,BONUS,MULTIPLE_CHOICE,MATH,Which of the following functions has a unique global minimum at $x=0$?,Which of the following functions has a unique global minimum at ?,12,"""Z""","[""$x^2 + x$"", ""$|x| - x$"", ""$\\ln (\\frac{1}{x})$ \\textbf{[the natural log of 1 over x]}"", ""$e^x + e^{-x}$""]",SSB_2026
5e7e393b9538a1d5d69e7330b47646c42496b1348441450913c3a0305e976634,ROUND ROBIN 1,2026,35,18,TOSSUP,SHORT_ANSWER,ENERGY,Scientists at the Johns Hopkins Suez Lab are utilizing fecal microbiome transplants to modulate antibiotic resistance in the gut. What type of symbiotic relationship is exhibited between hosts and their gut microbiomes?,Scientists at the Johns Hopkins Suez Lab are utilizing fecal microbiome transplants to modulate antibiotic resistance in the gut. What type of symbiotic relationship is exhibited between hosts and their gut microbiomes?,32,"""Mutualism""",[],SSB_2026
5e7e393b9538a1d5d69e7330b47646c42496b1348441450913c3a0305e976634,ROUND ROBIN 1,2026,36,18,BONUS,SHORT_ANSWER,ENERGY,Scientists at the Johns Hopkins Tsapatsis Lab are studying catalytic processes for separating hydrocarbons in chemical systems. Identify all of the following 3 intermolecular forces that hydrocarbons possess: 1) London dispersion forces; 2) Dipole-dipole interactions; 3) Hydrogen bonding.,Scientists at the Johns Hopkins Tsapatsis Lab are studying catalytic processes for separating hydrocarbons in chemical systems. Identify all of the following 3 intermolecular forces that hydrocarbons possess: 1) London dispersion forces; 2) Dipole-dipole interactions; 3) Hydrogen bonding.,38,"""1 only""",[],SSB_2026
5e7e393b9538a1d5d69e7330b47646c42496b1348441450913c3a0305e976634,ROUND ROBIN 1,2026,37,19,TOSSUP,SHORT_ANSWER,BIOLOGY,"In many desert cacti, stomata \textbf{[stoh-MAH-tuh]} open only at night, storing carbon dioxide for sugar production during the day. What modified form of photosynthesis do these desert cacti employ to minimize water loss in hot daytime conditions?","In many desert cacti, stomata open only at night, storing carbon dioxide for sugar production during the day. What modified form of photosynthesis do these desert cacti employ to minimize water loss in hot daytime conditions?",36,"""CAM (ACCEPT: Crassulacean acid metabolism)""",[],SSB_2026
5e7e393b9538a1d5d69e7330b47646c42496b1348441450913c3a0305e976634,ROUND ROBIN 1,2026,38,19,BONUS,SHORT_ANSWER,BIOLOGY,"What phenomenon occurs when excess nutrients, often from runoff, enter a body of water and stimulate rapid algal growth?","What phenomenon occurs when excess nutrients, often from runoff, enter a body of water and stimulate rapid algal growth?",19,"""Eutrophication \\textbf{[yoo-troh-fih-KAY-shin]}""",[],SSB_2026
5e7e393b9538a1d5d69e7330b47646c42496b1348441450913c3a0305e976634,ROUND ROBIN 1,2026,39,20,TOSSUP,SHORT_ANSWER,PHYSICS,The force produced by a compressed spring is proportional to its displacement raised to what power?,The force produced by a compressed spring is proportional to its displacement raised to what power?,16,"""1""",[],SSB_2026
5e7e393b9538a1d5d69e7330b47646c42496b1348441450913c3a0305e976634,ROUND ROBIN 1,2026,40,20,BONUS,MULTIPLE_CHOICE,PHYSICS,Two conductors with free charges touch briefly. Which of the following necessarily describes how the states of the two conductors change?,Two conductors with free charges touch briefly. Which of the following necessarily describes how the states of the two conductors change?,21,"""Z""","[""Their charges swap"", ""Their potentials swap"", ""Their charges become equal"", ""Their potentials become equal""]",SSB_2026
5e7e393b9538a1d5d69e7330b47646c42496b1348441450913c3a0305e976634,ROUND ROBIN 1,2026,41,21,TOSSUP,SHORT_ANSWER,EARTH_SPACE,What is the process by which massive chunks of ice break away from a glacier to create icebergs?,What is the process by which massive chunks of ice break away from a glacier to create icebergs?,18,"""Calving \\textbf{[CAV-ing]}""",[],SSB_2026
5e7e393b9538a1d5d69e7330b47646c42496b1348441450913c3a0305e976634,ROUND ROBIN 1,2026,42,21,BONUS,MULTIPLE_CHOICE,EARTH_SPACE,What type of faulting is dominant in rift valleys?,What type of faulting is dominant in rift valleys?,9,"""W""","[""Normal"", ""Reverse"", ""Thrust"", ""Strike-slip""]",SSB_2026
5e7e393b9538a1d5d69e7330b47646c42496b1348441450913c3a0305e976634,ROUND ROBIN 1,2026,43,22,TOSSUP,SHORT_ANSWER,CHEMISTRY,Uranium-238 undergoes a form of nuclear decay in which it releases a helium nucleus to form thorium-234. What is the name of this type of decay?,Uranium-238 undergoes a form of nuclear decay in which it releases a helium nucleus to form thorium-234. What is the name of this type of decay?,26,"""Alpha Decay [AS, CL]""",[],SSB_2026
5e7e393b9538a1d5d69e7330b47646c42496b1348441450913c3a0305e976634,ROUND ROBIN 1,2026,44,22,BONUS,MULTIPLE_CHOICE,CHEMISTRY,"If 0.5 moles of each of the following acids are dissolved in 10 liters of water, which acid would create the solution with the highest pH?","If 0.5 moles of each of the following acids are dissolved in 10 liters of water, which acid would create the solution with the highest pH?",26,"""W""","[""Hydrogen fluoride"", ""Hydrogen chloride"", ""Hydrogen bromide"", ""Hydrogen iodide \\textbf{[EYE-uh-dide]}""]",SSB_2026
5e7e393b9538a1d5d69e7330b47646c42496b1348441450913c3a0305e976634,ROUND ROBIN 1,2026,45,23,TOSSUP,SHORT_ANSWER,MATH,"How many terms are in an arithmetic series with first term 0, last term 2025, and common difference 5?","How many terms are in an arithmetic series with first term 0, last term 2025, and common difference 5?",19,"""406""",[],SSB_2026
5e7e393b9538a1d5d69e7330b47646c42496b1348441450913c3a0305e976634,ROUND ROBIN 1,2026,46,23,BONUS,SHORT_ANSWER,MATH,"Triangle $ABC$ is an isosceles triangle with $AB=AC$. If the altitude from $A$ to $BC$ has length 12, and triangle $ABC$ has area 60, find the perimeter of triangle $ABC$.","Triangle is an isosceles triangle with . If the altitude from to has length 12, and triangle has area 60, find the perimeter of triangle .",26,"""36""",[],SSB_2026
f31dc2047b839afc531f4cb19b570b67d66e719d1e3432531cc2c3d43f6803dc,ROUND ROBIN 2,2026,1,1,TOSSUP,SHORT_ANSWER,BIOLOGY,Cholesterol contains a polar hydroxyl group on one end and a largely nonpolar steroid ring on the other. What term best describes molecules like cholesterol which have both hydrophilic and hydrophobic regions?,Cholesterol contains a polar hydroxyl group on one end and a largely nonpolar steroid ring on the other. What term best describes molecules like cholesterol which have both hydrophilic and hydrophobic regions?,32,"""Amphipathic \\textbf{[am-phee-PATH-ik]}""",[],SSB_2026
f31dc2047b839afc531f4cb19b570b67d66e719d1e3432531cc2c3d43f6803dc,ROUND ROBIN 2,2026,2,1,BONUS,SHORT_ANSWER,BIOLOGY,Order the following three cells from first to last that water will pass through as it exits the leaf during transpiration: 1) Mesophyll \textbf{[MES-oh-fill]} cells; 2) Bundle sheath cells; 3) Xylem \textbf{[ZY-lum]} tracheids \textbf{[TRAY-kee-ids]}.,Order the following three cells from first to last that water will pass through as it exits the leaf during transpiration: 1) Mesophyll cells; 2) Bundle sheath cells; 3) Xylem tracheids .,32,"""3, 2, 1""",[],SSB_2026
f31dc2047b839afc531f4cb19b570b67d66e719d1e3432531cc2c3d43f6803dc,ROUND ROBIN 2,2026,3,2,TOSSUP,SHORT_ANSWER,PHYSICS,"A block travels along a surface at a constant rate of 2 meters per second while being pushed with a force of 2 newtons. After being pushed for 2 seconds, how much work has been done on the block, in joules?","A block travels along a surface at a constant rate of 2 meters per second while being pushed with a force of 2 newtons. After being pushed for 2 seconds, how much work has been done on the block, in joules?",41,"""8""",[],SSB_2026
f31dc2047b839afc531f4cb19b570b67d66e719d1e3432531cc2c3d43f6803dc,ROUND ROBIN 2,2026,4,2,BONUS,MULTIPLE_CHOICE,PHYSICS,A circular ring has a counterclockwise current when seen from the top. What is the direction of the magnetic field at the center of the ring?,A circular ring has a counterclockwise current when seen from the top. What is the direction of the magnetic field at the center of the ring?,26,"""W""","[""Directly up"", ""Directly down"", ""Outward towards the ring"", ""There is no magnetic field""]",SSB_2026
f31dc2047b839afc531f4cb19b570b67d66e719d1e3432531cc2c3d43f6803dc,ROUND ROBIN 2,2026,5,3,TOSSUP,SHORT_ANSWER,EARTH_SPACE,"What is the distance to a star, in parsecs, with a parallax of 0.5 arcseconds?","What is the distance to a star, in parsecs, with a parallax of 0.5 arcseconds?",15,"""2""",[],SSB_2026
f31dc2047b839afc531f4cb19b570b67d66e719d1e3432531cc2c3d43f6803dc,ROUND ROBIN 2,2026,6,3,BONUS,SHORT_ANSWER,EARTH_SPACE,Identify all of the following four celestial bodies that are generally in hydrostatic equilibrium: 1) Stars; 2) Comets; 3) Planets; 4) Asteroids.,Identify all of the following four celestial bodies that are generally in hydrostatic equilibrium: 1) Stars; 2) Comets; 3) Planets; 4) Asteroids.,22,"""1 and 3""",[],SSB_2026
f31dc2047b839afc531f4cb19b570b67d66e719d1e3432531cc2c3d43f6803dc,ROUND ROBIN 2,2026,7,4,TOSSUP,MULTIPLE_CHOICE,CHEMISTRY,"At the half-equivalence point of titrating a weak acid with a strong base, the concentrations of the weak acid and its conjugate base are equal. Which of the following is the pH at this point?","At the half-equivalence point of titrating a weak acid with a strong base, the concentrations of the weak acid and its conjugate base are equal. Which of the following is the pH at this point?",35,"""W""","[""The pKa of the weak acid"", ""The pKb of the conjugate base"", ""Fourteen plus the pKa of the weak acid"", ""Fourteen minus the pKa of the weak acid""]",SSB_2026
f31dc2047b839afc531f4cb19b570b67d66e719d1e3432531cc2c3d43f6803dc,ROUND ROBIN 2,2026,8,4,BONUS,MULTIPLE_CHOICE,CHEMISTRY,Brian multiples a reaction's temperature by its change in entropy in order to calculate its change in Gibbs free energy. Which of the following units could he use to measure change in entropy?,Brian multiples a reaction's temperature by its change in entropy in order to calculate its change in Gibbs free energy. Which of the following units could he use to measure change in entropy?,33,"""Z""","[""Joule"", ""Joule per mole"", ""Joule kelvin"", ""Joule per kelvin""]",SSB_2026
f31dc2047b839afc531f4cb19b570b67d66e719d1e3432531cc2c3d43f6803dc,ROUND ROBIN 2,2026,9,5,TOSSUP,SHORT_ANSWER,MATH,"Given that the polynomial x^3 + ax + b has two roots that add to 7, what is the third root of the polynomial?","Given that the polynomial x^3 + ax + b has two roots that add to 7, what is the third root of the polynomial?",24,"""-7""",[],SSB_2026
f31dc2047b839afc531f4cb19b570b67d66e719d1e3432531cc2c3d43f6803dc,ROUND ROBIN 2,2026,10,5,BONUS,MULTIPLE_CHOICE,MATH,Which of the following statements is NOT an example of the transitive property?,Which of the following statements is NOT an example of the transitive property?,13,"""Y""","[""If Rumi is taller than Zoey and Mira is taller than Rumi, then Mira is taller than Zoey"", ""The set of rational numbers is a subset of real numbers, and the set of integers is a subset of rational numbers, so all integers are real numbers"", ""Sirin is older than Kiana and Bianka is younger than Sirin, so Kiana is older than Bianka"", ""If x is equal to y and y is equal to z, then x equals z""]",SSB_2026
f31dc2047b839afc531f4cb19b570b67d66e719d1e3432531cc2c3d43f6803dc,ROUND ROBIN 2,2026,11,6,TOSSUP,SHORT_ANSWER,ENERGY,"The Goldhaber-Gordon Group at Stanford is using atomically flat flakes of boron nitride to study the properties of electrons in what material, analogous because of its single layer of hexagonally structured atoms?","The Goldhaber-Gordon Group at Stanford is using atomically flat flakes of boron nitride to study the properties of electrons in what material, analogous because of its single layer of hexagonally structured atoms?",32,"""Graphene""",[],SSB_2026
f31dc2047b839afc531f4cb19b570b67d66e719d1e3432531cc2c3d43f6803dc,ROUND ROBIN 2,2026,12,6,BONUS,SHORT_ANSWER,ENERGY,Scientists at Stanford's Dynamic Design Lab are enhancing autonomous vehicle safety by modeling tire-road friction in extreme conditions. Identify all of the following three factors that directly affect the force of friction: 1) Contact surface area; 2) Mass of the object; 3) Angle of incline of the road.,Scientists at Stanford's Dynamic Design Lab are enhancing autonomous vehicle safety by modeling tire-road friction in extreme conditions. Identify all of the following three factors that directly affect the force of friction: 1) Contact surface area; 2) Mass of the object; 3) Angle of incline of the road.,48,"""2 and 3""",[],SSB_2026
f31dc2047b839afc531f4cb19b570b67d66e719d1e3432531cc2c3d43f6803dc,ROUND ROBIN 2,2026,13,7,TOSSUP,MULTIPLE_CHOICE,BIOLOGY,Aneesh is placing his favorite glycolytic \textbf{[gly-koh-LIH-tik]} enzyme hexokinase \textbf{[hex-oh-KY-nase]} in random locations within the cell. In which of the following organelles would its activity be the most hindered?,Aneesh is placing his favorite glycolytic enzyme hexokinase in random locations within the cell. In which of the following organelles would its activity be the most hindered?,27,"""Y""","[""Golgi apparatus"", ""Endoplasmic reticulus"", ""Lysosome"", ""Nucleus""]",SSB_2026
f31dc2047b839afc531f4cb19b570b67d66e719d1e3432531cc2c3d43f6803dc,ROUND ROBIN 2,2026,14,7,BONUS,MULTIPLE_CHOICE,BIOLOGY,Which of the following regions of the respiratory system would not be lined by cilia \textbf{[SIL-ee-uh]}?,Which of the following regions of the respiratory system would not be lined by cilia ?,16,"""Z""","[""Trachea \\textbf{[TRAY-kee-uh]}"", ""Bronchus"", ""Bronchiole"", ""Alveolus \\textbf{[al-vee-OL-us]}""]",SSB_2026
f31dc2047b839afc531f4cb19b570b67d66e719d1e3432531cc2c3d43f6803dc,ROUND ROBIN 2,2026,15,8,TOSSUP,SHORT_ANSWER,PHYSICS,"Anna and Alexis are attempting to pull a 1 kilogram block with ropes. Anna pulls directly to the left, while Alexis pulls to the right at an angle of 60 degrees to the horizontal. If both pull with a force of 10 newtons, what will be the acceleration of the block in meters per second squared?","Anna and Alexis are attempting to pull a 1 kilogram block with ropes. Anna pulls directly to the left, while Alexis pulls to the right at an angle of 60 degrees to the horizontal. If both pull with a force of 10 newtons, what will be the acceleration of the block in meters per second squared?",56,"""5""",[],SSB_2026
f31dc2047b839afc531f4cb19b570b67d66e719d1e3432531cc2c3d43f6803dc,ROUND ROBIN 2,2026,16,8,BONUS,SHORT_ANSWER,PHYSICS,A block slides at a constant speed along a ramp tilted at an angle of 45 degrees. Identify all of the following three values that could be the coefficient of static friction between the block and the ramp: 1) 0.5; 2) 1.0; 3) 1.5.,A block slides at a constant speed along a ramp tilted at an angle of 45 degrees. Identify all of the following three values that could be the coefficient of static friction between the block and the ramp: 1) 0.5; 2) 1.0; 3) 1.5.,44,"""3 only""",[],SSB_2026
f31dc2047b839afc531f4cb19b570b67d66e719d1e3432531cc2c3d43f6803dc,ROUND ROBIN 2,2026,17,9,TOSSUP,MULTIPLE_CHOICE,EARTH_SPACE,The Moho discontinuity marks the boundary between which of the following layers of Earth?,The Moho discontinuity marks the boundary between which of the following layers of Earth?,14,"""W""","[""Crust and mantle"", ""Lithosphere and asthenosphere"", ""Mantle and outer core"", ""Outer core and inner core""]",SSB_2026
f31dc2047b839afc531f4cb19b570b67d66e719d1e3432531cc2c3d43f6803dc,ROUND ROBIN 2,2026,18,9,BONUS,SHORT_ANSWER,EARTH_SPACE,Ocean acidification is caused by the reaction between water and dissolved carbon dioxide that yields what compound?,Ocean acidification is caused by the reaction between water and dissolved carbon dioxide that yields what compound?,17,"""Carbonic acid (ACCEPT: H2CO3)""",[],SSB_2026
f31dc2047b839afc531f4cb19b570b67d66e719d1e3432531cc2c3d43f6803dc,ROUND ROBIN 2,2026,19,10,TOSSUP,SHORT_ANSWER,CHEMISTRY,"Although the mineral aragonite \textbf{[uh-RAG-uh-nite]} is higher in potential energy than calcium carbonate's other crystal form, calcite, aragonite does not spontaneously convert to calcite due to a high energy barrier. What is the term for this type of energy state?","Although the mineral aragonite is higher in potential energy than calcium carbonate's other crystal form, calcite, aragonite does not spontaneously convert to calcite due to a high energy barrier. What is the term for this type of energy state?",39,"""Metastable""",[],SSB_2026
f31dc2047b839afc531f4cb19b570b67d66e719d1e3432531cc2c3d43f6803dc,ROUND ROBIN 2,2026,20,10,BONUS,MULTIPLE_CHOICE,CHEMISTRY,Which of the following is an example of a redox reaction?,Which of the following is an example of a redox reaction?,11,"""Y""","[""Liquid water boiling into steam"", ""Precipitation upon adding sodium chloride to a solution of lead nitrate"", ""Electrolysis of water producing hydrogen gas"", ""Metal releasing photons upon being irradiated with light""]",SSB_2026
f31dc2047b839afc531f4cb19b570b67d66e719d1e3432531cc2c3d43f6803dc,ROUND ROBIN 2,2026,21,11,TOSSUP,SHORT_ANSWER,MATH,What is the maximum number of sides a convex polygon can have if all of its exterior angles are integers?,What is the maximum number of sides a convex polygon can have if all of its exterior angles are integers?,20,"""360""",[],SSB_2026
f31dc2047b839afc531f4cb19b570b67d66e719d1e3432531cc2c3d43f6803dc,ROUND ROBIN 2,2026,22,11,BONUS,SHORT_ANSWER,MATH,What are the radius and coordinates of the center of the circle given by $x^2 + y^2 - 14x - 12y + 84 = 0$?,What are the radius and coordinates of the center of the circle given by ?,15,"""Radius 1, center $(7,6)$""",[],SSB_2026
f31dc2047b839afc531f4cb19b570b67d66e719d1e3432531cc2c3d43f6803dc,ROUND ROBIN 2,2026,23,12,TOSSUP,MULTIPLE_CHOICE,ENERGY,Scientists at UCLA's Khan lab are utilizing boron trichloride to catalyze the rearrangement of DNA nucleosides. Which of the following statements is NOT true of boron trichloride?,Scientists at UCLA's Khan lab are utilizing boron trichloride to catalyze the rearrangement of DNA nucleosides. Which of the following statements is NOT true of boron trichloride?,27,"""Y""","[""It has a trigonal planar molecular geometry"", ""It acts as a Lewis acid"", ""The central atom has a lone pair of electrons"", ""It is nonpolar despite having polar bonds""]",SSB_2026
f31dc2047b839afc531f4cb19b570b67d66e719d1e3432531cc2c3d43f6803dc,ROUND ROBIN 2,2026,24,12,BONUS,SHORT_ANSWER,ENERGY,"Scientists at UCLA's SCALE Lab are studying bitwise data storage in microcontrollers. If information is encoded using a string of 4 bits, where each bit can independently take the value 0 or 1, how many distinct values can be represented?","Scientists at UCLA's SCALE Lab are studying bitwise data storage in microcontrollers. If information is encoded using a string of 4 bits, where each bit can independently take the value 0 or 1, how many distinct values can be represented?",40,"""16""",[],SSB_2026
f31dc2047b839afc531f4cb19b570b67d66e719d1e3432531cc2c3d43f6803dc,ROUND ROBIN 2,2026,25,13,TOSSUP,SHORT_ANSWER,BIOLOGY,Identify all of the following three types of inheritance patterns in which heterozygotes display a distinct phenotype from homozygotes: 1) Complete dominance; 2) Incomplete dominance; 3) Codominance.,Identify all of the following three types of inheritance patterns in which heterozygotes display a distinct phenotype from homozygotes: 1) Complete dominance; 2) Incomplete dominance; 3) Codominance.,27,"""2 and 3""",[],SSB_2026
f31dc2047b839afc531f4cb19b570b67d66e719d1e3432531cc2c3d43f6803dc,ROUND ROBIN 2,2026,26,13,BONUS,MULTIPLE_CHOICE,BIOLOGY,Which of the following population growth curves best represents a species that provides extensive parental care to offspring?,Which of the following population growth curves best represents a species that provides extensive parental care to offspring?,18,"""Z""","[""Linear"", ""Exponential"", ""Logarithmic"", ""Logistic""]",SSB_2026
f31dc2047b839afc531f4cb19b570b67d66e719d1e3432531cc2c3d43f6803dc,ROUND ROBIN 2,2026,27,14,TOSSUP,MULTIPLE_CHOICE,PHYSICS,Peter rides his bike in a circle on flat ground at constant speed. Which of the following is true about this scenario?,Peter rides his bike in a circle on flat ground at constant speed. Which of the following is true about this scenario?,22,"""Z""","[""His acceleration is aligned with the direction he travels"", ""His net displacement from a point on the circle is always zero"", ""Friction with the ground acts as the centrifugal force"", ""His velocity is perpendicular to his acceleration""]",SSB_2026
f31dc2047b839afc531f4cb19b570b67d66e719d1e3432531cc2c3d43f6803dc,ROUND ROBIN 2,2026,28,14,BONUS,MULTIPLE_CHOICE,PHYSICS,The motion of a spring is defined by the equation x = $\sin t$. Which of the following equations could NOT describe the motion of the same spring?,The motion of a spring is defined by the equation x = . Which of the following equations could NOT describe the motion of the same spring?,27,"""X""","[""x = $2\\sin (t)$"", ""x = $\\sin (2t)$"", ""$x = \\sin (t + 2)$ \\textbf{[x equals sine of the quantity t plus 2]}"", ""x = $\\cos (t)$""]",SSB_2026
f31dc2047b839afc531f4cb19b570b67d66e719d1e3432531cc2c3d43f6803dc,ROUND ROBIN 2,2026,29,15,TOSSUP,MULTIPLE_CHOICE,EARTH_SPACE,In which of the following regions of the electromagnetic spectrum is the 21 centimeter emission line is located?,In which of the following regions of the electromagnetic spectrum is the 21 centimeter emission line is located?,18,"""X""","[""Infrared"", ""Radio"", ""Ultraviolet"", ""Visible""]",SSB_2026
f31dc2047b839afc531f4cb19b570b67d66e719d1e3432531cc2c3d43f6803dc,ROUND ROBIN 2,2026,30,15,BONUS,MULTIPLE_CHOICE,EARTH_SPACE,Earth's perihelion occurs during which of the following seasons in the southern hemisphere?,Earth's perihelion occurs during which of the following seasons in the southern hemisphere?,13,"""Y""","[""Winter"", ""Spring"", ""Summer"", ""Fall""]",SSB_2026
f31dc2047b839afc531f4cb19b570b67d66e719d1e3432531cc2c3d43f6803dc,ROUND ROBIN 2,2026,31,16,TOSSUP,MULTIPLE_CHOICE,CHEMISTRY,Which of the following laws of thermodynamics states that the change in internal energy of a system is equal to the heat added to the system minus the work done by the system?,Which of the following laws of thermodynamics states that the change in internal energy of a system is equal to the heat added to the system minus the work done by the system?,33,"""X""","[""Zeroth"", ""First"", ""Second"", ""Third""]",SSB_2026
f31dc2047b839afc531f4cb19b570b67d66e719d1e3432531cc2c3d43f6803dc,ROUND ROBIN 2,2026,32,16,BONUS,SHORT_ANSWER,CHEMISTRY,Order the following three isotopes of carbon by increasing natural abundance: 1) Carbon-12; 2) Carbon-13; 3) Carbon-14.,Order the following three isotopes of carbon by increasing natural abundance: 1) Carbon-12; 2) Carbon-13; 3) Carbon-14.,17,"""3, 2, 1""",[],SSB_2026
f31dc2047b839afc531f4cb19b570b67d66e719d1e3432531cc2c3d43f6803dc,ROUND ROBIN 2,2026,33,17,TOSSUP,SHORT_ANSWER,MATH,"Furina is waiting for the next aquabus, and the aquabus arrives exactly every 15 minutes. Given that she has already waited for 5 minutes, what is the expected number of minutes that she will have to wait in total?","Furina is waiting for the next aquabus, and the aquabus arrives exactly every 15 minutes. Given that she has already waited for 5 minutes, what is the expected number of minutes that she will have to wait in total?",39,"""10""",[],SSB_2026
f31dc2047b839afc531f4cb19b570b67d66e719d1e3432531cc2c3d43f6803dc,ROUND ROBIN 2,2026,34,17,BONUS,SHORT_ANSWER,MATH,What is the equivalent value of the fraction with numerator $3+\sqrt{7}$ and denominator $3-\sqrt{7}$ when expressed in simpliest radical form?,What is the equivalent value of the fraction with numerator and denominator when expressed in simpliest radical form?,18,"""$8+ 3\\sqrt{7}$""",[],SSB_2026
f31dc2047b839afc531f4cb19b570b67d66e719d1e3432531cc2c3d43f6803dc,ROUND ROBIN 2,2026,35,18,TOSSUP,MULTIPLE_CHOICE,ENERGY,Scientists at the Johns Hopkins Bulk Crystal Growth Facility are modeling how crystal size varies with cooling time. Which of the following rocks is primarily composed of crystals that formed from rapid cooling?,Scientists at the Johns Hopkins Bulk Crystal Growth Facility are modeling how crystal size varies with cooling time. Which of the following rocks is primarily composed of crystals that formed from rapid cooling?,33,"""W""","[""Rhyolite"", ""Diorite"", ""Granite"", ""Pegmatite""]",SSB_2026
f31dc2047b839afc531f4cb19b570b67d66e719d1e3432531cc2c3d43f6803dc,ROUND ROBIN 2,2026,36,18,BONUS,MULTIPLE_CHOICE,ENERGY,Scientists at the Johns Hopkins Xu Lab are studying how the polymorphic ApoE gene plays a role in Alzheimer's disease. Which of the following best describes polymorphic genes?,Scientists at the Johns Hopkins Xu Lab are studying how the polymorphic ApoE gene plays a role in Alzheimer's disease. Which of the following best describes polymorphic genes?,28,"""X""","[""Genes that produce multiple protein products through alternative splicing"", ""Genes that contain multiple alleles which occur at appreciable frequencies in a population"", ""Genes that are expressed in multiple tissues throughout development"", ""Genes whose expression levels vary in response to the environment""]",SSB_2026
f31dc2047b839afc531f4cb19b570b67d66e719d1e3432531cc2c3d43f6803dc,ROUND ROBIN 2,2026,37,19,TOSSUP,SHORT_ANSWER,BIOLOGY,"The anterior pituitary \textbf{[puh-TOO-uh-tair-ee]} gland is regulated by hormones secreted from what region of the brain, controlling body temperature, hunger, and sleep?","The anterior pituitary gland is regulated by hormones secreted from what region of the brain, controlling body temperature, hunger, and sleep?",21,"""Hypothalamus""",[],SSB_2026
f31dc2047b839afc531f4cb19b570b67d66e719d1e3432531cc2c3d43f6803dc,ROUND ROBIN 2,2026,38,19,BONUS,SHORT_ANSWER,BIOLOGY,Order the following three carbohydrates by increasing number of carbons: 1) Ribose; 2) Fructose; 3) Lactose.,Order the following three carbohydrates by increasing number of carbons: 1) Ribose; 2) Fructose; 3) Lactose.,16,"""1, 2, 3""",[],SSB_2026
f31dc2047b839afc531f4cb19b570b67d66e719d1e3432531cc2c3d43f6803dc,ROUND ROBIN 2,2026,39,20,TOSSUP,SHORT_ANSWER,PHYSICS,"A runner weighing 50 kilograms picks up a bottle of water at rest weighing half a kilogram. To the nearest percent, by what percent is their velocity reduced?","A runner weighing 50 kilograms picks up a bottle of water at rest weighing half a kilogram. To the nearest percent, by what percent is their velocity reduced?",28,"""1""",[],SSB_2026
f31dc2047b839afc531f4cb19b570b67d66e719d1e3432531cc2c3d43f6803dc,ROUND ROBIN 2,2026,40,20,BONUS,SHORT_ANSWER,PHYSICS,"Commerical electricity is distributed at very high voltages in order to minimize power loss. In order to transmit a given amount of power over a wire, how many times more power is lost when using 100 volts compared to using 200 volts?","Commerical electricity is distributed at very high voltages in order to minimize power loss. In order to transmit a given amount of power over a wire, how many times more power is lost when using 100 volts compared to using 200 volts?",42,"""4""",[],SSB_2026
f31dc2047b839afc531f4cb19b570b67d66e719d1e3432531cc2c3d43f6803dc,ROUND ROBIN 2,2026,41,21,TOSSUP,SHORT_ANSWER,EARTH_SPACE,Order the following oceanic topographies from shallowest to deepest on the seafloor: 1) Abyssal plain; 2) Oceanic trench; 3) Continental shelf.,Order the following oceanic topographies from shallowest to deepest on the seafloor: 1) Abyssal plain; 2) Oceanic trench; 3) Continental shelf.,21,"""3, 1, 2""",[],SSB_2026
f31dc2047b839afc531f4cb19b570b67d66e719d1e3432531cc2c3d43f6803dc,ROUND ROBIN 2,2026,42,21,BONUS,MULTIPLE_CHOICE,EARTH_SPACE,Which of the folllowing best describes a cold front?,Which of the folllowing best describes a cold front?,9,"""W""","[""Cold, dry air undercutting warm, moist air"", ""Cold,  moist air undercutting warm, dry air"", ""Warm, dry air undercutting cold, moist air"", ""Warm, moist air undercutting cold, dry air""]",SSB_2026
f31dc2047b839afc531f4cb19b570b67d66e719d1e3432531cc2c3d43f6803dc,ROUND ROBIN 2,2026,43,22,TOSSUP,MULTIPLE_CHOICE,CHEMISTRY,"Which of the following best describes how atomic radius and electronegativity change, respectively, as you move up and to the right on the periodic table?","Which of the following best describes how atomic radius and electronegativity change, respectively, as you move up and to the right on the periodic table?",25,"""Z""","[""Increases, increases"", ""Increases, decreases"", ""Decreases, increases"", ""Decreases, decreases""]",SSB_2026
f31dc2047b839afc531f4cb19b570b67d66e719d1e3432531cc2c3d43f6803dc,ROUND ROBIN 2,2026,44,22,BONUS,MULTIPLE_CHOICE,CHEMISTRY,Which of the following alkanes can be branched?,Which of the following alkanes can be branched?,8,"""Z""","[""Methane"", ""Ethane"", ""Propane"", ""Butane""]",SSB_2026
f31dc2047b839afc531f4cb19b570b67d66e719d1e3432531cc2c3d43f6803dc,ROUND ROBIN 2,2026,45,23,TOSSUP,SHORT_ANSWER,MATH,How many four-digit palindromes have the consecutive digits 67 \textbf{[READ AS: six-seven]} somewhere in the number?,How many four-digit palindromes have the consecutive digits 67 somewhere in the number?,13,"""2""",[],SSB_2026
f31dc2047b839afc531f4cb19b570b67d66e719d1e3432531cc2c3d43f6803dc,ROUND ROBIN 2,2026,46,23,BONUS,SHORT_ANSWER,MATH,"Andy the ant starts at the origin of the Cartesian plane and takes steps of length 1 inch to the north, then 1 inch east, then 2 inches south, then 4 inches west, then finally 5 inches north. In inches, what is Andy's final distance from the origin?","Andy the ant starts at the origin of the Cartesian plane and takes steps of length 1 inch to the north, then 1 inch east, then 2 inches south, then 4 inches west, then finally 5 inches north. In inches, what is Andy's final distance from the origin?",48,"""5""",[],SSB_2026
348eafdd977a17b5cf564b11f3dab537e330971d9f1fc41f94ad45aac7657855,ROUND ROBIN 3,2026,1,1,TOSSUP,SHORT_ANSWER,BIOLOGY,"The reintroduction of gray wolves to Yellowstone increased biodiversity of the ecosystem by keeping the elk population in check. What term best describes the role of these wolves in the ecosystem, exerting a disproportionately large effect relative to their abundance?","The reintroduction of gray wolves to Yellowstone increased biodiversity of the ecosystem by keeping the elk population in check. What term best describes the role of these wolves in the ecosystem, exerting a disproportionately large effect relative to their abundance?",40,"""Keystone species""",[],SSB_2026
348eafdd977a17b5cf564b11f3dab537e330971d9f1fc41f94ad45aac7657855,ROUND ROBIN 3,2026,2,1,BONUS,MULTIPLE_CHOICE,BIOLOGY,Which of the following is an example of paracrine \textbf{[PAIR-uh-crin]} signaling?,Which of the following is an example of paracrine signaling?,10,"""Y""","[""Acetylcholine \\textbf{[uh-see-tul-KOL-een]} binding to a receptor on skeletal muscle cells"", ""Glucagon \\textbf{[GLUE-kuh-gon]} binding to a receptor in liver cells"", ""Nitric oxide binding to a receptor on smooth muscle cells"", ""A helper T cell binding to MHC class II on a dendritic cell""]",SSB_2026
348eafdd977a17b5cf564b11f3dab537e330971d9f1fc41f94ad45aac7657855,ROUND ROBIN 3,2026,3,2,TOSSUP,SHORT_ANSWER,PHYSICS,A point located a perpendicular distance of 1 meter away from an infinite sheet of constant charge density has electric field E. What is the electric field a distance of 3 meters away from the sheet?,A point located a perpendicular distance of 1 meter away from an infinite sheet of constant charge density has electric field E. What is the electric field a distance of 3 meters away from the sheet?,36,"""E""",[],SSB_2026
348eafdd977a17b5cf564b11f3dab537e330971d9f1fc41f94ad45aac7657855,ROUND ROBIN 3,2026,4,2,BONUS,SHORT_ANSWER,PHYSICS,"Alistair is 160 centimeters tall. If he wants to buy a mirror that allows him to see his whole body, what is the minimum height, in meters, that he can buy?","Alistair is 160 centimeters tall. If he wants to buy a mirror that allows him to see his whole body, what is the minimum height, in meters, that he can buy?",31,"""80""",[],SSB_2026
348eafdd977a17b5cf564b11f3dab537e330971d9f1fc41f94ad45aac7657855,ROUND ROBIN 3,2026,5,3,TOSSUP,MULTIPLE_CHOICE,EARTH_SPACE,Which of the following is not true regarding mountain streams and floodplain rivers?,Which of the following is not true regarding mountain streams and floodplain rivers?,13,"""X""","[""Mountain streams have steeper gradients than floodplain rivers"", ""Mountain streams are depositional, while floodplain rivers are erosional"", ""Mountain streams are generally straight, while floodplain rivers have large meanders"", ""Mountain streams have lower rates of discharge than floodplain rivers""]",SSB_2026
348eafdd977a17b5cf564b11f3dab537e330971d9f1fc41f94ad45aac7657855,ROUND ROBIN 3,2026,6,3,BONUS,SHORT_ANSWER,EARTH_SPACE,Identify all of the following types of supernovae that are the result of exploding supermassive stars: 1) Type Ia \textbf{[one-A]}; 2) Type Ib \textbf{[one-B]}; 3) Type II.,Identify all of the following types of supernovae that are the result of exploding supermassive stars: 1) Type Ia ; 2) Type Ib ; 3) Type II.,27,"""2 and 3""",[],SSB_2026
348eafdd977a17b5cf564b11f3dab537e330971d9f1fc41f94ad45aac7657855,ROUND ROBIN 3,2026,7,4,TOSSUP,SHORT_ANSWER,CHEMISTRY,Identify all of the following three statements that are true of a highly volatile compound: 1) It has a low value of delta H of vaporization; 2) It has a low vapor pressure; 3) It has relatively weak intermolecular forces.,Identify all of the following three statements that are true of a highly volatile compound: 1) It has a low value of delta H of vaporization; 2) It has a low vapor pressure; 3) It has relatively weak intermolecular forces.,40,"""1, 3""",[],SSB_2026
348eafdd977a17b5cf564b11f3dab537e330971d9f1fc41f94ad45aac7657855,ROUND ROBIN 3,2026,8,4,BONUS,SHORT_ANSWER,CHEMISTRY,Order the following 3 compounds in order of lowest to highest oxidation state of manganese: 1) MnSO$_4$; 2) KMnO$_4$; 3) MnO$_2$.,Order the following 3 compounds in order of lowest to highest oxidation state of manganese: 1) MnSO; 2) KMnO; 3) MnO.,21,"""1, 3, 2""",[],SSB_2026
348eafdd977a17b5cf564b11f3dab537e330971d9f1fc41f94ad45aac7657855,ROUND ROBIN 3,2026,9,5,TOSSUP,MULTIPLE_CHOICE,MATH,"Annabeth has a secret base b, and she tells Percy that in base b, 3 base b is a divisor of 11 \textbf{[READ AS: one one]} base b.  Which of the following could be a possible value of b?","Annabeth has a secret base b, and she tells Percy that in base b, 3 base b is a divisor of 11 base b. Which of the following could be a possible value of b?",35,"""Y""","[""6"", ""7"", ""8"", ""9""]",SSB_2026
348eafdd977a17b5cf564b11f3dab537e330971d9f1fc41f94ad45aac7657855,ROUND ROBIN 3,2026,10,5,BONUS,SHORT_ANSWER,MATH,"Phil draws triangle $ABC$ with area 25 and line $DE$ of length 3 parallel to $BC$ such that $D$ lies on $AB$ and $E$ lies on $AC$. If the area of trapezoid $DECB$ is 21, what is the length of $BC$?","Phil draws triangle with area 25 and line of length 3 parallel to such that lies on and lies on . If the area of trapezoid is 21, what is the length of ?",34,"""15/2""",[],SSB_2026
348eafdd977a17b5cf564b11f3dab537e330971d9f1fc41f94ad45aac7657855,ROUND ROBIN 3,2026,11,6,TOSSUP,MULTIPLE_CHOICE,ENERGY,Scientists at Stanford's Energy System Innovations Lab are studying the sustainability of renewable energy sources. Which of the following sources of energy is NOT considered renewable?,Scientists at Stanford's Energy System Innovations Lab are studying the sustainability of renewable energy sources. Which of the following sources of energy is NOT considered renewable?,26,"""W""","[""Nuclear"", ""Geothermal"", ""Solar"", ""Hydroelectrical""]",SSB_2026
348eafdd977a17b5cf564b11f3dab537e330971d9f1fc41f94ad45aac7657855,ROUND ROBIN 3,2026,12,6,BONUS,SHORT_ANSWER,ENERGY,Scientists in Stanford's engineering department are investigating the design of heating elements in household appliances. Identify all of the following three material properties which would be desireable for heating elements: 1) Resistance to oxidation; 2) High electrical conductivity; 3) High melting point.,Scientists in Stanford's engineering department are investigating the design of heating elements in household appliances. Identify all of the following three material properties which would be desireable for heating elements: 1) Resistance to oxidation; 2) High electrical conductivity; 3) High melting point.,42,"""1 and 3""",[],SSB_2026
348eafdd977a17b5cf564b11f3dab537e330971d9f1fc41f94ad45aac7657855,ROUND ROBIN 3,2026,13,7,TOSSUP,MULTIPLE_CHOICE,BIOLOGY,Which of the following is a limitation of the morphological definition of a speices?,Which of the following is a limitation of the morphological definition of a speices?,14,"""X""","[""Cannot be applied to organisms that reproduce asexually"", ""Misclassification due to analogous structures produced from convergent evolution"", ""Dependence on long-term observation of ecological niches"", ""Limited usefulness for classifying species from fossil remains""]",SSB_2026
348eafdd977a17b5cf564b11f3dab537e330971d9f1fc41f94ad45aac7657855,ROUND ROBIN 3,2026,14,7,BONUS,MULTIPLE_CHOICE,BIOLOGY,"Round seeds are dominant to wrinkled, and yellow seeds are dominant to green. A plant heterozygous for both traits is self-crossed. Assuming Mendelian genetics, what fraction of the offspring will have wrinkled, yellow seeds?","Round seeds are dominant to wrinkled, and yellow seeds are dominant to green. A plant heterozygous for both traits is self-crossed. Assuming Mendelian genetics, what fraction of the offspring will have wrinkled, yellow seeds?",34,"""X""","[""1/16"", ""3/16"", ""7/16"", ""9/16""]",SSB_2026
348eafdd977a17b5cf564b11f3dab537e330971d9f1fc41f94ad45aac7657855,ROUND ROBIN 3,2026,15,8,TOSSUP,MULTIPLE_CHOICE,PHYSICS,Which of the following must be true of a fluid for Pascal's principle to apply?,Which of the following must be true of a fluid for Pascal's principle to apply?,15,"""Z""","[""The fluid is less dense than water"", ""The fluid is more dense than water"", ""The fluid is homogeneous"", ""The fluid is incompressible""]",SSB_2026
348eafdd977a17b5cf564b11f3dab537e330971d9f1fc41f94ad45aac7657855,ROUND ROBIN 3,2026,16,8,BONUS,MULTIPLE_CHOICE,PHYSICS,A student measures the electric field at points on a sphere surrounding an object and finds that it points away from the object at every point. Which of the following is most directly implied by the student's measurements?,A student measures the electric field at points on a sphere surrounding an object and finds that it points away from the object at every point. Which of the following is most directly implied by the student's measurements?,38,"""W""","[""The object has a positive charge"", ""The object has a clockwise current"", ""The object is a dipole with the positive side facing up"", ""The object is a magnet with the north side facing up""]",SSB_2026
348eafdd977a17b5cf564b11f3dab537e330971d9f1fc41f94ad45aac7657855,ROUND ROBIN 3,2026,17,9,TOSSUP,MULTIPLE_CHOICE,EARTH_SPACE,Freshly cleaved surfaces of many metallic or sulfide minerals appear brighter than older exposed surfaces. Which of the following best explains this observation?,Freshly cleaved surfaces of many metallic or sulfide minerals appear brighter than older exposed surfaces. Which of the following best explains this observation?,23,"""Y""","[""Slip planes exibit higher reflectivity"", ""Cleaving aligns crystal lattices"", ""Weathering produces an oxide coating on exposed surfaces"", ""Internal cleavage planes scatter less light""]",SSB_2026
348eafdd977a17b5cf564b11f3dab537e330971d9f1fc41f94ad45aac7657855,ROUND ROBIN 3,2026,18,9,BONUS,MULTIPLE_CHOICE,EARTH_SPACE,Stratified glacial drift is most directly deposited by which of the following sources?,Stratified glacial drift is most directly deposited by which of the following sources?,13,"""Z""","[""Glacial terminus"", ""Basal erosion"", ""Supraglacial gelifluction"", ""Meltwater streams""]",SSB_2026
348eafdd977a17b5cf564b11f3dab537e330971d9f1fc41f94ad45aac7657855,ROUND ROBIN 3,2026,19,10,TOSSUP,SHORT_ANSWER,CHEMISTRY,What principle states that electrons fill the lowest energy atomic orbitals before occupying orbitals of higher energy?,What principle states that electrons fill the lowest energy atomic orbitals before occupying orbitals of higher energy?,17,"""Aufbau \\textbf{[OWF-bow]} principle""",[],SSB_2026
348eafdd977a17b5cf564b11f3dab537e330971d9f1fc41f94ad45aac7657855,ROUND ROBIN 3,2026,20,10,BONUS,SHORT_ANSWER,CHEMISTRY,Order the following 3 bonds by increasing length: 1) Nitrogen-nitrogen bond in molecular nitrogen; 2) Carbon-carbon bond in ethene; 3) Carbon-oxygen bond in dimethyl ether.,Order the following 3 bonds by increasing length: 1) Nitrogen-nitrogen bond in molecular nitrogen; 2) Carbon-carbon bond in ethene; 3) Carbon-oxygen bond in dimethyl ether.,25,"""1, 2, 3""",[],SSB_2026
348eafdd977a17b5cf564b11f3dab537e330971d9f1fc41f94ad45aac7657855,ROUND ROBIN 3,2026,21,11,TOSSUP,SHORT_ANSWER,MATH,"There are six lamps in a room, and Sabine wants to turn them all of them on. However, the buttons on each lamp are faulty and only work two thirds of the time. What is the expected number of buttons Sabine must press to turn all of the lamps on?","There are six lamps in a room, and Sabine wants to turn them all of them on. However, the buttons on each lamp are faulty and only work two thirds of the time. What is the expected number of buttons Sabine must press to turn all of the lamps on?",50,"""9""",[],SSB_2026
348eafdd977a17b5cf564b11f3dab537e330971d9f1fc41f94ad45aac7657855,ROUND ROBIN 3,2026,22,11,BONUS,SHORT_ANSWER,MATH,Skirk tosses 4 fair coins. What is the probability that the number of heads she gets is greater than or equal to the number of tails that she gets?,Skirk tosses 4 fair coins. What is the probability that the number of heads she gets is greater than or equal to the number of tails that she gets?,29,"""11/16""",[],SSB_2026
348eafdd977a17b5cf564b11f3dab537e330971d9f1fc41f94ad45aac7657855,ROUND ROBIN 3,2026,23,12,TOSSUP,MULTIPLE_CHOICE,ENERGY,"Scientists at UCLA’s Aguillon Lab are studying the diversification of bird species across island chains.  What type of speciation occurs when the same bird species become separated due to islands splitting off, causing populations to evolve independently over time?","Scientists at UCLA’s Aguillon Lab are studying the diversification of bird species across island chains. What type of speciation occurs when the same bird species become separated due to islands splitting off, causing populations to evolve independently over time?",39,"""Z""","[""Sympatric \\textbf{[SIM-pah-trik]}"", ""Peripatric \\textbf{[PAIR-ee-pah-trik]}"", ""Parapatric \\textbf{[PAIR-uh-pah-trik]}"", ""Allopatric \\textbf{[AL-oh-pah-trik]}""]",SSB_2026
348eafdd977a17b5cf564b11f3dab537e330971d9f1fc41f94ad45aac7657855,ROUND ROBIN 3,2026,24,12,BONUS,SHORT_ANSWER,ENERGY,Scientists at UCLA's Center for Climate Science are developing catalytic materials that reduce greenhouse gas emissions by using a copper catalyst to convert carbon dioxide into the simplest organic alkene. What is the name of this alkene?,Scientists at UCLA's Center for Climate Science are developing catalytic materials that reduce greenhouse gas emissions by using a copper catalyst to convert carbon dioxide into the simplest organic alkene. What is the name of this alkene?,37,"""Ethylene \\textbf{[ETH-uh-leen]} (ACCEPT: Ethene)""",[],SSB_2026
348eafdd977a17b5cf564b11f3dab537e330971d9f1fc41f94ad45aac7657855,ROUND ROBIN 3,2026,25,13,TOSSUP,SHORT_ANSWER,BIOLOGY,"Located downstream of the promoter, what sequence in bacteria serves as the binding site for a repressor, allowing transcriptional regulation of operon genes?","Located downstream of the promoter, what sequence in bacteria serves as the binding site for a repressor, allowing transcriptional regulation of operon genes?",23,"""Operator""",[],SSB_2026
348eafdd977a17b5cf564b11f3dab537e330971d9f1fc41f94ad45aac7657855,ROUND ROBIN 3,2026,26,13,BONUS,MULTIPLE_CHOICE,BIOLOGY,An inhibitor with which of the following enzymatic inhibition patterns would bind to the active site of an enzyme?,An inhibitor with which of the following enzymatic inhibition patterns would bind to the active site of an enzyme?,19,"""W""","[""Competitive"", ""Noncompetitive"", ""Uncompetitive"", ""Mixed""]",SSB_2026
348eafdd977a17b5cf564b11f3dab537e330971d9f1fc41f94ad45aac7657855,ROUND ROBIN 3,2026,27,14,TOSSUP,SHORT_ANSWER,PHYSICS,A bored child in a physics classroom attempts to connect as many resistors as possible in parallel with each other within a circuit. Identify all of the following three quantities that go to zero as he attaches more resistors: 1) Voltage across each resistor; 2) Current across each resistor; 3) Power dissipated across each resistor.,A bored child in a physics classroom attempts to connect as many resistors as possible in parallel with each other within a circuit. Identify all of the following three quantities that go to zero as he attaches more resistors: 1) Voltage across each resistor; 2) Current across each resistor; 3) Power dissipated across each resistor.,55,"""2 and 3""",[],SSB_2026
348eafdd977a17b5cf564b11f3dab537e330971d9f1fc41f94ad45aac7657855,ROUND ROBIN 3,2026,28,14,BONUS,SHORT_ANSWER,PHYSICS,"Two blocks of mass 2m and m are traveling towards each other at speed v. If the blocks collide perfectly inelastically, then in terms of v, what will be the final speed of the more massive block?","Two blocks of mass 2m and m are traveling towards each other at speed v. If the blocks collide perfectly inelastically, then in terms of v, what will be the final speed of the more massive block?",37,"""$\\frac{v}{3}$""",[],SSB_2026
348eafdd977a17b5cf564b11f3dab537e330971d9f1fc41f94ad45aac7657855,ROUND ROBIN 3,2026,29,15,TOSSUP,MULTIPLE_CHOICE,EARTH_SPACE,"Compared to a comet orbiting the Sun at the same relative distance, how would a comet orbiting an O-type main-sequence star most likely differ?","Compared to a comet orbiting the Sun at the same relative distance, how would a comet orbiting an O-type main-sequence star most likely differ?",24,"""W""","[""Larger dust tail, larger ion tail"", ""Larger dust tail, smaller ion tail"", ""Smaller dust tail, larger ion tail"", ""Smaller dust tail, smaller ion tail""]",SSB_2026
348eafdd977a17b5cf564b11f3dab537e330971d9f1fc41f94ad45aac7657855,ROUND ROBIN 3,2026,30,15,BONUS,SHORT_ANSWER,EARTH_SPACE,Order the following three minerals in terms of increasing likelihood of forming as a euhedral crystal in a slowly cooled mafic pluton: 1) Biotite; 2) Pyroxene; 3) Quartz,Order the following three minerals in terms of increasing likelihood of forming as a euhedral crystal in a slowly cooled mafic pluton: 1) Biotite; 2) Pyroxene; 3) Quartz,28,"""3, 1, 2 [ASr]""",[],SSB_2026
348eafdd977a17b5cf564b11f3dab537e330971d9f1fc41f94ad45aac7657855,ROUND ROBIN 3,2026,31,16,TOSSUP,MULTIPLE_CHOICE,CHEMISTRY,"Given that the solid-liquid boundary line in gallium's phase diagram has a negative slope, which of the following statements is true?","Given that the solid-liquid boundary line in gallium's phase diagram has a negative slope, which of the following statements is true?",21,"""X""","[""Solid gallium is denser than liquid gallium"", ""Liquid gallium is denser than solid gallium"", ""Liquid gallium has stronger intermolecular interations than solid gallium"", ""Solid gallium favourably sublimates at all temperatures""]",SSB_2026
348eafdd977a17b5cf564b11f3dab537e330971d9f1fc41f94ad45aac7657855,ROUND ROBIN 3,2026,32,16,BONUS,MULTIPLE_CHOICE,CHEMISTRY,Jianyu wants to determine the types of functional groups in an unknown organic molecule by analyzing bond vibrational frequencies. Which of the following analytical techniques would be most appropriate?,Jianyu wants to determine the types of functional groups in an unknown organic molecule by analyzing bond vibrational frequencies. Which of the following analytical techniques would be most appropriate?,29,"""X""","[""UV-vis \\textbf{[U-V-vis]} spectroscopy"", ""IR spectroscopy"", ""Mass spectrometry"", ""NMR spectroscopy""]",SSB_2026
348eafdd977a17b5cf564b11f3dab537e330971d9f1fc41f94ad45aac7657855,ROUND ROBIN 3,2026,33,17,TOSSUP,SHORT_ANSWER,MATH,"Dori is selling furniture at a discount of 20 percent off. Later, she decreases the prices by another 20 percent, and claims to customers that the furniture is at a 40 percent discount. What is the actual percentage discount on the furniture from the original price?","Dori is selling furniture at a discount of 20 percent off. Later, she decreases the prices by another 20 percent, and claims to customers that the furniture is at a 40 percent discount. What is the actual percentage discount on the furniture from the original price?",46,"""36 percent""",[],SSB_2026
348eafdd977a17b5cf564b11f3dab537e330971d9f1fc41f94ad45aac7657855,ROUND ROBIN 3,2026,34,17,BONUS,MULTIPLE_CHOICE,MATH,Which of the following is closest to the minimum number of people need in a room where the probability that two people share a birthday is greater than 50 percent?,Which of the following is closest to the minimum number of people need in a room where the probability that two people share a birthday is greater than 50 percent?,30,"""X""","[""10"", ""25"", ""50"", ""150""]",SSB_2026
348eafdd977a17b5cf564b11f3dab537e330971d9f1fc41f94ad45aac7657855,ROUND ROBIN 3,2026,35,18,TOSSUP,MULTIPLE_CHOICE,ENERGY,Scientists at the Johns Hopkins Goldberg Lab are studying catalytic pathways for hydrogen halide formation. The reaction H_2 (gas) + I_2 (gas) is in equilibrium with 2 HI (gas) in a closed container. Which of the following will NOT drive the equilibrium to the right?,Scientists at the Johns Hopkins Goldberg Lab are studying catalytic pathways for hydrogen halide formation. The reaction H_2 (gas) + I_2 (gas) is in equilibrium with 2 HI (gas) in a closed container. Which of the following will NOT drive the equilibrium to the right?,45,"""Y""","[""Adding additional hydrogen gas"", ""Removing hydrogen iodide as it forms"", ""Increasing the total pressure by decreasing the volume"", ""Adding more iodine vapor""]",SSB_2026
348eafdd977a17b5cf564b11f3dab537e330971d9f1fc41f94ad45aac7657855,ROUND ROBIN 3,2026,36,18,BONUS,SHORT_ANSWER,ENERGY,Scientists at the Johns Hopkins Gnomes lab are using iron sulfides as proxies to better understand changes in Earth’s carbon cycle. Identify all of the following 3 events that were caused by increased carbon dioxide release into the atmosphere: 1) A decrease in global ocean levels; 2) An increase in average ocean pH; 3) An increase in global average temperatures.,Scientists at the Johns Hopkins Gnomes lab are using iron sulfides as proxies to better understand changes in Earth’s carbon cycle. Identify all of the following 3 events that were caused by increased carbon dioxide release into the atmosphere: 1) A decrease in global ocean levels; 2) An increase in average ocean pH; 3) An increase in global average temperatures.,60,"""3 only""",[],SSB_2026
348eafdd977a17b5cf564b11f3dab537e330971d9f1fc41f94ad45aac7657855,ROUND ROBIN 3,2026,37,19,TOSSUP,MULTIPLE_CHOICE,BIOLOGY,Which of the following traits would most likely not be associated with a flower pollinated by bees?,Which of the following traits would most likely not be associated with a flower pollinated by bees?,17,"""Z""","[""Bright yellow and blue coloring"", ""Ultraviolet markings"", ""Nectar glands in the base of the flower"", ""Faint or absent fragrence""]",SSB_2026
348eafdd977a17b5cf564b11f3dab537e330971d9f1fc41f94ad45aac7657855,ROUND ROBIN 3,2026,38,19,BONUS,MULTIPLE_CHOICE,BIOLOGY,"In the sarcomere, which of the following proteins would have the highest binding affinity for calcium?","In the sarcomere, which of the following proteins would have the highest binding affinity for calcium?",16,"""Y""","[""Actin"", ""Myosin \\textbf{[MY-uh-sin]}"", ""Troponin \\textbf{[TROH-poh-nin]}"", ""Tropomyosin \\textbf{[troh-poh-MY-uh-sin]}""]",SSB_2026
348eafdd977a17b5cf564b11f3dab537e330971d9f1fc41f94ad45aac7657855,ROUND ROBIN 3,2026,39,20,TOSSUP,SHORT_ANSWER,PHYSICS,"Bobby is directing a choir. He tells one half of the choir to sing at 440 hertz and the other half to sing at 450 hertz, and notices a distinct pulsating tone. What is the name for this effect?","Bobby is directing a choir. He tells one half of the choir to sing at 440 hertz and the other half to sing at 450 hertz, and notices a distinct pulsating tone. What is the name for this effect?",39,"""Beat (ACCEPT: Interference)""",[],SSB_2026
348eafdd977a17b5cf564b11f3dab537e330971d9f1fc41f94ad45aac7657855,ROUND ROBIN 3,2026,40,20,BONUS,SHORT_ANSWER,PHYSICS,"Arpit finds a YouTube video of a person jumping off of a cliff of unknown height. He times the jump and finds that it takes the diver between 2.4 and 2.6 seconds to reach the water below. Based on his timing, to the nearest meter, what is the difference between the smallest and largest possible height of the cliff?","Arpit finds a YouTube video of a person jumping off of a cliff of unknown height. He times the jump and finds that it takes the diver between 2.4 and 2.6 seconds to reach the water below. Based on his timing, to the nearest meter, what is the difference between the smallest and largest possible height of the cliff?",59,"""10""",[],SSB_2026
348eafdd977a17b5cf564b11f3dab537e330971d9f1fc41f94ad45aac7657855,ROUND ROBIN 3,2026,41,21,TOSSUP,MULTIPLE_CHOICE,EARTH_SPACE,Spectroscopic observations show that many asteroids within the same dynamical family have remarkably similar bulk compositions. Which of the following best explains this observation?,Spectroscopic observations show that many asteroids within the same dynamical family have remarkably similar bulk compositions. Which of the following best explains this observation?,24,"""Y""","[""Most asteroids accreted from chemically homogeneous regions of the protoplanetary disk"", ""Asteroids are too small to undergo any internal differentiation"", ""Many asteroids are fragments of larger differentiated parent bodies"", ""Weathering in space rapidly homogenizes asteroid surfaces over time""]",SSB_2026
348eafdd977a17b5cf564b11f3dab537e330971d9f1fc41f94ad45aac7657855,ROUND ROBIN 3,2026,42,21,BONUS,SHORT_ANSWER,EARTH_SPACE,The eruption of the Siberian traps is believed to have caused the extinction of more than 80% of all marine species and 70% of all terrestrial species. What is the name of this extinction event?,The eruption of the Siberian traps is believed to have caused the extinction of more than 80% of all marine species and 70% of all terrestrial species. What is the name of this extinction event?,35,"""Permian-Triassic (ACCEPT: Great Dying, end-Permian, P-T, P-Tr)""",[],SSB_2026
348eafdd977a17b5cf564b11f3dab537e330971d9f1fc41f94ad45aac7657855,ROUND ROBIN 3,2026,43,22,TOSSUP,MULTIPLE_CHOICE,CHEMISTRY,Graham’s law of effusion states that the rate of effusion of a gas at constant temperature is inversely proportional to which of the following?,Graham’s law of effusion states that the rate of effusion of a gas at constant temperature is inversely proportional to which of the following?,24,"""X""","[""Molar mass"", ""Square root of molar mass"", ""Average speed"", ""Average kinetic energy""]",SSB_2026
348eafdd977a17b5cf564b11f3dab537e330971d9f1fc41f94ad45aac7657855,ROUND ROBIN 3,2026,44,22,BONUS,SHORT_ANSWER,CHEMISTRY,"If the hypochlorite ion with formula ClO$^-$ is oxidized to form the chlorate ion with formula ClO$_3^-$, by how much does the oxidation state of chlorine change?","If the hypochlorite ion with formula ClO is oxidized to form the chlorate ion with formula ClO, by how much does the oxidation state of chlorine change?",27,"""+4 [AS, CL]""",[],SSB_2026
348eafdd977a17b5cf564b11f3dab537e330971d9f1fc41f94ad45aac7657855,ROUND ROBIN 3,2026,45,23,TOSSUP,SHORT_ANSWER,MATH,"When evaluated at x = 2, what is the derivative of the polynomial 3x^2 + 5x + 11?","When evaluated at x = 2, what is the derivative of the polynomial 3x^2 + 5x + 11?",18,"""17""",[],SSB_2026
348eafdd977a17b5cf564b11f3dab537e330971d9f1fc41f94ad45aac7657855,ROUND ROBIN 3,2026,46,23,BONUS,SHORT_ANSWER,MATH,What is the sum of the reciprocals of the roots of the cubic $x^3-5x^2+11x-21$?,What is the sum of the reciprocals of the roots of the cubic ?,14,"""21/11""",[],SSB_2026
01d779d8e26112edff2690e6cd938be1e776f6dedf2cf2c91a34ce6339276371,ROUND ROBIN 4,2026,1,1,TOSSUP,SHORT_ANSWER,BIOLOGY,"Leaf senescence \textbf{[suh-NES-ince]}, fruit ripening, and the triple response are all processes stimulated by what gaseous plant hormone?","Leaf senescence , fruit ripening, and the triple response are all processes stimulated by what gaseous plant hormone?",18,"""Ethylene""",[],SSB_2026
01d779d8e26112edff2690e6cd938be1e776f6dedf2cf2c91a34ce6339276371,ROUND ROBIN 4,2026,2,1,BONUS,SHORT_ANSWER,BIOLOGY,"During the secretory phase, the combined effects of estradiol \textbf{[es-truh-DY-ol]} and what other hormone mantains and develops the uterine lining?","During the secretory phase, the combined effects of estradiol and what other hormone mantains and develops the uterine lining?",19,"""Progesterone""",[],SSB_2026
01d779d8e26112edff2690e6cd938be1e776f6dedf2cf2c91a34ce6339276371,ROUND ROBIN 4,2026,3,2,TOSSUP,MULTIPLE_CHOICE,PHYSICS,Which of the following best describes the image created by a concave lens of an object located between the lens and its focal point?,Which of the following best describes the image created by a concave lens of an object located between the lens and its focal point?,24,"""Y""","[""Real, upright, and smaller than its real size"", ""Real, upright, and larger than its real size"", ""Virtual, upright, and smaller than its real size"", ""Virtual, upright, and larger than its real size""]",SSB_2026
01d779d8e26112edff2690e6cd938be1e776f6dedf2cf2c91a34ce6339276371,ROUND ROBIN 4,2026,4,2,BONUS,SHORT_ANSWER,PHYSICS,One thousand metal balls are held in a rigid square box and collide with the walls and each other perfectly elastically. Identify all of the following three physical quantities of the metal balls that remain constant: 1) Total kinetic energy; 2) Average velocity; 3) Position of center of mass.,One thousand metal balls are held in a rigid square box and collide with the walls and each other perfectly elastically. Identify all of the following three physical quantities of the metal balls that remain constant: 1) Total kinetic energy; 2) Average velocity; 3) Position of center of mass.,49,"""1 only""",[],SSB_2026
01d779d8e26112edff2690e6cd938be1e776f6dedf2cf2c91a34ce6339276371,ROUND ROBIN 4,2026,5,3,TOSSUP,SHORT_ANSWER,EARTH_SPACE,"Identify all of the following metamorphic rocks which are correctly matched with their protoliths: 1) Marble, limestone; 2) Slate, shale; 3) Quartzite, basalt.","Identify all of the following metamorphic rocks which are correctly matched with their protoliths: 1) Marble, limestone; 2) Slate, shale; 3) Quartzite, basalt.",23,"""1 and 2""",[],SSB_2026
01d779d8e26112edff2690e6cd938be1e776f6dedf2cf2c91a34ce6339276371,ROUND ROBIN 4,2026,6,3,BONUS,MULTIPLE_CHOICE,EARTH_SPACE,The galactic merger of the Milky Way and Andromeda galaxies will likely result in a short burst of star formation before evolving into what type of galaxy?,The galactic merger of the Milky Way and Andromeda galaxies will likely result in a short burst of star formation before evolving into what type of galaxy?,27,"""Y""","[""Spiral"", ""Tidal"", ""Elliptical"", ""Irregular""]",SSB_2026
01d779d8e26112edff2690e6cd938be1e776f6dedf2cf2c91a34ce6339276371,ROUND ROBIN 4,2026,7,4,TOSSUP,MULTIPLE_CHOICE,CHEMISTRY,Which of the following is the molecular geometry of iodine trifluoride?,Which of the following is the molecular geometry of iodine trifluoride?,11,"""Y""","[""Trigonal planar"", ""Trigonal pyramidal"", ""T-shaped"", ""Tetrahedral""]",SSB_2026
01d779d8e26112edff2690e6cd938be1e776f6dedf2cf2c91a34ce6339276371,ROUND ROBIN 4,2026,8,4,BONUS,SHORT_ANSWER,CHEMISTRY,Identify all of the following three changes that would result in precipitation of a saturated sodium chloride solution: 1) Heating the solution; 2) Bubbling chlorine gas through the solution; 3) Adding sodium hydroxide.,Identify all of the following three changes that would result in precipitation of a saturated sodium chloride solution: 1) Heating the solution; 2) Bubbling chlorine gas through the solution; 3) Adding sodium hydroxide.,33,"""2 and 3""",[],SSB_2026
01d779d8e26112edff2690e6cd938be1e776f6dedf2cf2c91a34ce6339276371,ROUND ROBIN 4,2026,9,5,TOSSUP,MULTIPLE_CHOICE,MATH,Which of the following characterizes the function $f(x) = |x|$ \textbf{[f of x equals the absolute value of x]} at the point x = 0?,Which of the following characterizes the function at the point x = 0?,13,"""X""","[""Both continuous and differentiable"", ""Continuous but not differentiable"", ""Differentiable but not continuous"", ""Neither continuous nor differentiable""]",SSB_2026
01d779d8e26112edff2690e6cd938be1e776f6dedf2cf2c91a34ce6339276371,ROUND ROBIN 4,2026,10,5,BONUS,SHORT_ANSWER,MATH,How many 5 digit palindromes have neither 2 nor 6 as a digit?,How many 5 digit palindromes have neither 2 nor 6 as a digit?,13,"""343""",[],SSB_2026
01d779d8e26112edff2690e6cd938be1e776f6dedf2cf2c91a34ce6339276371,ROUND ROBIN 4,2026,11,6,TOSSUP,SHORT_ANSWER,ENERGY,Project managers at Stanford are restoring the Old Union courtyard and redesigning the tiling pattern. Identify all of the following 3 shapes that can tessellate the plane without gaps or overlaps: 1) Regular pentagons; 2) Equilateral triangles; 3) Trapezoids.,Project managers at Stanford are restoring the Old Union courtyard and redesigning the tiling pattern. Identify all of the following 3 shapes that can tessellate the plane without gaps or overlaps: 1) Regular pentagons; 2) Equilateral triangles; 3) Trapezoids.,39,"""2 and 3""",[],SSB_2026
01d779d8e26112edff2690e6cd938be1e776f6dedf2cf2c91a34ce6339276371,ROUND ROBIN 4,2026,12,6,BONUS,MULTIPLE_CHOICE,ENERGY,Scientists at Stanford's Diffenbaugh Lab are usnig machine learning approaches to elucidate the role pressure systems play in extreme weather. Which of the following is most commonly associated with high-pressure systems?,Scientists at Stanford's Diffenbaugh Lab are usnig machine learning approaches to elucidate the role pressure systems play in extreme weather. Which of the following is most commonly associated with high-pressure systems?,31,"""Y""","[""Rising air and widespread precipitation"", ""Strong convection and thunderstorms"", ""Sinking air and clear skies"", ""Rapid cyclogenesis""]",SSB_2026
01d779d8e26112edff2690e6cd938be1e776f6dedf2cf2c91a34ce6339276371,ROUND ROBIN 4,2026,13,7,TOSSUP,SHORT_ANSWER,BIOLOGY,Nodes of Ranvier \textbf{[RAN-vee-ay]} are regions of the axon not surrounded by what lipid-rich insulating layer deposited by glial cells?,Nodes of Ranvier are regions of the axon not surrounded by what lipid-rich insulating layer deposited by glial cells?,19,"""Myelin \\textbf{[MY-uh-lin]} (ACCEPT: Myelin sheath)""",[],SSB_2026
01d779d8e26112edff2690e6cd938be1e776f6dedf2cf2c91a34ce6339276371,ROUND ROBIN 4,2026,14,7,BONUS,SHORT_ANSWER,BIOLOGY,Identify all of the following three types of horizontal gene transfer that involve the exchange of DNA between two living organisms: 1) Transformation; 2) Transduction; 3) Conjugation.,Identify all of the following three types of horizontal gene transfer that involve the exchange of DNA between two living organisms: 1) Transformation; 2) Transduction; 3) Conjugation.,27,"""3 only""",[],SSB_2026
01d779d8e26112edff2690e6cd938be1e776f6dedf2cf2c91a34ce6339276371,ROUND ROBIN 4,2026,15,8,TOSSUP,SHORT_ANSWER,PHYSICS,The difference in potential between two points is equal to the negative integral of what quantity over a path connecting those two points?,The difference in potential between two points is equal to the negative integral of what quantity over a path connecting those two points?,23,"""Electric field""",[],SSB_2026
01d779d8e26112edff2690e6cd938be1e776f6dedf2cf2c91a34ce6339276371,ROUND ROBIN 4,2026,16,8,BONUS,SHORT_ANSWER,PHYSICS,"Patrick stretches a rubber band and notices that beyond a certain length, the rubber band becomes weaker and does not return to the original length. What is the term for this type of permanent deformation of materials?","Patrick stretches a rubber band and notices that beyond a certain length, the rubber band becomes weaker and does not return to the original length. What is the term for this type of permanent deformation of materials?",37,"""Plastic""",[],SSB_2026
01d779d8e26112edff2690e6cd938be1e776f6dedf2cf2c91a34ce6339276371,ROUND ROBIN 4,2026,17,9,TOSSUP,MULTIPLE_CHOICE,EARTH_SPACE,Which of the following best describes the B soil horizon?,Which of the following best describes the B soil horizon?,10,"""Y""","[""It is primarily composed of organic matter"", ""It has the highest biological activity out of all soil horizons"", ""It is rich in minerals leached from the topsoil"", ""It is composed of unweathered parent rock""]",SSB_2026
01d779d8e26112edff2690e6cd938be1e776f6dedf2cf2c91a34ce6339276371,ROUND ROBIN 4,2026,18,9,BONUS,MULTIPLE_CHOICE,EARTH_SPACE,Which of the following best describes the expected trend in overall weathering rate over time for a mechanical weathering process on a bulk rock?,Which of the following best describes the expected trend in overall weathering rate over time for a mechanical weathering process on a bulk rock?,24,"""Y""","[""Linearly increasing"", ""Linearly decreasing"", ""Exponentially increasing"", ""Constant rate""]",SSB_2026
01d779d8e26112edff2690e6cd938be1e776f6dedf2cf2c91a34ce6339276371,ROUND ROBIN 4,2026,19,10,TOSSUP,MULTIPLE_CHOICE,CHEMISTRY,"Akshath adds silver nitrate to his tea and notices that it changes from green to blue. If he analyses his tea with spectroscopy, which of the following statements would likely be true?","Akshath adds silver nitrate to his tea and notices that it changes from green to blue. If he analyses his tea with spectroscopy, which of the following statements would likely be true?",32,"""W""","[""The peak absorption wavelength increases"", ""The peak absorption wavelength decreases"", ""The peak emission wavelength increases"", ""The peak emission wavelength decreases""]",SSB_2026
01d779d8e26112edff2690e6cd938be1e776f6dedf2cf2c91a34ce6339276371,ROUND ROBIN 4,2026,20,10,BONUS,SHORT_ANSWER,CHEMISTRY,Order the following three materials by increasing band gap size: 1) Germanium; 2) Silicon; 3) Diamond.,Order the following three materials by increasing band gap size: 1) Germanium; 2) Silicon; 3) Diamond.,16,"""1, 2, 3""",[],SSB_2026
01d779d8e26112edff2690e6cd938be1e776f6dedf2cf2c91a34ce6339276371,ROUND ROBIN 4,2026,21,11,TOSSUP,SHORT_ANSWER,MATH,"Selena has two rooms. One room has three good bunnies and two bad bunnies, and the other room has one good bunny and four bad bunnies. If she randomly and uniformly picks a room and a bunny from that room, what is the probability that she picks a bad bunny?","Selena has two rooms. One room has three good bunnies and two bad bunnies, and the other room has one good bunny and four bad bunnies. If she randomly and uniformly picks a room and a bunny from that room, what is the probability that she picks a bad bunny?",50,"""3/5""",[],SSB_2026
01d779d8e26112edff2690e6cd938be1e776f6dedf2cf2c91a34ce6339276371,ROUND ROBIN 4,2026,22,11,BONUS,MULTIPLE_CHOICE,MATH,The derivative of $\sin (x) \cos (x)$ is equivalent to which of the following trigonometric functions?,The derivative of is equivalent to which of the following trigonometric functions?,12,"""Z""","[""$\\sin (x)$"", ""$\\cos (x)$"", ""$\\sin (2x)$"", ""$\\cos (2x)$""]",SSB_2026
01d779d8e26112edff2690e6cd938be1e776f6dedf2cf2c91a34ce6339276371,ROUND ROBIN 4,2026,23,12,TOSSUP,MULTIPLE_CHOICE,ENERGY,"Scientists at UCLA's VAST Lab are studying the optimization of big data compression. In least-squares optimization, what term describes the relationship between the residual vector and the column space, for which the dot product is zero?","Scientists at UCLA's VAST Lab are studying the optimization of big data compression. In least-squares optimization, what term describes the relationship between the residual vector and the column space, for which the dot product is zero?",36,"""X""","[""Perpendicular"", ""Orthogonal"", ""Linearly dependent"", ""Parallel""]",SSB_2026
01d779d8e26112edff2690e6cd938be1e776f6dedf2cf2c91a34ce6339276371,ROUND ROBIN 4,2026,24,12,BONUS,MULTIPLE_CHOICE,ENERGY,Scientists at UCLA's Belongie Lab are studying how machines recognize visual patterns in supervised learning. What process is demonstrated when a computer correctly identifies an unseen handwritten digit by using information learned from similar examples in the same dataset?,Scientists at UCLA's Belongie Lab are studying how machines recognize visual patterns in supervised learning. What process is demonstrated when a computer correctly identifies an unseen handwritten digit by using information learned from similar examples in the same dataset?,39,"""X""","[""Extrapolation"", ""Interpolation"", ""Random sampling"", ""Quantization""]",SSB_2026
01d779d8e26112edff2690e6cd938be1e776f6dedf2cf2c91a34ce6339276371,ROUND ROBIN 4,2026,25,13,TOSSUP,MULTIPLE_CHOICE,BIOLOGY,Aditya is observing a cell in which exocytosis rate is much greater than the rate of endocytosis. Which of the following organelles would experience the least reduction in the size of its membrane?,Aditya is observing a cell in which exocytosis rate is much greater than the rate of endocytosis. Which of the following organelles would experience the least reduction in the size of its membrane?,33,"""W""","[""Mitochondria"", ""Endoplasmic reticulum"", ""Golgi apparatus"", ""Endosome""]",SSB_2026
01d779d8e26112edff2690e6cd938be1e776f6dedf2cf2c91a34ce6339276371,ROUND ROBIN 4,2026,26,13,BONUS,SHORT_ANSWER,BIOLOGY,Identify all of the following three features that are shared between all chordates \textbf{[KOR-dates]}: 1) Presence of a vertebrae; 2) Development of the blastopore into the anus; 3) Bilateral body symmetry.,Identify all of the following three features that are shared between all chordates : 1) Presence of a vertebrae; 2) Development of the blastopore into the anus; 3) Bilateral body symmetry.,31,"""2 and 3""",[],SSB_2026
01d779d8e26112edff2690e6cd938be1e776f6dedf2cf2c91a34ce6339276371,ROUND ROBIN 4,2026,27,14,TOSSUP,SHORT_ANSWER,PHYSICS,"Colin welds three steel rods into a triangle and places it upright, then balances a heavy weight on top of the top vertex. Identify all of the following three statements about this arrangement that are true: 1) The weight is in unstable equilibrium; 2) The bottom beam experiences tensile stress; 3) The side beams experience compressive stress.","Colin welds three steel rods into a triangle and places it upright, then balances a heavy weight on top of the top vertex. Identify all of the following three statements about this arrangement that are true: 1) The weight is in unstable equilibrium; 2) The bottom beam experiences tensile stress; 3) The side beams experience compressive stress.",57,"""1, 2, 3""",[],SSB_2026
01d779d8e26112edff2690e6cd938be1e776f6dedf2cf2c91a34ce6339276371,ROUND ROBIN 4,2026,28,14,BONUS,SHORT_ANSWER,PHYSICS,Baby Saja flies by the earth on a spaceship at a speed of $\frac{3}{5}$ times the speed of light relative to the Earth. What is the ratio of the Earth's radius he measures from the spaceship to the radius of the Earth measured by an observer stationary relative to the Earth?,Baby Saja flies by the earth on a spaceship at a speed of times the speed of light relative to the Earth. What is the ratio of the Earth's radius he measures from the spaceship to the radius of the Earth measured by an observer stationary relative to the Earth?,50,"""$\\frac{4}{5}$ (ACCEPT: 0.8, 4:5)""",[],SSB_2026
01d779d8e26112edff2690e6cd938be1e776f6dedf2cf2c91a34ce6339276371,ROUND ROBIN 4,2026,29,15,TOSSUP,SHORT_ANSWER,EARTH_SPACE,What type of star is defined as being above the Chandrasekhar \textbf{[chun-druh-SHEK-har]} limit but below the Tolman-Oppenheimer-Volkoff limit?,What type of star is defined as being above the Chandrasekhar limit but below the Tolman-Oppenheimer-Volkoff limit?,17,"""Neutron star""",[],SSB_2026
01d779d8e26112edff2690e6cd938be1e776f6dedf2cf2c91a34ce6339276371,ROUND ROBIN 4,2026,30,15,BONUS,SHORT_ANSWER,EARTH_SPACE,Order the following three stages of atoll \textbf{[uh-TOLL]} formation in chronological order:,Order the following three stages of atoll formation in chronological order:,11,"""2, 1, 3""",[],SSB_2026
01d779d8e26112edff2690e6cd938be1e776f6dedf2cf2c91a34ce6339276371,ROUND ROBIN 4,2026,31,16,TOSSUP,SHORT_ANSWER,CHEMISTRY,What component of an electrochemical cell typically allows for ion migration between the half-cells to maintain electrical neutrality and complete the circuit?,What component of an electrochemical cell typically allows for ion migration between the half-cells to maintain electrical neutrality and complete the circuit?,22,"""Salt bridge""",[],SSB_2026
01d779d8e26112edff2690e6cd938be1e776f6dedf2cf2c91a34ce6339276371,ROUND ROBIN 4,2026,32,16,BONUS,SHORT_ANSWER,CHEMISTRY,Identify all of the following three compounds that are interstitial \textbf{[in-tur-STICH-ul]} alloys: 1) Steel; 2) Brass; 3) Bronze.,Identify all of the following three compounds that are interstitial alloys: 1) Steel; 2) Brass; 3) Bronze.,17,"""1 ONLY""",[],SSB_2026
01d779d8e26112edff2690e6cd938be1e776f6dedf2cf2c91a34ce6339276371,ROUND ROBIN 4,2026,33,17,TOSSUP,SHORT_ANSWER,MATH,"What is the reciprocal of the sum of the reciprocals of 3, 4, and 6?","What is the reciprocal of the sum of the reciprocals of 3, 4, and 6?",15,"""4/3""",[],SSB_2026
01d779d8e26112edff2690e6cd938be1e776f6dedf2cf2c91a34ce6339276371,ROUND ROBIN 4,2026,34,17,BONUS,SHORT_ANSWER,MATH,Convert $167_8$ \textbf{[one six seven base 8]} to base 9.,Convert to base 9.,4,"""131""",[],SSB_2026
01d779d8e26112edff2690e6cd938be1e776f6dedf2cf2c91a34ce6339276371,ROUND ROBIN 4,2026,35,18,TOSSUP,MULTIPLE_CHOICE,ENERGY,Scientists at the Johns Hopkins Fridman Lab are studying how electric fields in neurons affect cytoskeletal structure. Which of the following statements about electric fields is NOT true?,Scientists at the Johns Hopkins Fridman Lab are studying how electric fields in neurons affect cytoskeletal structure. Which of the following statements about electric fields is NOT true?,28,"""Z""","[""Electric field lines point in the direction of decreasing electric potential"", ""Electric field lines cannot cross each other"", ""No work is done when a charge moves along an equipotential surface"", ""Equipotential surfaces are parallel to electric field lines""]",SSB_2026
01d779d8e26112edff2690e6cd938be1e776f6dedf2cf2c91a34ce6339276371,ROUND ROBIN 4,2026,36,18,BONUS,SHORT_ANSWER,ENERGY,Scientists at the Johns Hopkins Rabb Lab study the pathogenesis of kidney injury. Identify all of the following three functions that are primarily done by the kidney: 1) Regulation of water and electrolyte balance; 2) Filtration of blood to remove metabolic waste products; 3) Metabolism of drugs and toxins through enzymatic breakdown.,Scientists at the Johns Hopkins Rabb Lab study the pathogenesis of kidney injury. Identify all of the following three functions that are primarily done by the kidney: 1) Regulation of water and electrolyte balance; 2) Filtration of blood to remove metabolic waste products; 3) Metabolism of drugs and toxins through enzymatic breakdown.,52,"""1 and 2""",[],SSB_2026
01d779d8e26112edff2690e6cd938be1e776f6dedf2cf2c91a34ce6339276371,ROUND ROBIN 4,2026,37,19,TOSSUP,SHORT_ANSWER,BIOLOGY,A major food source for benthic species is the dead organic matter that sinks down from the productive surface waters of the photic zone. What is the name of this material?,A major food source for benthic species is the dead organic matter that sinks down from the productive surface waters of the photic zone. What is the name of this material?,31,"""Detritus (ACCEPT: Marine snow)""",[],SSB_2026
01d779d8e26112edff2690e6cd938be1e776f6dedf2cf2c91a34ce6339276371,ROUND ROBIN 4,2026,38,19,BONUS,MULTIPLE_CHOICE,BIOLOGY,The receptor to which of the following hormones would act as a transcription factor?,The receptor to which of the following hormones would act as a transcription factor?,14,"""W""","[""Testosterone"", ""Oxytocin \\textbf{[ox-ee-TOH-sin]}"", ""Growth hormone"", ""Prolactin""]",SSB_2026
01d779d8e26112edff2690e6cd938be1e776f6dedf2cf2c91a34ce6339276371,ROUND ROBIN 4,2026,39,20,TOSSUP,MULTIPLE_CHOICE,PHYSICS,A thin spherical shell of radius a contains a charge q. The electric field at a distance r greater than a is proportional to which of the following expressions?,A thin spherical shell of radius a contains a charge q. The electric field at a distance r greater than a is proportional to which of the following expressions?,29,"""X""","[""1/r^3"", ""1/r^2"", ""1/r"", ""A constant""]",SSB_2026
01d779d8e26112edff2690e6cd938be1e776f6dedf2cf2c91a34ce6339276371,ROUND ROBIN 4,2026,40,20,BONUS,SHORT_ANSWER,PHYSICS,Dallin intends to determine the focal length of a mirror he owns. He places an object 6 cm in front of the mirror and finds that the mirror image is located 6 cm behind the mirror. What is the focal length of his mirror in centimeters?,Dallin intends to determine the focal length of a mirror he owns. He places an object 6 cm in front of the mirror and finds that the mirror image is located 6 cm behind the mirror. What is the focal length of his mirror in centimeters?,46,"""3""",[],SSB_2026
01d779d8e26112edff2690e6cd938be1e776f6dedf2cf2c91a34ce6339276371,ROUND ROBIN 4,2026,41,21,TOSSUP,MULTIPLE_CHOICE,EARTH_SPACE,Which of the following types of coal has the lowest carbon content?,Which of the following types of coal has the lowest carbon content?,12,"""Z""","[""Anthracite"", ""Bituminous"", ""Sub-bituminous"", ""Lignite""]",SSB_2026
01d779d8e26112edff2690e6cd938be1e776f6dedf2cf2c91a34ce6339276371,ROUND ROBIN 4,2026,42,21,BONUS,SHORT_ANSWER,EARTH_SPACE,The First and Second Great Oxygenation Events were together responsible for as much as 80 percent of Earth's present-day atmospheric Oxygen concentration. These two events occured during which geologic eon?,The First and Second Great Oxygenation Events were together responsible for as much as 80 percent of Earth's present-day atmospheric Oxygen concentration. These two events occured during which geologic eon?,30,"""Proterozoic""",[],SSB_2026
01d779d8e26112edff2690e6cd938be1e776f6dedf2cf2c91a34ce6339276371,ROUND ROBIN 4,2026,43,22,TOSSUP,MULTIPLE_CHOICE,CHEMISTRY,Which of the following ionic compounds possesses the highest lattice energy?,Which of the following ionic compounds possesses the highest lattice energy?,11,"""Y""","[""NaCl"", ""KBr"", ""MgO"", ""CaO""]",SSB_2026
01d779d8e26112edff2690e6cd938be1e776f6dedf2cf2c91a34ce6339276371,ROUND ROBIN 4,2026,44,22,BONUS,SHORT_ANSWER,CHEMISTRY,Akshath prepares a 0.1 molar sodium hydroxide solution but realizes its concentration may differ slightly from the intended value. What technique should he use to determine the solution’s actual concentration by titrating it against a standard solution of known concentration?,Akshath prepares a 0.1 molar sodium hydroxide solution but realizes its concentration may differ slightly from the intended value. What technique should he use to determine the solution’s actual concentration by titrating it against a standard solution of known concentration?,40,"""Standardization""",[],SSB_2026
01d779d8e26112edff2690e6cd938be1e776f6dedf2cf2c91a34ce6339276371,ROUND ROBIN 4,2026,45,23,TOSSUP,SHORT_ANSWER,MATH,"In a room of 25 people, 20 people like cats and 12 people like dogs. Given that nobody in the room doesn't like cats or dogs, how many people like both cats and dogs?","In a room of 25 people, 20 people like cats and 12 people like dogs. Given that nobody in the room doesn't like cats or dogs, how many people like both cats and dogs?",34,"""7""",[],SSB_2026
01d779d8e26112edff2690e6cd938be1e776f6dedf2cf2c91a34ce6339276371,ROUND ROBIN 4,2026,46,23,BONUS,SHORT_ANSWER,MATH,Three unit semicircles are constructed with diameters that are the three sides of an equilateral triangle with side length 2. What is the total area of this shape?,Three unit semicircles are constructed with diameters that are the three sides of an equilateral triangle with side length 2. What is the total area of this shape?,28,"""$\\frac{3}[2} \\pi + \\sqrt{3}$""",[],SSB_2026
4e77344bcbe41764af50f95936b6a977c655d7001328d6239ae8ca62aece73e2,ROUND ROBIN 5,2026,1,1,TOSSUP,MULTIPLE_CHOICE,BIOLOGY,"Once threshold is reached in the axon hillock, which of the following ion channels would open to generate an action potential?","Once threshold is reached in the axon hillock, which of the following ion channels would open to generate an action potential?",21,"""Y""","[""Ligand-gated sodium channels"", ""Ligand-gated potassium channels"", ""Voltage-gated sodium channels"", ""Voltage-gated potassium channels""]",SSB_2026
4e77344bcbe41764af50f95936b6a977c655d7001328d6239ae8ca62aece73e2,ROUND ROBIN 5,2026,2,1,BONUS,MULTIPLE_CHOICE,BIOLOGY,Which of the following processes is least likely to duplicate a gene on a chromosome?,Which of the following processes is least likely to duplicate a gene on a chromosome?,15,"""W""","[""Chromosomal segment inversion"", ""Movement of transposable elements"", ""Uneven crossing over"", ""DNA repair of a double strand break""]",SSB_2026
4e77344bcbe41764af50f95936b6a977c655d7001328d6239ae8ca62aece73e2,ROUND ROBIN 5,2026,3,2,TOSSUP,MULTIPLE_CHOICE,PHYSICS,"A Positron Emission Tomography or PET scan, often used to monitor neurological function and cancer, relies upon the emission of positrons by a radioactive tracer within the body. Which of the following decay processes result in the emission of a positron?","A Positron Emission Tomography or PET scan, often used to monitor neurological function and cancer, relies upon the emission of positrons by a radioactive tracer within the body. Which of the following decay processes result in the emission of a positron?",41,"""X""","[""Alpha decay"", ""Beta plus decay"", ""Beta minus decay"", ""Gamma decay""]",SSB_2026
4e77344bcbe41764af50f95936b6a977c655d7001328d6239ae8ca62aece73e2,ROUND ROBIN 5,2026,4,2,BONUS,MULTIPLE_CHOICE,PHYSICS,"Which of the following is closest to the critical angle, in degrees, of a ray of light traveling into air from a material with index of refraction 3.0?","Which of the following is closest to the critical angle, in degrees, of a ray of light traveling into air from a material with index of refraction 3.0?",28,"""X""","[""10"", ""20"", ""30"", ""40""]",SSB_2026
4e77344bcbe41764af50f95936b6a977c655d7001328d6239ae8ca62aece73e2,ROUND ROBIN 5,2026,5,3,TOSSUP,SHORT_ANSWER,EARTH_SPACE,Identify all of the following three Lagrange points that are located approximately along the path of Earth's orbit: 1) L1; 2) L3; 3) L5.,Identify all of the following three Lagrange points that are located approximately along the path of Earth's orbit: 1) L1; 2) L3; 3) L5.,24,"""2 and 3""",[],SSB_2026
4e77344bcbe41764af50f95936b6a977c655d7001328d6239ae8ca62aece73e2,ROUND ROBIN 5,2026,6,3,BONUS,SHORT_ANSWER,EARTH_SPACE,Order the following three minerals in order of increasing complexity of their silica structure: 1) Quartz; 2) Mica; 3) Olivine.,Order the following three minerals in order of increasing complexity of their silica structure: 1) Quartz; 2) Mica; 3) Olivine.,20,"""3, 2, 1""",[],SSB_2026
4e77344bcbe41764af50f95936b6a977c655d7001328d6239ae8ca62aece73e2,ROUND ROBIN 5,2026,7,4,TOSSUP,SHORT_ANSWER,CHEMISTRY,"Although methanol can be made by partially oxidizing methane, this is not widely used industrially because methane readily undergoes complete oxidation into what two compounds?","Although methanol can be made by partially oxidizing methane, this is not widely used industrially because methane readily undergoes complete oxidation into what two compounds?",25,"""Water and carbon dioxide (H2O and CO2)""",[],SSB_2026
4e77344bcbe41764af50f95936b6a977c655d7001328d6239ae8ca62aece73e2,ROUND ROBIN 5,2026,8,4,BONUS,SHORT_ANSWER,CHEMISTRY,"Identify all of the following three statements that are true about the Daniell cell, an electrochemical cell with a zinc anode and copper cathode: 1) Zinc ions are oxidised at the anode; 2) Copper ions travel from the cathode to the anode; 3) Electrons flow from the anode to the cathode.","Identify all of the following three statements that are true about the Daniell cell, an electrochemical cell with a zinc anode and copper cathode: 1) Zinc ions are oxidised at the anode; 2) Copper ions travel from the cathode to the anode; 3) Electrons flow from the anode to the cathode.",51,"""1, 3""",[],SSB_2026
4e77344bcbe41764af50f95936b6a977c655d7001328d6239ae8ca62aece73e2,ROUND ROBIN 5,2026,9,5,TOSSUP,SHORT_ANSWER,MATH,What platonic solid has the largest interior angles on its faces?,What platonic solid has the largest interior angles on its faces?,11,"""Dodecahedron""",[],SSB_2026
4e77344bcbe41764af50f95936b6a977c655d7001328d6239ae8ca62aece73e2,ROUND ROBIN 5,2026,10,5,BONUS,SHORT_ANSWER,MATH,"Richard has an ice cream cone with a height that is twice its radius. He fills the cone completely with ice cream, and also adds a hemisphere above the cone with radius equal to that of the cone.  What fraction of the total ice cream is contained within the cone?","Richard has an ice cream cone with a height that is twice its radius. He fills the cone completely with ice cream, and also adds a hemisphere above the cone with radius equal to that of the cone. What fraction of the total ice cream is contained within the cone?",50,"""$\\frac{1}{2}$""",[],SSB_2026
4e77344bcbe41764af50f95936b6a977c655d7001328d6239ae8ca62aece73e2,ROUND ROBIN 5,2026,11,6,TOSSUP,SHORT_ANSWER,ENERGY,Researchers at SLAC are analyzing data from the South Pole Observatory to search for evidence in the cosmic microwave background of what epoch \textbf{[EH-pock]} in cosmological history thought to be responsible for the large-scale uniformity of the universe?,Researchers at SLAC are analyzing data from the South Pole Observatory to search for evidence in the cosmic microwave background of what epoch in cosmological history thought to be responsible for the large-scale uniformity of the universe?,37,"""Inflation""",[],SSB_2026
4e77344bcbe41764af50f95936b6a977c655d7001328d6239ae8ca62aece73e2,ROUND ROBIN 5,2026,12,6,BONUS,MULTIPLE_CHOICE,ENERGY,"Scientists at Stanford are studying methods to reduce electrical grid outages. After a complete blackout, a so-called ""black start"" must be performed in order to restore the power grid. Which of the following statements is true about black starts?","Scientists at Stanford are studying methods to reduce electrical grid outages. After a complete blackout, a so-called ""black start"" must be performed in order to restore the power grid. Which of the following statements is true about black starts?",39,"""Y""","[""Generators across multiple different regions are simultaneously started"", ""Large coal power plants are often designated as black start sources"", ""Different islands of generators must be phase-synchronized before connection"", ""Diesel and gas generators do not have sufficient voltage to start up the grid""]",SSB_2026
4e77344bcbe41764af50f95936b6a977c655d7001328d6239ae8ca62aece73e2,ROUND ROBIN 5,2026,13,7,TOSSUP,SHORT_ANSWER,BIOLOGY,"When a few individuals become isolated from a larger population, the smaller group may establish a new population whose gene pool differs from the source population. What term best describes this phenomenon?","When a few individuals become isolated from a larger population, the smaller group may establish a new population whose gene pool differs from the source population. What term best describes this phenomenon?",32,"""Founder effect""",[],SSB_2026
4e77344bcbe41764af50f95936b6a977c655d7001328d6239ae8ca62aece73e2,ROUND ROBIN 5,2026,14,7,BONUS,SHORT_ANSWER,BIOLOGY,Order the following three biomes from least to most likely to contain food chains that include quaternary consumers: 1) Northern coniferous forest; 2) Tropical rainforest; 3) Temperate broadleaf forest.,Order the following three biomes from least to most likely to contain food chains that include quaternary consumers: 1) Northern coniferous forest; 2) Tropical rainforest; 3) Temperate broadleaf forest.,29,"""1, 3, 2""",[],SSB_2026
4e77344bcbe41764af50f95936b6a977c655d7001328d6239ae8ca62aece73e2,ROUND ROBIN 5,2026,15,8,TOSSUP,SHORT_ANSWER,PHYSICS,The magnetic field within an ideal solenoid is proportional to distance from its central axis raised to what power?,The magnetic field within an ideal solenoid is proportional to distance from its central axis raised to what power?,19,"""0""",[],SSB_2026
4e77344bcbe41764af50f95936b6a977c655d7001328d6239ae8ca62aece73e2,ROUND ROBIN 5,2026,16,8,BONUS,SHORT_ANSWER,PHYSICS,"A ladder with a weight of 50 newtons leans at a 45 degree angle against a frictionless wall. In newtons, how much force does the wall apply to the ladder to keep it stationary?","A ladder with a weight of 50 newtons leans at a 45 degree angle against a frictionless wall. In newtons, how much force does the wall apply to the ladder to keep it stationary?",34,"""25""",[],SSB_2026
4e77344bcbe41764af50f95936b6a977c655d7001328d6239ae8ca62aece73e2,ROUND ROBIN 5,2026,17,9,TOSSUP,MULTIPLE_CHOICE,EARTH_SPACE,Which of the following crystal systems does muscovite belong to at STP?,Which of the following crystal systems does muscovite belong to at STP?,12,"""Y""","[""Hexagonal"", ""Trigonal"", ""Monoclinic"", ""Triclinic""]",SSB_2026
4e77344bcbe41764af50f95936b6a977c655d7001328d6239ae8ca62aece73e2,ROUND ROBIN 5,2026,18,9,BONUS,MULTIPLE_CHOICE,EARTH_SPACE,"Despite the lunar near side and far side having experienced similar rates of large meteor impacts, extensive basaltic floods are observed almost exclusively on the near side. Which of the following could explain this asymmetry?","Despite the lunar near side and far side having experienced similar rates of large meteor impacts, extensive basaltic floods are observed almost exclusively on the near side. Which of the following could explain this asymmetry?",35,"""X""","[""The near side contains a higher abundance of impact-generated melt"", ""The far side has thicker crust, suppressing magma ascent to the surface"", ""The near side has experienced more recent tidal heating"", ""The far side cooled more rapidly following lunar formation""]",SSB_2026
4e77344bcbe41764af50f95936b6a977c655d7001328d6239ae8ca62aece73e2,ROUND ROBIN 5,2026,19,10,TOSSUP,MULTIPLE_CHOICE,CHEMISTRY,Which of the following best explains why electron shielding remains relatively constant across a period?,Which of the following best explains why electron shielding remains relatively constant across a period?,15,"""W""","[""Electrons are added to the same principal energy level across a period"", ""Protons are added to the nucleus, increasing effective nuclear charge"", ""Atomic radius decreases from left to right"", ""The number of valence electrons increases across a period""]",SSB_2026
4e77344bcbe41764af50f95936b6a977c655d7001328d6239ae8ca62aece73e2,ROUND ROBIN 5,2026,20,10,BONUS,SHORT_ANSWER,CHEMISTRY,Advai needs 1.1 grams of potassium chloride to prepare 100 milliliters of a 0.15 molar solution. How many grams of potassium chloride does he need to prepare 250 milliliters of a 0.3 molar solution?,Advai needs 1.1 grams of potassium chloride to prepare 100 milliliters of a 0.15 molar solution. How many grams of potassium chloride does he need to prepare 250 milliliters of a 0.3 molar solution?,34,"""5.5""",[],SSB_2026
4e77344bcbe41764af50f95936b6a977c655d7001328d6239ae8ca62aece73e2,ROUND ROBIN 5,2026,21,11,TOSSUP,MULTIPLE_CHOICE,MATH,"Let f(x) be a continuous function on the closed interval from 6 to 7. If $\int_6^7 f(x) dx = 5$ \textbf{[the integral from 6 to 7 of f of x dx equals 5]}, then which of the following is equal to $\int_6^7 f(x + 2) dx$ \textbf{[the integral from 6 to 7 of f of the quantity x plus 2 dx]}?","Let f(x) be a continuous function on the closed interval from 6 to 7. If , then which of the following is equal to ?",25,"""Z""","[""3"", ""5"", ""7"", ""Impossible to determine""]",SSB_2026
4e77344bcbe41764af50f95936b6a977c655d7001328d6239ae8ca62aece73e2,ROUND ROBIN 5,2026,22,11,BONUS,SHORT_ANSWER,MATH,Identify all of the following 3 transformations that are always linear: 1) Translation; 2) Shear; 3) Dilation.,Identify all of the following 3 transformations that are always linear: 1) Translation; 2) Shear; 3) Dilation.,17,"""2 and 3""",[],SSB_2026
4e77344bcbe41764af50f95936b6a977c655d7001328d6239ae8ca62aece73e2,ROUND ROBIN 5,2026,23,12,TOSSUP,MULTIPLE_CHOICE,ENERGY,Scientists at UCLA's medical school are studying patient outcomes in drug trials. They model whether each patient is cured or not after treatment as a sequence of independent experiments with two possible outcomes. Which of the following probability distributions does this best describe?,Scientists at UCLA's medical school are studying patient outcomes in drug trials. They model whether each patient is cured or not after treatment as a sequence of independent experiments with two possible outcomes. Which of the following probability distributions does this best describe?,43,"""W""","[""Binomial"", ""Bernoulli \\textbf{[bur-NOOL-ee]}"", ""Geometric"", ""Poisson""]",SSB_2026
4e77344bcbe41764af50f95936b6a977c655d7001328d6239ae8ca62aece73e2,ROUND ROBIN 5,2026,24,12,BONUS,SHORT_ANSWER,ENERGY,"Researchers at UCLA are attempting to determine the taxonomy of the extinct genus Prototaxites \textbf{[proh-toh-TAX-uh-tees]}, which is known to be a heterotroph with cell walls containing no chitin, growing in tall tubular structures. Identify all of the following 3 conclusions that can be correctly drawn from its traits: 1) It cannot be an animal because no animals have cell walls; 2) It cannot be a fungus because all fungi contain chitin; 3) It cannot be a plant because no plants are heterotrophs.","Researchers at UCLA are attempting to determine the taxonomy of the extinct genus Prototaxites , which is known to be a heterotroph with cell walls containing no chitin, growing in tall tubular structures. Identify all of the following 3 conclusions that can be correctly drawn from its traits: 1) It cannot be an animal because no animals have cell walls; 2) It cannot be a fungus because all fungi contain chitin; 3) It cannot be a plant because no plants are heterotrophs.",82,"""1 and 2""",[],SSB_2026
4e77344bcbe41764af50f95936b6a977c655d7001328d6239ae8ca62aece73e2,ROUND ROBIN 5,2026,25,13,TOSSUP,SHORT_ANSWER,BIOLOGY,What simplified model of flower development explains how combinatory effects from three classes of genes determine the identities of floral organs in concentric whorls?,What simplified model of flower development explains how combinatory effects from three classes of genes determine the identities of floral organs in concentric whorls?,24,"""ABC hypothesis""",[],SSB_2026
4e77344bcbe41764af50f95936b6a977c655d7001328d6239ae8ca62aece73e2,ROUND ROBIN 5,2026,26,13,BONUS,MULTIPLE_CHOICE,BIOLOGY,"During oxidative phosphorylation \textbf{[fos-for-uh-LAY-shin]}, molecular oxygen is reduced to form water. Which of the following best describes this process?","During oxidative phosphorylation , molecular oxygen is reduced to form water. Which of the following best describes this process?",19,"""Y""","[""Oxygen is reduced by Complex III in the mitochondrial matrix"", ""Oxygen is reduced by Complex III in the intermembrane space"", ""Oxygen is reduced by Complex IV in the mitochondrial matrix"", ""Oxygen is reduced by Complex IV in the intermembrane space""]",SSB_2026
4e77344bcbe41764af50f95936b6a977c655d7001328d6239ae8ca62aece73e2,ROUND ROBIN 5,2026,27,14,TOSSUP,SHORT_ANSWER,PHYSICS,A car accelerates at a constant speed for 10 seconds. What is the ratio of the impulse applied over the first 5 seconds to the impulse applied over the last 5 seconds?,A car accelerates at a constant speed for 10 seconds. What is the ratio of the impulse applied over the first 5 seconds to the impulse applied over the last 5 seconds?,32,"""1""",[],SSB_2026
4e77344bcbe41764af50f95936b6a977c655d7001328d6239ae8ca62aece73e2,ROUND ROBIN 5,2026,28,14,BONUS,SHORT_ANSWER,PHYSICS,A new Formula 1 car's battery applies a constant force to speed up its wheels. Identify all of the following three statements that are true of the wheel: 1) The torque acting on it is constant; 2) Its angular acceleration is constant; 3) Its kinetic energy increases at a constant rate.,A new Formula 1 car's battery applies a constant force to speed up its wheels. Identify all of the following three statements that are true of the wheel: 1) The torque acting on it is constant; 2) Its angular acceleration is constant; 3) Its kinetic energy increases at a constant rate.,51,"""1 and 2""",[],SSB_2026
4e77344bcbe41764af50f95936b6a977c655d7001328d6239ae8ca62aece73e2,ROUND ROBIN 5,2026,29,15,TOSSUP,SHORT_ANSWER,EARTH_SPACE,Identify all of the following three trends that can be attributed to the Hadley cell circulation: 1) High thunderstorm activity at the equator; 2) Presence of deserts at 30 degrees latitude; 3) Presence of temperate rainforests at 60 degrees latitude.,Identify all of the following three trends that can be attributed to the Hadley cell circulation: 1) High thunderstorm activity at the equator; 2) Presence of deserts at 30 degrees latitude; 3) Presence of temperate rainforests at 60 degrees latitude.,40,"""1 and 2""",[],SSB_2026
4e77344bcbe41764af50f95936b6a977c655d7001328d6239ae8ca62aece73e2,ROUND ROBIN 5,2026,30,15,BONUS,MULTIPLE_CHOICE,EARTH_SPACE,Which of the following oceanic basins contains the oldest oceanic crust?,Which of the following oceanic basins contains the oldest oceanic crust?,11,"""X""","[""Pacific Ocean"", ""Mediterranean Sea"", ""Red Sea"", ""Atlantic Ocean""]",SSB_2026
4e77344bcbe41764af50f95936b6a977c655d7001328d6239ae8ca62aece73e2,ROUND ROBIN 5,2026,31,16,TOSSUP,MULTIPLE_CHOICE,CHEMISTRY,"As a fraction, what is the average bond order of the carbon-oxygen bond in the carbonate ion?","As a fraction, what is the average bond order of the carbon-oxygen bond in the carbonate ion?",17,"""Y""","[""1/3"", ""1/2"", ""4/3"", ""3/2""]",SSB_2026
4e77344bcbe41764af50f95936b6a977c655d7001328d6239ae8ca62aece73e2,ROUND ROBIN 5,2026,32,16,BONUS,MULTIPLE_CHOICE,CHEMISTRY,A system undergoes a reversible process which does 0 work and its internal energy increases. Which of the following types of processes could this be?,A system undergoes a reversible process which does 0 work and its internal energy increases. Which of the following types of processes could this be?,25,"""W""","[""Isochoric \\textbf{[eye-soh-KOR-ik]} heating"", ""Isobaric heating"", ""Adiabatic \\textbf{[ay-dee-uh-BAT-ik]} compression"", ""Isothermal compression""]",SSB_2026
4e77344bcbe41764af50f95936b6a977c655d7001328d6239ae8ca62aece73e2,ROUND ROBIN 5,2026,33,17,TOSSUP,SHORT_ANSWER,MATH,"In the Cartesian plane, a parabola opening upwards contains points in n quadrants. How many possible values of n are there?","In the Cartesian plane, a parabola opening upwards contains points in n quadrants. How many possible values of n are there?",21,"""3""",[],SSB_2026
4e77344bcbe41764af50f95936b6a977c655d7001328d6239ae8ca62aece73e2,ROUND ROBIN 5,2026,34,17,BONUS,SHORT_ANSWER,MATH,"Stelle has a square table of side length 5, and she places a circular plate of diameter 3 onto the table uniformly and randomly. What is the probability that the entirety of the plate lies on the table?","Stelle has a square table of side length 5, and she places a circular plate of diameter 3 onto the table uniformly and randomly. What is the probability that the entirety of the plate lies on the table?",38,"""4/25""",[],SSB_2026
4e77344bcbe41764af50f95936b6a977c655d7001328d6239ae8ca62aece73e2,ROUND ROBIN 5,2026,35,18,TOSSUP,SHORT_ANSWER,ENERGY,Scientists at the Johns Hopkins Salzberg Lab are using computational tools to discover novel transcripts produced from genes. What process during gene expression allows a single gene to generate multiple different mRNA transcripts?,Scientists at the Johns Hopkins Salzberg Lab are using computational tools to discover novel transcripts produced from genes. What process during gene expression allows a single gene to generate multiple different mRNA transcripts?,33,"""Alternative splicing""",[],SSB_2026
4e77344bcbe41764af50f95936b6a977c655d7001328d6239ae8ca62aece73e2,ROUND ROBIN 5,2026,36,18,BONUS,SHORT_ANSWER,ENERGY,Scientists at the Johns Hopkins Lectka Lab are studying how metal ion chelation can control chemical reactivity by selectively stabilizing transition states. Identify all of the following molecules whose central metal ion is a transition metal: 1) Chlorophyll; 2) Heme; 3) Vitamin B12.,Scientists at the Johns Hopkins Lectka Lab are studying how metal ion chelation can control chemical reactivity by selectively stabilizing transition states. Identify all of the following molecules whose central metal ion is a transition metal: 1) Chlorophyll; 2) Heme; 3) Vitamin B12.,43,"""2 and 3""",[],SSB_2026
4e77344bcbe41764af50f95936b6a977c655d7001328d6239ae8ca62aece73e2,ROUND ROBIN 5,2026,37,19,TOSSUP,SHORT_ANSWER,BIOLOGY,Order the following three stages of PCR by increasing temperature at which they are typically perfomed: 1) Denaturation; 2) Annealing \textbf{[uh-NEEL-ing]}; 3) Extension.,Order the following three stages of PCR by increasing temperature at which they are typically perfomed: 1) Denaturation; 2) Annealing ; 3) Extension.,23,"""2, 3, 1""",[],SSB_2026
4e77344bcbe41764af50f95936b6a977c655d7001328d6239ae8ca62aece73e2,ROUND ROBIN 5,2026,38,19,BONUS,MULTIPLE_CHOICE,BIOLOGY,CRISPR \textbf{[CRIS-pur]} therapies for sickle cell anemia modifies stem cells from which of the following locations in the body?,CRISPR therapies for sickle cell anemia modifies stem cells from which of the following locations in the body?,18,"""X""","[""Thymus"", ""Bone marrow"", ""Liver"", ""Heart""]",SSB_2026
4e77344bcbe41764af50f95936b6a977c655d7001328d6239ae8ca62aece73e2,ROUND ROBIN 5,2026,39,20,TOSSUP,SHORT_ANSWER,PHYSICS,A quantum bit or qubit within a quantum computer encodes more information than a classical bit by virtue of having what quantum mechanical property that allows it to have probabilities to exist in multiple states at the same time before measurement?,A quantum bit or qubit within a quantum computer encodes more information than a classical bit by virtue of having what quantum mechanical property that allows it to have probabilities to exist in multiple states at the same time before measurement?,41,"""Superposition (ACCEPT: Any answer containing superposition)""",[],SSB_2026
4e77344bcbe41764af50f95936b6a977c655d7001328d6239ae8ca62aece73e2,ROUND ROBIN 5,2026,40,20,BONUS,SHORT_ANSWER,PHYSICS,"Two capacitors of capacitance 3 microfarads \textbf{[my-kroh-FAIR-ids]} and 6 microfarads are placed in series. In microfarads, what is the effective capacitance of the two capacitors together?","Two capacitors of capacitance 3 microfarads and 6 microfarads are placed in series. In microfarads, what is the effective capacitance of the two capacitors together?",25,"""2""",[],SSB_2026
4e77344bcbe41764af50f95936b6a977c655d7001328d6239ae8ca62aece73e2,ROUND ROBIN 5,2026,41,21,TOSSUP,SHORT_ANSWER,EARTH_SPACE,Identify all of the following three features that can be found in most flood basalt deposits: 1) Folded strata; 2) Pillow lavas; 3) Columnar jointing.,Identify all of the following three features that can be found in most flood basalt deposits: 1) Folded strata; 2) Pillow lavas; 3) Columnar jointing.,25,"""3 only""",[],SSB_2026
4e77344bcbe41764af50f95936b6a977c655d7001328d6239ae8ca62aece73e2,ROUND ROBIN 5,2026,42,21,BONUS,SHORT_ANSWER,EARTH_SPACE,Mature anvil clouds exhibit flat tops due to rising air currents hitting what atmospheric boundary?,Mature anvil clouds exhibit flat tops due to rising air currents hitting what atmospheric boundary?,15,"""Tropopause""",[],SSB_2026
4e77344bcbe41764af50f95936b6a977c655d7001328d6239ae8ca62aece73e2,ROUND ROBIN 5,2026,43,22,TOSSUP,MULTIPLE_CHOICE,CHEMISTRY,"For a second-order reaction, which of the best represents the units of the rate constant k?","For a second-order reaction, which of the best represents the units of the rate constant k?",16,"""Y""","[""One over seconds"", ""Moles per liter per second"", ""Liters per mole per second"", ""Liters squared per mole squared per second""]",SSB_2026
4e77344bcbe41764af50f95936b6a977c655d7001328d6239ae8ca62aece73e2,ROUND ROBIN 5,2026,44,22,BONUS,SHORT_ANSWER,CHEMISTRY,Identify all of the following 3 compounds whose central atom obeys the octet rule: 1) Boron trihydride; 2) Phosphorus pentachloride; 3) Carbon tetrachloride.,Identify all of the following 3 compounds whose central atom obeys the octet rule: 1) Boron trihydride; 2) Phosphorus pentachloride; 3) Carbon tetrachloride.,23,"""3 only""",[],SSB_2026
4e77344bcbe41764af50f95936b6a977c655d7001328d6239ae8ca62aece73e2,ROUND ROBIN 5,2026,45,23,TOSSUP,SHORT_ANSWER,MATH,"Jensen wakes up and opens up Instagram Reels. He keeps scrolling until he sees an edit of LeBron James. Assuming each reel has an equal chance of being a LeBron edit, what statistical distribution will the number of scrolls follow?","Jensen wakes up and opens up Instagram Reels. He keeps scrolling until he sees an edit of LeBron James. Assuming each reel has an equal chance of being a LeBron edit, what statistical distribution will the number of scrolls follow?",40,"""Geometric""",[],SSB_2026
4e77344bcbe41764af50f95936b6a977c655d7001328d6239ae8ca62aece73e2,ROUND ROBIN 5,2026,46,23,BONUS,SHORT_ANSWER,MATH,How many positive integers from 1 to 100 are divisible by either 3 or 7?,How many positive integers from 1 to 100 are divisible by either 3 or 7?,15,"""43""",[],SSB_2026
90027ac92c55995b778fd5005cfa17881869e6c4a2b8db622883e3151460b509,Round 1,2025,1,1,TOSSUP,MULTIPLE_CHOICE,EARTH_SPACE,The Alps in northern Italy are an example of which of the following types of tectonic boundaries?,The Alps in northern Italy are an example of which of the following types of tectonic boundaries?,17,"""W""","[""Continental-continental convergence"", ""Continental-oceanic convergence"", ""Oceanic-oceanic convergence"", ""Continental-continental divergence""]",MIT_2025
90027ac92c55995b778fd5005cfa17881869e6c4a2b8db622883e3151460b509,Round 1,2025,2,1,BONUS,IDENTIFY_ALL,EARTH_SPACE,Identify all of the following three landmarks that are usually glacial in origin,Identify all of the following three landmarks that are usually glacial in origin,13,[1],"[""Kettle lake"", ""Intermittent stream"", ""Submarine valley""]",MIT_2025
90027ac92c55995b778fd5005cfa17881869e6c4a2b8db622883e3151460b509,Round 1,2025,3,2,TOSSUP,MULTIPLE_CHOICE,CHEMISTRY,Which of the following compounds violates the octet rule?,Which of the following compounds violates the octet rule?,9,"""W""","[""Sulfur tetrafluoride"", ""Ozone"", ""Dinitrogen tetroxide"", ""Phosphorus trichloride""]",MIT_2025
90027ac92c55995b778fd5005cfa17881869e6c4a2b8db622883e3151460b509,Round 1,2025,4,2,BONUS,MULTIPLE_CHOICE,CHEMISTRY,Which of the following inorganic acids has the highest pKa?,Which of the following inorganic acids has the highest pKa?,10,"""X""","[""Sulfuric acid"", ""Hydrofluoric acid"", ""Perchloric acid"", ""Nitric acid""]",MIT_2025
90027ac92c55995b778fd5005cfa17881869e6c4a2b8db622883e3151460b509,Round 1,2025,5,3,TOSSUP,SHORT_ANSWER,BIOLOGY,Tay-Sachs disease is caused by a 4 base pair insertion into the hexosaminidase (read: hex-oh-sah-MIN-ee-days) A gene. This 4 base pair insertion is an example of what type of mutation?,Tay-Sachs disease is caused by a 4 base pair insertion into the hexosaminidase (read: hex-oh-sah-MIN-ee-days) A gene. This 4 base pair insertion is an example of what type of mutation?,30,"""FRAMESHIFT MUTATION""",[],MIT_2025
90027ac92c55995b778fd5005cfa17881869e6c4a2b8db622883e3151460b509,Round 1,2025,6,3,BONUS,MULTIPLE_CHOICE,BIOLOGY,"In 2007, scientists successfully induced the differentiation of a fibroblast into a stem cell. These induced stem cells have which of the following potencies?","In 2007, scientists successfully induced the differentiation of a fibroblast into a stem cell. These induced stem cells have which of the following potencies?",24,"""Z""","[""Totipotent"", ""Unipotent"", ""Multipotent"", ""Pluripotent""]",MIT_2025
90027ac92c55995b778fd5005cfa17881869e6c4a2b8db622883e3151460b509,Round 1,2025,7,4,TOSSUP,SHORT_ANSWER,MATH,Half of 1616 (read: the quantity 16 to the power of 16) can be expressed as 2 raised to what power?,Half of 1616 (read: the quantity 16 to the power of 16) can be expressed as 2 raised to what power?,21,"""63""",[],MIT_2025
90027ac92c55995b778fd5005cfa17881869e6c4a2b8db622883e3151460b509,Round 1,2025,8,4,BONUS,SHORT_ANSWER,MATH,"Juliet is on a ship at 0 degrees East, 60 degrees North. She sails along the 60 degree latitude line to reach Romeo at 45 degrees West, 60 degrees North. If the Earth's circumference is 40,000 kilometers, how many kilometers does Juliet travel?","Juliet is on a ship at 0 degrees East, 60 degrees North. She sails along the 60 degree latitude line to reach Romeo at 45 degrees West, 60 degrees North. If the Earth's circumference is 40,000 kilometers, how many kilometers does Juliet travel?",43,"""2500""",[],MIT_2025
90027ac92c55995b778fd5005cfa17881869e6c4a2b8db622883e3151460b509,Round 1,2025,9,5,TOSSUP,SHORT_ANSWER,ENERGY,"MIT Researchers at the Whitehead institute are studying daily torpor, which is a state of dormancy marked by a significant drop in body temperature, low metabolic activity, and reduced food intake. In addition to daily torpor, animals living in harsh winter conditions often undergo what type of prolonged torpor?","MIT Researchers at the Whitehead institute are studying daily torpor, which is a state of dormancy marked by a significant drop in body temperature, low metabolic activity, and reduced food intake. In addition to daily torpor, animals living in harsh winter conditions often undergo what type of prolonged torpor?",49,"""HIBERNATION""",[],MIT_2025
90027ac92c55995b778fd5005cfa17881869e6c4a2b8db622883e3151460b509,Round 1,2025,10,5,BONUS,SHORT_ANSWER,ENERGY,Researchers in the Ovchinnikov (read: ov-CHIN-ee-kov) Group developed a heuristic to efficiently search for high-scoring phylogenetic trees. What principle is used to score phylogenetic trees by the total number of character-state changes?,Researchers in the Ovchinnikov (read: ov-CHIN-ee-kov) Group developed a heuristic to efficiently search for high-scoring phylogenetic trees. What principle is used to score phylogenetic trees by the total number of character-state changes?,32,"""PRINCIPLE OF MAXIMUM PARSIMONY (ACCEPT: MAXIMUM PARSIMONY, PARSIMONY, OCCAM'S RAZOR)""",[],MIT_2025
90027ac92c55995b778fd5005cfa17881869e6c4a2b8db622883e3151460b509,Round 1,2025,11,6,TOSSUP,MULTIPLE_CHOICE,PHYSICS,"Which of the following gives the magnitude and direction, respectively, of the net acceleration experienced by an object falling to the ground at its terminal velocity?","Which of the following gives the magnitude and direction, respectively, of the net acceleration experienced by an object falling to the ground at its terminal velocity?",26,"""Y""","[""g downward"", ""g/2 downward"", ""0"", ""g upward""]",MIT_2025
90027ac92c55995b778fd5005cfa17881869e6c4a2b8db622883e3151460b509,Round 1,2025,12,6,BONUS,SHORT_ANSWER,PHYSICS,"Josh places a 10-gram wooden block at rest on his desk, then applies a constant force of 10 millinewtons to the block along the desk's surface. If the coefficients of static and kinetic friction between the block and desk are 0.6 and 0.05, respectively, what is the acceleration of the block in meters per second squared?","Josh places a 10-gram wooden block at rest on his desk, then applies a constant force of 10 millinewtons to the block along the desk's surface. If the coefficients of static and kinetic friction between the block and desk are 0.6 and 0.05, respectively, what is the acceleration of the block in meters per second squared?",56,"""0""",[],MIT_2025
90027ac92c55995b778fd5005cfa17881869e6c4a2b8db622883e3151460b509,Round 1,2025,13,7,TOSSUP,IDENTIFY_ALL,EARTH_SPACE,Identify all of the following three characteristics of meandering streams that typically increase as one moves downstream,Identify all of the following three characteristics of meandering streams that typically increase as one moves downstream,17,[1],"[""Capacity"", ""Competence"", ""Gradient""]",MIT_2025
90027ac92c55995b778fd5005cfa17881869e6c4a2b8db622883e3151460b509,Round 1,2025,14,7,BONUS,MULTIPLE_CHOICE,EARTH_SPACE,"Which of the following quadrants of a Northern Hemisphere hurricane, relative to its direction of motion, experiences the strongest storm surge?","Which of the following quadrants of a Northern Hemisphere hurricane, relative to its direction of motion, experiences the strongest storm surge?",21,"""X""","[""Left front"", ""Right front"", ""Left rear"", ""Right rear""]",MIT_2025
90027ac92c55995b778fd5005cfa17881869e6c4a2b8db622883e3151460b509,Round 1,2025,15,8,TOSSUP,SHORT_ANSWER,MATH,Ricky rolls a fair six-sided die and sees an even number. What is the expected value of the number Ricky saw?,Ricky rolls a fair six-sided die and sees an even number. What is the expected value of the number Ricky saw?,21,"""4""",[],MIT_2025
90027ac92c55995b778fd5005cfa17881869e6c4a2b8db622883e3151460b509,Round 1,2025,16,8,BONUS,SHORT_ANSWER,MATH,"A cheeseburger has 2 slices of bread and 1 patty, and is 300 calories. A Big Mac has 3 slices of bread and 2 patties, and is 560 calories. How many calories does one slice of bread have?","A cheeseburger has 2 slices of bread and 1 patty, and is 300 calories. A Big Mac has 3 slices of bread and 2 patties, and is 560 calories. How many calories does one slice of bread have?",38,"""40""",[],MIT_2025
90027ac92c55995b778fd5005cfa17881869e6c4a2b8db622883e3151460b509,Round 1,2025,17,9,TOSSUP,SHORT_ANSWER,BIOLOGY,Foolish rice seedling disease is characterized by rice plants growing so tall that they topple over before they can mature. This disease is associated with the hypersecretion of which plant hormone?,Foolish rice seedling disease is characterized by rice plants growing so tall that they topple over before they can mature. This disease is associated with the hypersecretion of which plant hormone?,31,"""GIBBERELLINS""",[],MIT_2025
90027ac92c55995b778fd5005cfa17881869e6c4a2b8db622883e3151460b509,Round 1,2025,18,9,BONUS,MULTIPLE_CHOICE,BIOLOGY,"The Allee (read: ah-LEE) effect states that at smaller population sizes, per capita population growth slows. Which of the following is NOT a valid explanation for the Allee effect?","The Allee (read: ah-LEE) effect states that at smaller population sizes, per capita population growth slows. Which of the following is NOT a valid explanation for the Allee effect?",29,"""Z""","[""At smaller population sizes, organisms are more vulnerable to predator attack"", ""At smaller population sizes, populations are more likely to experience strong genetic drift"", ""At smaller population sizes, organisms have a harder time finding mates"", ""At smaller population sizes, disease spreads more rapidly""]",MIT_2025
90027ac92c55995b778fd5005cfa17881869e6c4a2b8db622883e3151460b509,Round 1,2025,19,10,TOSSUP,SHORT_ANSWER,ENERGY,"Researchers in the Kulik Group computationally studied the enzyme methane monooxygenase, which catalyzes the transformation of methane to what simple alcohol?","Researchers in the Kulik Group computationally studied the enzyme methane monooxygenase, which catalyzes the transformation of methane to what simple alcohol?",21,"""METHANOL""",[],MIT_2025
90027ac92c55995b778fd5005cfa17881869e6c4a2b8db622883e3151460b509,Round 1,2025,20,10,BONUS,MULTIPLE_CHOICE,ENERGY,Researchers in the Van der Hilst Group are using seismic imaging to study the Mohorovicic (read: MOH-he-ROH-vih-chitch) discontinuity. Where is the Mohorovicic discontinuity located?,Researchers in the Van der Hilst Group are using seismic imaging to study the Mohorovicic (read: MOH-he-ROH-vih-chitch) discontinuity. Where is the Mohorovicic discontinuity located?,24,"""X""","[""Between the upper and lower crust"", ""Between the lower crust and upper mantle"", ""Between the upper and lower mantle"", ""Between the lower mantle and outer core""]",MIT_2025
90027ac92c55995b778fd5005cfa17881869e6c4a2b8db622883e3151460b509,Round 1,2025,21,11,TOSSUP,SHORT_ANSWER,CHEMISTRY,"A 0.40 molar solution of hydrochloric acid is used to titrate 25 milliliters of 0.16 molar sodium hydroxide. In milliliters, how much hydrochloric acid is required to reach the equivalence point?","A 0.40 molar solution of hydrochloric acid is used to titrate 25 milliliters of 0.16 molar sodium hydroxide. In milliliters, how much hydrochloric acid is required to reach the equivalence point?",31,"""10""",[],MIT_2025
90027ac92c55995b778fd5005cfa17881869e6c4a2b8db622883e3151460b509,Round 1,2025,22,11,BONUS,SHORT_ANSWER,CHEMISTRY,"How many sigma and pi bonds, respectively, are found in the highest contributing resonance form of SOF4?","How many sigma and pi bonds, respectively, are found in the highest contributing resonance form of SOF4?",17,"""5 SIGMA, 1 PI (ACCEPT: 5 AND 1, DO NOT ACCEPT: 1 AND 5)""",[],MIT_2025
90027ac92c55995b778fd5005cfa17881869e6c4a2b8db622883e3151460b509,Round 1,2025,23,12,TOSSUP,MULTIPLE_CHOICE,PHYSICS,"In optics, the angle of incidence is always equal to which of the following angles?","In optics, the angle of incidence is always equal to which of the following angles?",15,"""X""","[""Angle of refraction"", ""Angle of reflection"", ""Critical angle"", ""Brewster's angle""]",MIT_2025
90027ac92c55995b778fd5005cfa17881869e6c4a2b8db622883e3151460b509,Round 1,2025,24,12,BONUS,SHORT_ANSWER,PHYSICS,"A satellite is orbiting the Earth at 12,800 kilometers above the Earth's surface. If the radius of the Earth is 6,400 kilometers, then to two significant figures and in meters per second squared, what is the gravitational acceleration experienced by the satellite due to the Earth?","A satellite is orbiting the Earth at 12,800 kilometers above the Earth's surface. If the radius of the Earth is 6,400 kilometers, then to two significant figures and in meters per second squared, what is the gravitational acceleration experienced by the satellite due to the Earth?",46,"""1.1""",[],MIT_2025
90027ac92c55995b778fd5005cfa17881869e6c4a2b8db622883e3151460b509,Round 1,2025,25,13,TOSSUP,SHORT_ANSWER,ENERGY,"Physicists from the Kavli Institute studied the Hubble tension, which is the disparity between measurements of the universe's current rate of expansion. What is the proposed source for the accelerating expansion of the universe?","Physicists from the Kavli Institute studied the Hubble tension, which is the disparity between measurements of the universe's current rate of expansion. What is the proposed source for the accelerating expansion of the universe?",34,"""DARK ENERGY (DO NOT ACCEPT: DARK MATTER)""",[],MIT_2025
90027ac92c55995b778fd5005cfa17881869e6c4a2b8db622883e3151460b509,Round 1,2025,26,13,BONUS,SHORT_ANSWER,ENERGY,"Physicists at the Plasma Science and Fusion Center are studying tritium breeding, which produces tritium by bombarding lithium-7 with a neutron. This reaction splits the resulting lithium-8 nucleus into tritium, a neutron, and what other nuclide?","Physicists at the Plasma Science and Fusion Center are studying tritium breeding, which produces tritium by bombarding lithium-7 with a neutron. This reaction splits the resulting lithium-8 nucleus into tritium, a neutron, and what other nuclide?",36,"""HELIUM-4 (ACCEPT: ALPHA PARTICLE)""",[],MIT_2025
90027ac92c55995b778fd5005cfa17881869e6c4a2b8db622883e3151460b509,Round 1,2025,27,14,TOSSUP,SHORT_ANSWER,PHYSICS,"A 10-gram billiard ball traveling at 10 meters per second collides perfectly inelastically with a 500 gram wooden block at rest on a flat pool table. In kilogram-meters per second, what is the momentum of the ball-block system after the collision?","A 10-gram billiard ball traveling at 10 meters per second collides perfectly inelastically with a 500 gram wooden block at rest on a flat pool table. In kilogram-meters per second, what is the momentum of the ball-block system after the collision?",41,"""0.1""",[],MIT_2025
90027ac92c55995b778fd5005cfa17881869e6c4a2b8db622883e3151460b509,Round 1,2025,28,14,BONUS,IDENTIFY_ALL,PHYSICS,Identify all of the following three systems that generate a magnetic field,Identify all of the following three systems that generate a magnetic field,12,[3],"[""Point charge at rest in zero external electric field"", ""Point charge at rest in a nonzero external electric field"", ""Point charge moving in a line with constant speed in zero external electric field""]",MIT_2025
90027ac92c55995b778fd5005cfa17881869e6c4a2b8db622883e3151460b509,Round 1,2025,29,15,TOSSUP,IDENTIFY_ALL,MATH,Identify all of the following three theorems that always apply to the absolute value function on any closed interval,Identify all of the following three theorems that always apply to the absolute value function on any closed interval,19,"[1, 3]","[""Intermediate value theorem"", ""Mean value theorem"", ""Extreme value theorem""]",MIT_2025
90027ac92c55995b778fd5005cfa17881869e6c4a2b8db622883e3151460b509,Round 1,2025,30,15,BONUS,SHORT_ANSWER,MATH,"Eric has an 8 ounce cup of bubble tea that is currently 50% ice by volume. If Eric drinks the bubble tea until it is 80% ice by volume, and no ice melts, how many ounces of bubble tea did he drink?","Eric has an 8 ounce cup of bubble tea that is currently 50% ice by volume. If Eric drinks the bubble tea until it is 80% ice by volume, and no ice melts, how many ounces of bubble tea did he drink?",42,"""3""",[],MIT_2025
90027ac92c55995b778fd5005cfa17881869e6c4a2b8db622883e3151460b509,Round 1,2025,31,16,TOSSUP,MULTIPLE_CHOICE,CHEMISTRY,Which of the following properties of a liquid increases when a non-volatile solute is added to form a dilute solution?,Which of the following properties of a liquid increases when a non-volatile solute is added to form a dilute solution?,20,"""Z""","[""Vapor pressure"", ""Surface tension"", ""Freezing point"", ""Boiling point""]",MIT_2025
90027ac92c55995b778fd5005cfa17881869e6c4a2b8db622883e3151460b509,Round 1,2025,32,16,BONUS,MULTIPLE_CHOICE,CHEMISTRY,"The first, second, and third ionization energies of an element are 500, 950, and 3500 kilojoules per mole, respectively. Which of the following is the most likely identity of the element?","The first, second, and third ionization energies of an element are 500, 950, and 3500 kilojoules per mole, respectively. Which of the following is the most likely identity of the element?",31,"""Y""","[""Tellurium"", ""Antimony"", ""Barium"", ""Cesium""]",MIT_2025
90027ac92c55995b778fd5005cfa17881869e6c4a2b8db622883e3151460b509,Round 1,2025,33,17,TOSSUP,MULTIPLE_CHOICE,BIOLOGY,Moths circle around lights due to an innate response that causes them to orient themselves such that light sources are behind them. This kind of movement is a general example of which of the following phenomena?,Moths circle around lights due to an innate response that causes them to orient themselves such that light sources are behind them. This kind of movement is a general example of which of the following phenomena?,36,"""X""","[""Kinesis (read: Kine-EE-sis)"", ""Taxis (read: Tax-iss)"", ""Tropism (read: Trope-ism)"", ""Mimicry""]",MIT_2025
90027ac92c55995b778fd5005cfa17881869e6c4a2b8db622883e3151460b509,Round 1,2025,34,17,BONUS,RANK,BIOLOGY,Order the following three steps of cellular respiration in chrono- logical order starting from glucose,Order the following three steps of cellular respiration in chrono- logical order starting from glucose,15,"[1, 3, 2]","[""Glucose phosphorylation (read: FOS-four-ill-AY-shun)"", ""Cytochrome c reduction"", ""Citrate formation""]",MIT_2025
90027ac92c55995b778fd5005cfa17881869e6c4a2b8db622883e3151460b509,Round 1,2025,35,18,TOSSUP,MULTIPLE_CHOICE,EARTH_SPACE,A star with which of the following solar masses would have the longest lifespan?,A star with which of the following solar masses would have the longest lifespan?,14,"""Z""","[""100"", ""10"", ""1"", ""0.1""]",MIT_2025
90027ac92c55995b778fd5005cfa17881869e6c4a2b8db622883e3151460b509,Round 1,2025,36,18,BONUS,MULTIPLE_CHOICE,EARTH_SPACE,Which of the following terms describes a galaxy with a densely populated halo and prominent dust rings forming a disk?,Which of the following terms describes a galaxy with a densely populated halo and prominent dust rings forming a disk?,20,"""W""","[""Lenticular"", ""Spiral"", ""Irregular"", ""Elliptical""]",MIT_2025
90027ac92c55995b778fd5005cfa17881869e6c4a2b8db622883e3151460b509,Round 1,2025,37,19,TOSSUP,MULTIPLE_CHOICE,ENERGY,Researchers at CSAIL's Julia Lab improved an upper-bound on the Gaussian elimination algorithm. Which of the following tasks could Gaussian elimination directly perform?,Researchers at CSAIL's Julia Lab improved an upper-bound on the Gaussian elimination algorithm. Which of the following tasks could Gaussian elimination directly perform?,23,"""X""","[""Removing blurring from image"", ""Solving system of linear equations"", ""Optimizing real-valued function"", ""Finding roots to higher-order polynomials""]",MIT_2025
90027ac92c55995b778fd5005cfa17881869e6c4a2b8db622883e3151460b509,Round 1,2025,38,19,BONUS,MULTIPLE_CHOICE,ENERGY,"Researchers in the Aouad Group studied stochastic processes where independent events occur at a constant mean rate. For these processes, the number of occurrences in a fixed time interval follows what family of probability distributions?","Researchers in the Aouad Group studied stochastic processes where independent events occur at a constant mean rate. For these processes, the number of occurrences in a fixed time interval follows what family of probability distributions?",35,"""Y""","[""Normal"", ""Exponential"", ""Poisson (read: pwa-saun)"", ""Gamma""]",MIT_2025
90027ac92c55995b778fd5005cfa17881869e6c4a2b8db622883e3151460b509,Round 1,2025,39,20,TOSSUP,MULTIPLE_CHOICE,MATH,"A class of 48 people takes a 50-point exam. When grading the exams, the professor accidentally adds an extra three 0s at the end of someone's score. Which of the following measures for the class's grades will have the smallest change in magnitude?","A class of 48 people takes a 50-point exam. When grading the exams, the professor accidentally adds an extra three 0s at the end of someone's score. Which of the following measures for the class's grades will have the smallest change in magnitude?",43,"""X""","[""Mean"", ""Median"", ""Range"", ""Variance""]",MIT_2025
90027ac92c55995b778fd5005cfa17881869e6c4a2b8db622883e3151460b509,Round 1,2025,40,20,BONUS,SHORT_ANSWER,MATH,A regular hexagon has side lengths of 2 meters. What is the ratio between the length from the midpoint of a side to the center and a vertex to the center?,A regular hexagon has side lengths of 2 meters. What is the ratio between the length from the midpoint of a side to the center and a vertex to the center?,31,"""sqrt(3)/2""",[],MIT_2025
90027ac92c55995b778fd5005cfa17881869e6c4a2b8db622883e3151460b509,Round 1,2025,41,21,TOSSUP,SHORT_ANSWER,PHYSICS,Claire observes the conversion of a high energy photon near an atomic nucleus to an electron and a positron. This is an example of what process?,Claire observes the conversion of a high energy photon near an atomic nucleus to an electron and a positron. This is an example of what process?,26,"""PAIR PRODUCTION""",[],MIT_2025
90027ac92c55995b778fd5005cfa17881869e6c4a2b8db622883e3151460b509,Round 1,2025,42,21,BONUS,SHORT_ANSWER,PHYSICS,"A particle's acceleration in meters per second squared is given by the equation a(t) = 12 t^2 (read: a of t equals twelve times t squared), where t is the time passed in seconds. If the particle's velocity at t = 0 is 1 meter per second, then in meters per second, what is the particle's velocity at t = 2?","A particle's acceleration in meters per second squared is given by the equation a(t) = 12 t^2 (read: a of t equals twelve times t squared), where t is the time passed in seconds. If the particle's velocity at t = 0 is 1 meter per second, then in meters per second, what is the particle's velocity at t = 2?",61,"""33""",[],MIT_2025
90027ac92c55995b778fd5005cfa17881869e6c4a2b8db622883e3151460b509,Round 1,2025,43,22,TOSSUP,SHORT_ANSWER,BIOLOGY,"The Wolff-Chaikoff (read: Wolf-chai-cough) effect is caused by high levels of what essential trace element, used in a thyroid hormone that increases basal metabolic rate secreted from the thyroid?","The Wolff-Chaikoff (read: Wolf-chai-cough) effect is caused by high levels of what essential trace element, used in a thyroid hormone that increases basal metabolic rate secreted from the thyroid?",29,"""IODINE""",[],MIT_2025
90027ac92c55995b778fd5005cfa17881869e6c4a2b8db622883e3151460b509,Round 1,2025,44,22,BONUS,IDENTIFY_ALL,BIOLOGY,"Identify all of the following three organs, that if removed, would cause a significant reduction in protein absorption in humans","Identify all of the following three organs, that if removed, would cause a significant reduction in protein absorption in humans",20,"[1, 3]","[""Pancreas"", ""Submandibular (read: sub-MAN-dib-you-lar) salivary gland"", ""Small intestine""]",MIT_2025
90027ac92c55995b778fd5005cfa17881869e6c4a2b8db622883e3151460b509,Round 1,2025,45,23,TOSSUP,MULTIPLE_CHOICE,CHEMISTRY,"When added in trace amounts to pure silicon, which of the following elements would create a p-type semiconductor?","When added in trace amounts to pure silicon, which of the following elements would create a p-type semiconductor?",18,"""Z""","[""Germanium"", ""Phosphorus"", ""Antimony"", ""Gallium""]",MIT_2025
90027ac92c55995b778fd5005cfa17881869e6c4a2b8db622883e3151460b509,Round 1,2025,46,23,BONUS,MULTIPLE_CHOICE,CHEMISTRY,"Yunyi is studying the solubility of calcium carbonate in aqueous solution, and observes his sample's solubility decreases as temperature increases. Which of the following best explains Yunyi's observation?","Yunyi is studying the solubility of calcium carbonate in aqueous solution, and observes his sample's solubility decreases as temperature increases. Which of the following best explains Yunyi's observation?",28,"""X""","[""Dissolving calcium carbonate is endothermic"", ""Dissolving calcium carbonate is exothermic"", ""Dissolving calcium carbonate increase the solution's entropy"", ""Dissolving calcium carbonate decreases the solution's entropy""]",MIT_2025
90027ac92c55995b778fd5005cfa17881869e6c4a2b8db622883e3151460b509,Round 1,2025,47,24,TOSSUP,MULTIPLE_CHOICE,EARTH_SPACE,"Although Mercury orbits the sun quickly, we only observe Mercury transiting the sun once about every seven years. Which of the following considerations explains this pattern?","Although Mercury orbits the sun quickly, we only observe Mercury transiting the sun once about every seven years. Which of the following considerations explains this pattern?",26,"""Z""","[""Mercury's orbit is highly eccentric"", ""Mercury's orbital precession is rapid"", ""Mercury's transits can only be observed when Mercury is near its aphelion"", ""Mercury's orbit is tilted relative to the ecliptic""]",MIT_2025
90027ac92c55995b778fd5005cfa17881869e6c4a2b8db622883e3151460b509,Round 1,2025,48,24,BONUS,SHORT_ANSWER,EARTH_SPACE,"In a contact binary, the two stars' respective envelopes meet at which Lagrange point?","In a contact binary, the two stars' respective envelopes meet at which Lagrange point?",14,"""L1 (ACCEPT: LAGRANGE POINT 1)""",[],MIT_2025
90027ac92c55995b778fd5005cfa17881869e6c4a2b8db622883e3151460b509,Round 1,2025,49,25,TOSSUP,SHORT_ANSWER,CHEMISTRY,How many electrons are transferred per manganese atom in the redox reaction between potassium permanganate and iron (II) chloride in acidic solution?,How many electrons are transferred per manganese atom in the redox reaction between potassium permanganate and iron (II) chloride in acidic solution?,22,"""5""",[],MIT_2025
90027ac92c55995b778fd5005cfa17881869e6c4a2b8db622883e3151460b509,Round 1,2025,50,25,BONUS,MULTIPLE_CHOICE,CHEMISTRY,Which of the following acids could not be safely stored using glass containers?,Which of the following acids could not be safely stored using glass containers?,13,"""W""","[""Fluoroantimonic (read: floor-oh-anti-monic) acid"", ""Sulfuric acid"", ""Hydrochloric acid"", ""Trichloroacetic (read: Tri-chloro-as-ee-tic) acid""]",MIT_2025
